timestamp,open,high,low,close,volume,trade_count,vwap
2026-05-15 10:25:00+00:00,741.89,741.97,741.09,741.21,4551.0,194.0,741.485882
2026-05-15 10:30:00+00:00,741.18,741.68,741.18,741.63,10574.0,219.0,741.421569
2026-05-15 10:35:00+00:00,741.65,741.759,741.04,741.04,18745.0,267.0,741.253863
2026-05-15 10:40:00+00:00,741.01,741.44,740.82,741.44,9867.0,266.0,741.013237
2026-05-15 10:45:00+00:00,741.57,742.5,741.57,742.0,22405.0,575.0,742.076436
2026-05-15 10:50:00+00:00,742.06,742.95,742.06,742.4779,19352.0,515.0,742.598666
2026-05-15 10:55:00+00:00,742.4773,742.71,742.2,742.31,10698.0,291.0,742.416844
2026-05-15 11:00:00+00:00,742.32,742.71,741.88,741.88,60285.0,1068.0,742.296689
2026-05-15 11:05:00+00:00,741.83,742.0988,741.58,741.7,26797.0,618.0,741.794518
2026-05-15 11:10:00+00:00,741.7,742.05,741.58,742.04,39467.0,667.0,741.74293
2026-05-15 11:15:00+00:00,742.03,742.25,741.87,742.06,13503.0,470.0,742.026079
2026-05-15 11:20:00+00:00,742.0994,742.36,741.66,741.68,16625.0,384.0,741.886189
2026-05-15 11:25:00+00:00,741.68,741.92,741.5665,741.7999,8840.0,251.0,741.714152
2026-05-15 11:30:00+00:00,741.76,741.91,741.26,741.3,57869.0,551.0,741.693912
2026-05-15 11:35:00+00:00,741.32,741.55,741.18,741.21,16807.0,394.0,741.335024
2026-05-15 11:40:00+00:00,741.2,741.23,740.83,740.83,11545.0,405.0,740.991165
2026-05-15 11:45:00+00:00,740.82,741.36,740.82,741.29,34325.0,358.0,741.074613
2026-05-15 11:50:00+00:00,741.16,741.66,741.15,741.35,51886.0,524.0,741.447685
2026-05-15 11:55:00+00:00,741.35,741.36,740.46,740.46,136930.0,1423.0,740.937034
2026-05-15 12:00:00+00:00,740.46,740.61,740.11,740.25,30685.0,621.0,740.290283
2026-05-15 12:05:00+00:00,740.25,740.37,739.77,740.1,34457.0,922.0,740.060375
2026-05-15 12:10:00+00:00,740.0316,740.29,739.13,739.13,92917.0,1560.0,739.747504
2026-05-15 12:15:00+00:00,739.13,739.6981,739.01,739.64,84290.0,1237.0,739.366764
2026-05-15 12:20:00+00:00,739.64,740.4,739.64,739.9,52508.0,679.0,740.265449
2026-05-15 12:25:00+00:00,739.9,739.94,739.51,739.7,26098.0,527.0,739.683721
2026-05-15 12:30:00+00:00,739.68,739.7268,739.03,739.4,32600.0,907.0,739.345637
2026-05-15 12:35:00+00:00,739.3,739.39,738.88,739.08,64134.0,1115.0,739.072697
2026-05-15 12:40:00+00:00,739.1,739.6,739.1,739.1,13880.0,597.0,739.325871
2026-05-15 12:45:00+00:00,739.05,739.26,739.01,739.12,39370.0,663.0,739.150887
2026-05-15 12:50:00+00:00,739.16,739.75,739.12,739.71,67036.0,1003.0,739.562517
2026-05-15 12:55:00+00:00,739.71,739.94,739.62,739.65,26492.0,606.0,739.793205
2026-05-15 13:00:00+00:00,739.6299,739.7,739.15,739.6,18013.0,650.0,739.400203
2026-05-15 13:05:00+00:00,739.61,739.7684,739.47,739.56,23312.0,729.0,739.633497
2026-05-15 13:10:00+00:00,739.64,739.81,739.45,739.78,38157.0,703.0,739.647304
2026-05-15 13:15:00+00:00,739.81,740.3,739.61,740.14,108446.0,1300.0,739.908977
2026-05-15 13:20:00+00:00,740.2,740.5,740.18,740.5,42419.0,864.0,740.373301
2026-05-15 13:25:00+00:00,740.56,741.85,740.56,741.8,207499.0,2504.0,741.231533
2026-05-15 13:30:00+00:00,741.8,741.99,739.31,740.17,1749645.0,25839.0,740.669489
2026-05-15 13:35:00+00:00,740.17,740.21,739.06,739.16,939523.0,15799.0,739.602066
2026-05-15 13:40:00+00:00,739.16,740.0999,738.62,738.66,769107.0,13505.0,739.372908
2026-05-15 13:45:00+00:00,738.66,739.675,737.96,739.65,1052624.0,16293.0,738.639512
2026-05-15 13:50:00+00:00,739.65,740.7,738.825,740.435,738458.0,13269.0,739.702789
2026-05-15 13:55:00+00:00,740.45,741.0,738.99,739.17,976527.0,14783.0,740.071968
2026-05-15 14:00:00+00:00,739.15,740.06,738.97,739.4,555599.0,10141.0,739.44527
2026-05-15 14:05:00+00:00,739.38,740.1,739.17,739.69,948389.0,9374.0,739.65813
2026-05-15 14:10:00+00:00,739.72,741.15,739.55,741.12,569417.0,12010.0,740.414114
2026-05-15 14:15:00+00:00,741.12,742.19,740.79,741.99,616726.0,12694.0,741.646561
2026-05-15 14:20:00+00:00,742.01,742.68,741.845,741.885,673082.0,12785.0,742.359162
2026-05-15 14:25:00+00:00,741.87,741.95,740.82,741.13,1608691.0,11036.0,741.374209
2026-05-15 14:30:00+00:00,741.15,742.12,741.06,742.09,452473.0,9577.0,741.584617
2026-05-15 14:35:00+00:00,742.1,742.28,741.56,741.89,365577.0,9007.0,742.029011
2026-05-15 14:40:00+00:00,741.865,742.23,741.66,742.05,436711.0,8189.0,741.998207
2026-05-15 14:45:00+00:00,742.05,742.13,740.87,741.105,456306.0,9210.0,741.276582
2026-05-15 14:50:00+00:00,741.14,741.49,740.37,741.4401,494176.0,9890.0,740.791297
2026-05-15 14:55:00+00:00,741.45,741.7,740.875,740.97,342905.0,7909.0,741.313335
2026-05-15 15:00:00+00:00,740.98,741.47,740.38,740.785,338044.0,8754.0,740.876709
2026-05-15 15:05:00+00:00,740.79,741.335,740.14,741.32,336886.0,8781.0,740.552169
2026-05-15 15:10:00+00:00,741.36,741.42,740.53,740.9,756595.0,7095.0,740.991982
2026-05-15 15:15:00+00:00,740.88,741.37,740.73,741.25,421579.0,6219.0,741.093035
2026-05-15 15:20:00+00:00,741.28,741.7801,741.16,741.26,287938.0,7153.0,741.514479
2026-05-15 15:25:00+00:00,741.285,741.45,740.78,741.22,300600.0,7557.0,741.069929
2026-05-15 15:30:00+00:00,741.26,741.95,741.25,741.36,353476.0,7860.0,741.642185
2026-05-15 15:35:00+00:00,741.33,741.89,741.04,741.07,378873.0,8004.0,741.46163
2026-05-15 15:40:00+00:00,741.04,741.31,739.87,740.138,429840.0,9112.0,740.617157
2026-05-15 15:45:00+00:00,740.14,740.38,739.76,739.91,354773.0,7262.0,740.116349
2026-05-15 15:50:00+00:00,739.88,739.9,739.3,739.54,365773.0,8454.0,739.580275
2026-05-15 15:55:00+00:00,739.48,740.37,739.11,740.2799,438090.0,9030.0,739.807979
2026-05-15 16:00:00+00:00,740.29,740.65,739.81,739.98,436388.0,11291.0,740.298043
2026-05-15 16:05:00+00:00,739.95,740.45,739.69,740.36,189382.0,6325.0,740.047721
2026-05-15 16:10:00+00:00,740.37,740.44,739.7225,740.42,218848.0,6074.0,740.07499
2026-05-15 16:15:00+00:00,740.41,740.41,739.855,740.28,195302.0,5479.0,740.137105
2026-05-15 16:20:00+00:00,740.3,741.23,740.21,741.14,250144.0,5411.0,740.776271
2026-05-15 16:25:00+00:00,741.15,741.37,740.87,741.31,4658488.0,5938.0,741.172912
2026-05-15 16:30:00+00:00,741.32,741.47,741.03,741.41,526804.0,4834.0,741.330416
2026-05-15 16:35:00+00:00,741.41,741.44,741.06,741.315,176196.0,4735.0,741.222923
2026-05-15 16:40:00+00:00,741.36,741.5991,741.05,741.56,202066.0,5174.0,741.315499
2026-05-15 16:45:00+00:00,741.57,741.7,741.33,741.36,191110.0,5124.0,741.532982
2026-05-15 16:50:00+00:00,741.36,741.6,740.265,740.38,254355.0,6102.0,740.930516
2026-05-15 16:55:00+00:00,740.38,741.14,740.36,740.96,222177.0,4642.0,740.858933
2026-05-15 17:00:00+00:00,740.975,741.1791,740.685,741.11,166802.0,4574.0,740.971952
2026-05-15 17:05:00+00:00,741.0699,741.67,740.98,741.57,164281.0,4478.0,741.421421
2026-05-15 17:10:00+00:00,741.56,741.75,741.445,741.66,162235.0,4378.0,741.621568
2026-05-15 17:15:00+00:00,741.66,741.78,741.26,741.78,187252.0,4761.0,741.478683
2026-05-15 17:20:00+00:00,741.78,742.5,741.69,742.49,431874.0,7668.0,742.006558
2026-05-15 17:25:00+00:00,742.48,742.95,742.48,742.5228,308485.0,6376.0,742.70179
2026-05-15 17:30:00+00:00,742.54,742.88,742.46,742.82,450613.0,7995.0,742.693351
2026-05-15 17:35:00+00:00,742.83,742.87,742.36,742.63,375609.0,7270.0,742.6391
2026-05-15 17:40:00+00:00,742.65,742.7,742.06,742.43,281529.0,5865.0,742.346304
2026-05-15 17:45:00+00:00,742.44,742.625,742.245,742.33,209901.0,5452.0,742.432209
2026-05-15 17:50:00+00:00,742.33,742.73,742.32,742.6784,211477.0,13409.0,742.592923
2026-05-15 17:55:00+00:00,742.675,743.0,742.52,742.96,341533.0,5784.0,742.757301
2026-05-15 18:00:00+00:00,742.97,743.24,742.96,743.11,475336.0,8389.0,743.136121
2026-05-15 18:05:00+00:00,743.11,743.46,742.92,743.03,465573.0,8352.0,743.21779
2026-05-15 18:10:00+00:00,743.02,743.17,742.9,743.009,296005.0,5818.0,743.051918
2026-05-15 18:15:00+00:00,743.0,743.05,741.59,741.78,583028.0,9481.0,742.163624
2026-05-15 18:20:00+00:00,741.74,742.651,741.67,742.23,279953.0,6091.0,742.161206
2026-05-15 18:25:00+00:00,742.22,742.41,741.51,741.71,423956.0,7537.0,741.96153
2026-05-15 18:30:00+00:00,741.72,741.815,740.45,740.84,411902.0,7442.0,741.002361
2026-05-15 18:35:00+00:00,740.87,741.5,740.82,741.4899,448200.0,6441.0,741.234404
2026-05-15 18:40:00+00:00,741.46,741.47,740.92,741.385,214917.0,5105.0,741.215253
2026-05-15 18:45:00+00:00,741.38,741.44,740.905,741.2499,184862.0,4785.0,741.150145
2026-05-15 18:50:00+00:00,741.23,741.73,741.07,741.67,274518.0,6148.0,741.423115
2026-05-15 18:55:00+00:00,741.67,741.87,741.23,741.64,305565.0,6733.0,741.579493
2026-05-15 19:00:00+00:00,741.635,741.75,740.84,740.8709,335630.0,6454.0,741.245136
2026-05-15 19:05:00+00:00,740.88,741.08,740.57,740.7098,310559.0,6504.0,740.836008
2026-05-15 19:10:00+00:00,740.7242,740.7242,740.29,740.58,363559.0,6438.0,740.51498
2026-05-15 19:15:00+00:00,740.6,740.68,740.06,740.45,391549.0,7137.0,740.433644
2026-05-15 19:20:00+00:00,740.46,740.75,740.2,740.205,549232.0,7369.0,740.454129
2026-05-15 19:25:00+00:00,740.2,740.36,740.11,740.16,1408815.0,6478.0,740.217607
2026-05-15 19:30:00+00:00,740.14,740.66,740.11,740.34,410018.0,7358.0,740.360278
2026-05-15 19:35:00+00:00,740.36,740.75,740.07,740.67,499829.0,7107.0,740.5314
2026-05-15 19:40:00+00:00,740.66,740.82,739.94,740.04,733473.0,11554.0,740.452828
2026-05-15 19:45:00+00:00,740.03,740.43,739.81,740.24,1138797.0,15772.0,740.126518
2026-05-15 19:50:00+00:00,740.24,740.24,738.81,738.94,2258271.0,26180.0,739.536754
2026-05-15 19:55:00+00:00,738.94,739.31,738.54,739.09,6708591.0,40578.0,738.999977
2026-05-15 20:00:00+00:00,739.12,739.17,737.42,737.96,3316125.0,3220.0,738.99302
2026-05-15 20:05:00+00:00,737.9342,739.17,737.2,737.25,1875969.0,1866.0,737.497356
2026-05-15 20:10:00+00:00,737.26,738.4,736.88,737.76,1743875.0,5048.0,737.700229
2026-05-15 20:15:00+00:00,737.82,738.13,737.52,737.7,230339.0,904.0,737.805954
2026-05-15 20:20:00+00:00,737.7,737.7,737.19,737.32,412238.0,542.0,737.372605
2026-05-15 20:25:00+00:00,737.33,737.74,737.12,737.73,291630.0,640.0,737.345928
2026-05-15 20:30:00+00:00,737.7,737.9,737.59,737.8,548641.0,810.0,737.734101
2026-05-15 20:35:00+00:00,737.72,737.87,737.67,737.7309,29009.0,371.0,737.764425
2026-05-15 20:40:00+00:00,737.75,737.75,737.5088,737.61,437481.0,303.0,737.640541
2026-05-15 20:45:00+00:00,737.59,737.84,737.48,737.65,17061.0,309.0,737.650487
2026-05-15 20:50:00+00:00,737.66,737.73,737.63,737.72,9738.0,170.0,737.681853
2026-05-15 20:55:00+00:00,737.72,738.8649,737.45,737.71,102072.0,513.0,738.105084
2026-05-15 21:00:00+00:00,737.85,737.99,737.66,737.99,139389.0,250.0,737.872419
2026-05-15 21:05:00+00:00,737.94,737.99,737.67,737.9599,8130.0,143.0,737.973657
2026-05-15 21:10:00+00:00,737.9392,737.96,737.8,737.9,74841.0,143.0,737.94357
2026-05-15 21:15:00+00:00,737.9,737.91,737.82,737.87,1108.0,74.0,737.878578
2026-05-15 21:20:00+00:00,737.85,737.89,737.85,737.88,4611.0,132.0,737.883283
2026-05-15 21:25:00+00:00,737.87,737.91,737.75,737.86,3948.0,134.0,737.87514
2026-05-15 21:30:00+00:00,737.77,737.83,737.61,737.83,4203.0,110.0,737.698351
2026-05-15 21:35:00+00:00,737.7894,737.8,737.5,737.5948,7307.0,120.0,737.584723
2026-05-15 21:40:00+00:00,737.6,737.6,737.52,737.53,4165.0,115.0,737.556328
2026-05-15 21:45:00+00:00,737.5306,738.09,737.5306,738.09,43623.0,247.0,737.830488
2026-05-15 21:50:00+00:00,738.01,738.17,738.0,738.07,16790.0,125.0,738.035376
2026-05-15 21:55:00+00:00,738.07,738.07,737.95,738.03,7932.0,130.0,738.007302
2026-05-15 22:00:00+00:00,738.0,739.17,738.0,738.101,41638.0,74.0,739.137318
2026-05-15 22:05:00+00:00,738.1,738.32,738.1,738.2,3461.0,127.0,738.207134
2026-05-15 22:10:00+00:00,738.18,738.2,738.14,738.1401,2072.0,46.0,738.165143
2026-05-15 22:15:00+00:00,738.15,738.15,738.15,738.15,297.0,33.0,738.15
2026-05-15 22:20:00+00:00,738.15,738.19,738.14,738.14,2563.0,80.0,738.16425
2026-05-15 22:25:00+00:00,738.14,738.14,738.01,738.03,836.0,59.0,738.071584
2026-05-15 22:30:00+00:00,738.04,738.06,737.98,737.98,2268.0,98.0,738.033441
2026-05-15 22:35:00+00:00,737.88,738.0,737.74,737.9774,3308.0,79.0,737.875841
2026-05-15 22:40:00+00:00,737.87,737.98,737.87,737.9,1525.0,74.0,737.918621
2026-05-15 22:45:00+00:00,737.9,737.99,737.9,737.9,1841.0,71.0,737.907222
2026-05-15 22:50:00+00:00,737.9,737.99,737.9,737.91,2127.0,61.0,737.956325
2026-05-15 22:55:00+00:00,737.9,737.98,737.75,737.75,2461.0,114.0,737.915388
2026-05-15 23:00:00+00:00,737.7,737.83,737.7,737.83,6232.0,180.0,737.731283
2026-05-15 23:05:00+00:00,737.82,737.93,737.82,737.92,1972.0,93.0,737.920115
2026-05-15 23:10:00+00:00,737.89,737.92,737.8,737.86,4594.0,117.0,737.870811
2026-05-15 23:15:00+00:00,737.86,737.93,737.86,737.9222,1406.0,85.0,737.890714
2026-05-15 23:20:00+00:00,737.9,737.92,737.72,737.72,1144.0,125.0,737.830456
2026-05-15 23:25:00+00:00,737.75,737.8,737.6515,737.8,5358.0,154.0,737.693816
2026-05-15 23:30:00+00:00,737.8,737.8,737.56,737.57,2143.0,128.0,737.669571
2026-05-15 23:35:00+00:00,737.59,737.7,737.55,737.58,8414.0,136.0,737.58213
2026-05-15 23:40:00+00:00,737.68,737.69,737.36,737.45,11679.0,254.0,737.538991
2026-05-15 23:45:00+00:00,737.45,737.55,737.25,737.25,13351.0,142.0,737.305963
2026-05-15 23:50:00+00:00,737.26,737.34,737.25,737.32,25450.0,163.0,737.277003
2026-05-15 23:55:00+00:00,737.34,737.58,737.26,737.34,21890.0,289.0,737.362105
2026-05-18 08:00:00+00:00,735.0,736.75,733.72,736.52,74459.0,2988.0,735.278672
2026-05-18 08:05:00+00:00,736.57,736.73,734.07,736.55,11750.0,246.0,736.467628
2026-05-18 08:10:00+00:00,736.48,736.49,736.25,736.45,5198.0,103.0,736.380873
2026-05-18 08:15:00+00:00,736.44,736.44,736.09,736.24,2860.0,93.0,736.25922
2026-05-18 08:20:00+00:00,736.33,737.02,736.33,736.93,7251.0,141.0,736.801327
2026-05-18 08:25:00+00:00,737.05,737.38,737.02,737.2929,6425.0,208.0,737.216842
2026-05-18 08:30:00+00:00,737.47,737.63,737.05,737.52,10880.0,149.0,737.211314
2026-05-18 08:35:00+00:00,737.35,737.36,736.83,736.97,4309.0,129.0,737.074705
2026-05-18 08:40:00+00:00,736.96,736.96,736.65,736.72,1843.0,54.0,736.759524
2026-05-18 08:45:00+00:00,736.77,737.12,736.77,737.08,4380.0,115.0,737.04169
2026-05-18 08:50:00+00:00,737.25,737.57,737.25,737.47,6467.0,127.0,737.410827
2026-05-18 08:55:00+00:00,737.42,737.6,737.42,737.6,12479.0,125.0,737.590323
2026-05-18 09:00:00+00:00,737.7,737.76,737.15,737.15,6808.0,99.0,737.646032
2026-05-18 09:05:00+00:00,737.15,737.29,737.15,737.1581,1512.0,42.0,737.205741
2026-05-18 09:10:00+00:00,737.01,737.06,736.88,737.0,2810.0,70.0,736.951123
2026-05-18 09:15:00+00:00,737.1,737.11,736.93,736.93,5486.0,124.0,737.017924
2026-05-18 09:20:00+00:00,736.93,737.2,736.93,736.94,572.0,37.0,737.016667
2026-05-18 09:25:00+00:00,736.86,736.89,736.56,736.89,1569.0,50.0,736.718207
2026-05-18 09:30:00+00:00,736.85,736.99,736.84,736.91,623.0,27.0,736.912459
2026-05-18 09:35:00+00:00,736.88,736.88,736.73,736.82,1129.0,41.0,736.800809
2026-05-18 09:40:00+00:00,736.92,737.15,736.92,737.15,2167.0,34.0,737.100461
2026-05-18 09:45:00+00:00,737.03,737.22,737.03,737.22,758.0,32.0,737.13149
2026-05-18 09:50:00+00:00,737.17,737.18,736.74,736.74,2875.0,49.0,736.989892
2026-05-18 09:55:00+00:00,736.7,737.03,736.7,737.02,11239.0,144.0,736.855526
2026-05-18 10:00:00+00:00,737.12,737.13,736.31,736.31,2506.0,71.0,736.513414
2026-05-18 10:05:00+00:00,736.31,736.32,735.81,735.82,7959.0,161.0,735.985687
2026-05-18 10:10:00+00:00,735.83,736.24,735.83,736.15,1262.0,38.0,735.986739
2026-05-18 10:15:00+00:00,736.19,736.31,736.05,736.31,687.0,43.0,736.152912
2026-05-18 10:20:00+00:00,736.31,736.41,736.25,736.36,2685.0,46.0,736.331751
2026-05-18 10:25:00+00:00,736.42,736.43,736.18,736.19,2603.0,44.0,736.271263
2026-05-18 10:30:00+00:00,736.11,736.13,735.56,735.56,5691.0,134.0,735.91453
2026-05-18 10:35:00+00:00,735.58,735.7582,735.41,735.69,14715.0,260.0,735.631423
2026-05-18 10:40:00+00:00,735.75,735.97,735.75,735.83,1345.0,37.0,735.933664
2026-05-18 10:45:00+00:00,736.18,736.48,736.18,736.47,3534.0,52.0,736.318228
2026-05-18 10:50:00+00:00,736.37,736.37,736.3244,736.3244,210.0,8.0,736.342695
2026-05-18 10:55:00+00:00,736.27,736.27,735.99,735.99,442.0,25.0,736.09
2026-05-18 11:00:00+00:00,735.95,736.11,735.79,735.85,9283.0,316.0,735.933145
2026-05-18 11:05:00+00:00,735.78,735.83,735.0,735.0847,20161.0,421.0,735.483647
2026-05-18 11:10:00+00:00,735.0,735.95,734.84,735.95,12057.0,303.0,735.354893
2026-05-18 11:15:00+00:00,735.9101,736.35,735.78,736.22,14016.0,284.0,736.162789
2026-05-18 11:20:00+00:00,736.21,736.3,736.02,736.02,6624.0,163.0,736.176959
2026-05-18 11:25:00+00:00,736.02,736.13,735.85,735.89,2938.0,104.0,735.982945
2026-05-18 11:30:00+00:00,735.77,736.8,735.77,736.63,17412.0,362.0,736.428746
2026-05-18 11:35:00+00:00,736.67,738.14,736.31,738.11,49584.0,825.0,737.285041
2026-05-18 11:40:00+00:00,738.14,740.0,738.05,738.7,147685.0,1838.0,738.758425
2026-05-18 11:45:00+00:00,738.67,738.84,737.55,737.8,42609.0,599.0,738.105953
2026-05-18 11:50:00+00:00,737.5,737.72,737.39,737.39,48293.0,432.0,737.504917
2026-05-18 11:55:00+00:00,737.32,737.58,736.95,737.44,7851.0,231.0,737.203796
2026-05-18 12:00:00+00:00,737.49,737.8,737.41,737.61,11463.0,189.0,737.589325
2026-05-18 12:05:00+00:00,737.6778,738.25,737.6778,738.09,21118.0,289.0,738.00526
2026-05-18 12:10:00+00:00,738.0715,738.27,737.87,737.91,12108.0,276.0,737.997802
2026-05-18 12:15:00+00:00,737.97,738.02,737.62,737.62,24546.0,344.0,737.832488
2026-05-18 12:20:00+00:00,737.62,738.3,737.57,738.23,52586.0,496.0,738.018808
2026-05-18 12:25:00+00:00,738.19,738.2,737.98,738.1,10770.0,215.0,738.143595
2026-05-18 12:30:00+00:00,738.08,738.8,737.79,738.79,17667.0,342.0,738.353273
2026-05-18 12:35:00+00:00,738.83,739.36,738.78,739.14,48554.0,541.0,739.110184
2026-05-18 12:40:00+00:00,739.1171,740.32,738.99,740.25,87403.0,972.0,739.686538
2026-05-18 12:45:00+00:00,740.23,741.31,740.16,740.94,98330.0,1188.0,740.947149
2026-05-18 12:50:00+00:00,740.98,741.51,740.6,740.84,98720.0,989.0,740.885696
2026-05-18 12:55:00+00:00,740.87,741.13,740.52,740.99,52427.0,801.0,740.90157
2026-05-18 13:00:00+00:00,740.94,741.2,740.06,740.43,57208.0,760.0,740.503937
2026-05-18 13:05:00+00:00,740.4,740.61,740.07,740.5,33301.0,598.0,740.403238
2026-05-18 13:10:00+00:00,740.32,740.5,740.14,740.32,27773.0,431.0,740.26857
2026-05-18 13:15:00+00:00,740.2065,740.26,739.85,740.18,19282.0,454.0,740.047623
2026-05-18 13:20:00+00:00,740.2,740.35,740.01,740.28,19651.0,413.0,740.198012
2026-05-18 13:25:00+00:00,740.27,740.39,739.77,739.77,94925.0,1212.0,739.97472
2026-05-18 13:30:00+00:00,739.82,740.06,738.4999,738.55,1027029.0,25260.0,739.526235
2026-05-18 13:35:00+00:00,738.55,739.0,738.3,738.71,555275.0,10119.0,738.606962
2026-05-18 13:40:00+00:00,738.72,739.15,737.97,738.04,650401.0,13867.0,738.553156
2026-05-18 13:45:00+00:00,738.035,739.3,737.56,738.8699,650298.0,13047.0,738.546348
2026-05-18 13:50:00+00:00,738.84,740.92,738.84,740.88,718450.0,11052.0,740.082789
2026-05-18 13:55:00+00:00,740.92,741.415,740.4,740.57,864919.0,13506.0,740.970531
2026-05-18 14:00:00+00:00,740.6,740.6,738.89,739.18,617763.0,11619.0,739.558207
2026-05-18 14:05:00+00:00,739.18,740.39,738.6,740.3899,578541.0,11208.0,739.546434
2026-05-18 14:10:00+00:00,740.38,740.67,739.6,739.935,502932.0,10383.0,740.168816
2026-05-18 14:15:00+00:00,739.94,740.74,739.82,740.54,298001.0,7608.0,740.336097
2026-05-18 14:20:00+00:00,740.57,740.8,739.54,740.02,302125.0,7717.0,740.250119
2026-05-18 14:25:00+00:00,740.03,740.38,739.22,739.5,323836.0,8051.0,739.842737
2026-05-18 14:30:00+00:00,739.49,739.84,737.18,737.43,775392.0,14062.0,738.45805
2026-05-18 14:35:00+00:00,737.42,738.1,736.37,737.93,806127.0,13224.0,737.252234
2026-05-18 14:40:00+00:00,737.92,738.74,737.19,738.29,630454.0,11843.0,738.046669
2026-05-18 14:45:00+00:00,738.28,738.4,737.28,737.52,483605.0,10257.0,737.75025
2026-05-18 14:50:00+00:00,737.51,738.74,737.4,738.17,342784.0,9609.0,738.26435
2026-05-18 14:55:00+00:00,738.16,738.58,738.0,738.285,218345.0,7507.0,738.281245
2026-05-18 15:00:00+00:00,738.33,739.02,736.78,737.28,947665.0,17358.0,737.680085
2026-05-18 15:05:00+00:00,737.275,737.64,736.77,736.79,388045.0,8571.0,737.216607
2026-05-18 15:10:00+00:00,736.79,737.5,736.51,737.23,331963.0,9303.0,737.10134
2026-05-18 15:15:00+00:00,737.23,737.4,735.96,736.315,344445.0,8619.0,736.604224
2026-05-18 15:20:00+00:00,736.315,736.74,735.97,736.35,307604.0,7858.0,736.300111
2026-05-18 15:25:00+00:00,736.34,736.91,735.52,735.62,349492.0,9275.0,736.356928
2026-05-18 15:30:00+00:00,735.59,736.57,735.21,736.51,449311.0,7509.0,735.801046
2026-05-18 15:35:00+00:00,736.57,737.26,736.46,736.78,291805.0,6967.0,736.85696
2026-05-18 15:40:00+00:00,736.8,737.365,736.21,736.26,305361.0,7583.0,736.831147
2026-05-18 15:45:00+00:00,736.24,736.98,736.15,736.5371,213079.0,6011.0,736.529649
2026-05-18 15:50:00+00:00,736.53,737.0,736.01,736.92,317803.0,6902.0,736.436379
2026-05-18 15:55:00+00:00,736.9,737.1995,736.2,736.28,305332.0,7641.0,736.720087
2026-05-18 16:00:00+00:00,736.37,736.48,735.72,735.865,261566.0,9097.0,736.026482
2026-05-18 16:05:00+00:00,735.92,736.48,735.81,736.26,223155.0,6316.0,736.140162
2026-05-18 16:10:00+00:00,736.28,736.96,736.22,736.96,220981.0,6561.0,736.702034
2026-05-18 16:15:00+00:00,736.94,737.35,736.86,737.21,222011.0,6382.0,737.136583
2026-05-18 16:20:00+00:00,737.23,737.93,736.47,736.751,324447.0,8575.0,737.203032
2026-05-18 16:25:00+00:00,736.83,736.87,734.47,734.83,678359.0,13975.0,735.380812
2026-05-18 16:30:00+00:00,734.82,735.84,734.225,735.45,515457.0,9275.0,735.038845
2026-05-18 16:35:00+00:00,735.43,736.12,735.32,735.72,274470.0,5542.0,735.805643
2026-05-18 16:40:00+00:00,735.74,735.798,735.06,735.14,242287.0,5219.0,735.39691
2026-05-18 16:45:00+00:00,735.13,735.55,735.1,735.47,230925.0,5062.0,735.299733
2026-05-18 16:50:00+00:00,735.49,736.91,735.4395,736.8,352712.0,6326.0,736.134152
2026-05-18 16:55:00+00:00,736.79,737.3399,736.3801,736.49,410131.0,7140.0,737.050713
2026-05-18 17:00:00+00:00,736.49,736.95,735.94,736.89,427725.0,7446.0,736.433934
2026-05-18 17:05:00+00:00,736.85,737.35,736.68,737.0,325537.0,6363.0,737.040793
2026-05-18 17:10:00+00:00,737.06,737.4,736.75,736.76,385596.0,6062.0,737.188082
2026-05-18 17:15:00+00:00,736.73,737.42,736.62,737.24,316030.0,4782.0,737.066908
2026-05-18 17:20:00+00:00,737.24,737.28,736.66,736.885,167185.0,3850.0,736.924207
2026-05-18 17:25:00+00:00,736.91,737.4,736.72,737.36,197430.0,4421.0,737.081063
2026-05-18 17:30:00+00:00,737.35,737.42,736.66,736.825,227360.0,5307.0,737.034268
2026-05-18 17:35:00+00:00,736.84,736.84,736.24,736.43,202032.0,4956.0,736.512041
2026-05-18 17:40:00+00:00,736.45,737.125,736.36,736.81,237414.0,4989.0,736.784626
2026-05-18 17:45:00+00:00,736.81,736.93,736.38,736.68,515669.0,3742.0,736.693475
2026-05-18 17:50:00+00:00,736.68,737.33,736.6,736.97,179823.0,5063.0,736.984041
2026-05-18 17:55:00+00:00,736.97,737.2,736.75,737.03,159708.0,11615.0,736.950673
2026-05-18 18:00:00+00:00,737.04,737.145,735.82,735.86,467912.0,6596.0,736.19276
2026-05-18 18:05:00+00:00,735.87,736.0801,735.4,735.575,566519.0,7285.0,735.733273
2026-05-18 18:10:00+00:00,735.56,735.75,735.04,735.06,412229.0,5829.0,735.406649
2026-05-18 18:15:00+00:00,735.09,735.13,734.2,734.46,505434.0,7537.0,734.688758
2026-05-18 18:20:00+00:00,734.46,734.63,734.13,734.32,365309.0,7078.0,734.361633
2026-05-18 18:25:00+00:00,734.29,734.75,733.71,734.71,781734.0,9774.0,734.17479
2026-05-18 18:30:00+00:00,734.735,735.18,734.51,734.78,478731.0,7562.0,734.825315
2026-05-18 18:35:00+00:00,734.78,735.1191,734.38,734.38,313965.0,6846.0,734.714674
2026-05-18 18:40:00+00:00,734.38,734.6,733.97,734.57,575525.0,8458.0,734.333219
2026-05-18 18:45:00+00:00,734.5601,734.74,733.89,733.93,482580.0,7512.0,734.441197
2026-05-18 18:50:00+00:00,733.91,734.11,733.47,733.72,423221.0,8623.0,733.808652
2026-05-18 18:55:00+00:00,733.7,734.14,733.39,733.67,440785.0,9332.0,733.765325
2026-05-18 19:00:00+00:00,733.68,738.02,733.62,736.41,2288943.0,29616.0,736.700377
2026-05-18 19:05:00+00:00,736.44,737.05,735.55,736.3,809970.0,12873.0,736.190129
2026-05-18 19:10:00+00:00,736.3,736.73,735.9063,736.06,559724.0,9661.0,736.35581
2026-05-18 19:15:00+00:00,736.08,736.5,735.58,735.75,545603.0,8885.0,736.002073
2026-05-18 19:20:00+00:00,735.75,736.22,735.17,735.2101,465227.0,7604.0,735.713692
2026-05-18 19:25:00+00:00,735.21,735.58,734.67,735.52,518588.0,8950.0,735.185935
2026-05-18 19:30:00+00:00,735.53,736.34,735.28,736.08,485853.0,9225.0,735.956345
2026-05-18 19:35:00+00:00,736.08,737.019,736.05,736.98,500570.0,8020.0,736.660993
2026-05-18 19:40:00+00:00,736.99,737.82,736.9672,737.76,884187.0,11202.0,737.527214
2026-05-18 19:45:00+00:00,737.77,738.47,737.54,738.29,725009.0,12656.0,737.980978
2026-05-18 19:50:00+00:00,738.29,738.75,737.83,738.44,948430.0,17016.0,738.302442
2026-05-18 19:55:00+00:00,738.46,738.7,737.7895,738.56,2877981.0,27466.0,738.221108
2026-05-18 20:00:00+00:00,738.52,738.7,737.94,737.94,1437347.0,1752.0,738.561663
2026-05-18 20:05:00+00:00,737.94,738.13,737.61,737.95,193697.0,988.0,737.837362
2026-05-18 20:10:00+00:00,737.99,738.25,737.94,738.15,3104166.0,799.0,738.030829
2026-05-18 20:15:00+00:00,738.06,738.25,737.97,737.97,480385.0,258.0,738.146224
2026-05-18 20:20:00+00:00,737.99,738.14,737.75,738.14,107620.0,718.0,737.962033
2026-05-18 20:25:00+00:00,738.17,738.17,738.04,738.11,16508.0,197.0,738.110775
2026-05-18 20:30:00+00:00,738.17,738.34,737.9,738.0,29174.0,338.0,738.067966
2026-05-18 20:35:00+00:00,738.0,738.1122,737.94,738.06,50704.0,340.0,738.012225
2026-05-18 20:40:00+00:00,738.06,738.37,737.98,738.31,8172.0,120.0,738.278808
2026-05-18 20:45:00+00:00,738.35,738.42,738.2,738.29,176630.0,159.0,738.293056
2026-05-18 20:50:00+00:00,738.29,738.29,738.07,738.1,8611.0,105.0,738.248435
2026-05-18 20:55:00+00:00,738.1,738.19,737.94,738.0299,35803.0,239.0,738.085849
2026-05-18 21:00:00+00:00,738.02,738.65,737.95,737.97,999509.0,80.0,738.031216
2026-05-18 21:05:00+00:00,738.08,738.13,738.02,738.0276,10772.0,70.0,738.109445
2026-05-18 21:10:00+00:00,738.02,738.09,737.95,738.01,14294.0,90.0,738.067156
2026-05-18 21:15:00+00:00,737.98,738.04,737.97,737.9811,747.0,44.0,738.00558
2026-05-18 21:20:00+00:00,738.01,738.05,738.01,738.05,5706.0,21.0,738.049331
2026-05-18 21:25:00+00:00,738.01,738.05,737.82,737.83,11142.0,179.0,737.911779
2026-05-18 21:30:00+00:00,737.86,737.98,737.82,737.97,4716.0,86.0,737.849333
2026-05-18 21:35:00+00:00,737.98,738.03,737.83,737.9325,1605.0,63.0,737.91805
2026-05-18 21:40:00+00:00,737.97,738.079,737.86,738.0,7721.0,109.0,737.887272
2026-05-18 21:45:00+00:00,737.97,738.06,737.95,738.0,1926.0,197.0,737.999494
2026-05-18 21:50:00+00:00,738.06,738.07,738.02,738.02,391.0,26.0,738.056691
2026-05-18 21:55:00+00:00,738.06,738.09,738.0191,738.09,2518.0,82.0,738.071823
2026-05-18 22:00:00+00:00,738.09,738.71,738.09,738.69,48303.0,496.0,738.399417
2026-05-18 22:05:00+00:00,738.67,739.08,738.67,738.72,29787.0,273.0,738.862116
2026-05-18 22:10:00+00:00,738.7387,738.82,738.6435,738.6982,3090.0,96.0,738.726065
2026-05-18 22:15:00+00:00,738.7101,738.98,738.7101,738.97,8739.0,95.0,738.87064
2026-05-18 22:20:00+00:00,738.96,739.55,738.96,739.46,15223.0,254.0,739.334768
2026-05-18 22:25:00+00:00,739.5001,739.58,739.29,739.37,5207.0,91.0,739.366793
2026-05-18 22:30:00+00:00,739.45,739.54,739.36,739.379,8493.0,122.0,739.476789
2026-05-18 22:35:00+00:00,739.36,739.6685,739.36,739.6685,3897.0,97.0,739.530709
2026-05-18 22:40:00+00:00,739.6484,739.7,739.38,739.4105,5708.0,123.0,739.591584
2026-05-18 22:45:00+00:00,739.3,739.3,739.18,739.3,1910.0,80.0,739.242619
2026-05-18 22:50:00+00:00,739.29,739.29,739.02,739.1,1884.0,62.0,739.17256
2026-05-18 22:55:00+00:00,739.24,739.36,739.24,739.36,2712.0,62.0,739.302808
2026-05-18 23:00:00+00:00,739.34,739.77,739.34,739.69,4551.0,110.0,739.607308
2026-05-18 23:05:00+00:00,739.6729,739.74,739.53,739.73,2956.0,72.0,739.68345
2026-05-18 23:10:00+00:00,739.72,739.73,739.55,739.5778,752.0,42.0,739.612903
2026-05-18 23:15:00+00:00,739.42,739.42,739.25,739.3,1178.0,86.0,739.330421
2026-05-18 23:20:00+00:00,739.34,739.48,739.3,739.41,8803.0,72.0,739.362159
2026-05-18 23:25:00+00:00,739.5,739.56,739.48,739.514,3417.0,28.0,739.484787
2026-05-18 23:30:00+00:00,739.39,739.49,739.2217,739.38,1323.0,58.0,739.31594
2026-05-18 23:35:00+00:00,739.31,739.31,739.15,739.24,4045.0,55.0,739.206256
2026-05-18 23:40:00+00:00,739.37,739.38,739.31,739.35,10468.0,22.0,739.350687
2026-05-18 23:45:00+00:00,739.35,739.35,739.075,739.12,11986.0,89.0,739.106879
2026-05-18 23:50:00+00:00,739.0,739.03,738.65,738.68,2908.0,73.0,738.859671
2026-05-18 23:55:00+00:00,738.6609,738.905,738.6,738.89,14248.0,134.0,738.732235
2026-05-19 08:00:00+00:00,738.97,739.33,735.35,738.71,100777.0,2037.0,738.083035
2026-05-19 08:05:00+00:00,738.67,738.67,736.67,738.29,34201.0,300.0,738.215763
2026-05-19 08:10:00+00:00,738.06,738.21,737.56,737.57,5186.0,98.0,738.006811
2026-05-19 08:15:00+00:00,737.76,738.13,737.69,737.88,7064.0,189.0,737.963128
2026-05-19 08:20:00+00:00,737.96,738.06,737.36,737.36,4239.0,166.0,737.904153
2026-05-19 08:25:00+00:00,737.17,737.27,736.77,737.2,11177.0,160.0,737.069485
2026-05-19 08:30:00+00:00,737.3641,737.37,737.22,737.37,1088.0,32.0,737.312857
2026-05-19 08:35:00+00:00,737.25,737.26,737.05,737.05,2009.0,42.0,737.191839
2026-05-19 08:40:00+00:00,737.42,737.59,737.42,737.55,4529.0,61.0,737.478859
2026-05-19 08:45:00+00:00,737.58,737.784,737.53,737.7,2998.0,58.0,737.671718
2026-05-19 08:50:00+00:00,737.76,737.76,737.53,737.53,747.0,38.0,737.679165
2026-05-19 08:55:00+00:00,737.55,737.64,737.44,737.44,17014.0,122.0,737.615411
2026-05-19 09:00:00+00:00,737.12,737.12,736.96,736.96,2103.0,28.0,736.985775
2026-05-19 09:05:00+00:00,736.96,737.06,736.91,737.02,1284.0,32.0,736.935021
2026-05-19 09:10:00+00:00,737.1,737.13,736.75,736.81,1800.0,26.0,736.89362
2026-05-19 09:15:00+00:00,736.58,736.58,736.0,736.11,28162.0,197.0,736.280192
2026-05-19 09:20:00+00:00,736.3,736.43,736.18,736.32,1745.0,54.0,736.30836
2026-05-19 09:25:00+00:00,736.33,736.33,735.63,735.67,3205.0,131.0,735.860463
2026-05-19 09:30:00+00:00,735.63,735.9,734.86,734.93,14876.0,273.0,735.05593
2026-05-19 09:35:00+00:00,735.06,735.32,735.0,735.05,7859.0,120.0,735.220223
2026-05-19 09:40:00+00:00,734.9,734.9,734.56,734.68,3592.0,109.0,734.726983
2026-05-19 09:45:00+00:00,734.58,735.04,734.58,735.04,5199.0,109.0,734.742297
2026-05-19 09:50:00+00:00,735.09,735.4,735.09,735.4,23414.0,186.0,735.32301
2026-05-19 09:55:00+00:00,735.44,736.11,735.44,735.94,6089.0,118.0,735.747873
2026-05-19 10:00:00+00:00,735.86,736.1,735.66,735.8,9246.0,155.0,735.856989
2026-05-19 10:05:00+00:00,735.74,735.86,735.64,735.68,1325.0,45.0,735.802596
2026-05-19 10:10:00+00:00,735.72,735.79,735.37,735.79,3913.0,82.0,735.609408
2026-05-19 10:15:00+00:00,735.83,735.83,735.7,735.75,2586.0,53.0,735.764378
2026-05-19 10:20:00+00:00,735.76,735.85,735.53,735.84,3375.0,73.0,735.739001
2026-05-19 10:25:00+00:00,735.86,735.89,735.6,735.68,1730.0,51.0,735.778997
2026-05-19 10:30:00+00:00,735.74,736.1044,735.58,736.1044,8710.0,103.0,735.787175
2026-05-19 10:35:00+00:00,735.95,736.03,734.93,735.45,13090.0,250.0,735.28521
2026-05-19 10:40:00+00:00,735.4,735.47,734.65,734.8,4880.0,97.0,734.974445
2026-05-19 10:45:00+00:00,735.0,735.71,734.55,735.4,5195.0,140.0,734.902468
2026-05-19 10:50:00+00:00,735.39,735.76,735.35,735.54,4177.0,117.0,735.642666
2026-05-19 10:55:00+00:00,735.66,736.2,735.66,736.08,17028.0,220.0,735.989665
2026-05-19 11:00:00+00:00,736.08,736.59,736.04,736.44,39216.0,387.0,736.224043
2026-05-19 11:05:00+00:00,736.42,736.6,736.1,736.44,15542.0,247.0,736.446842
2026-05-19 11:10:00+00:00,736.44,736.44,736.0,736.0,10805.0,237.0,736.134364
2026-05-19 11:15:00+00:00,736.03,736.21,735.73,736.21,7516.0,175.0,735.825723
2026-05-19 11:20:00+00:00,736.03,736.03,735.75,735.81,3195.0,84.0,735.828017
2026-05-19 11:25:00+00:00,735.9,735.94,735.6,735.89,4693.0,103.0,735.76057
2026-05-19 11:30:00+00:00,735.9,736.39,735.9,736.27,7573.0,175.0,736.212138
2026-05-19 11:35:00+00:00,736.24,736.2861,735.99,736.01,2212.0,183.0,736.124939
2026-05-19 11:40:00+00:00,736.08,736.11,735.66,735.69,22870.0,316.0,735.776509
2026-05-19 11:45:00+00:00,735.7,735.71,735.39,735.59,15210.0,261.0,735.561454
2026-05-19 11:50:00+00:00,735.64,735.8,735.49,735.55,20251.0,289.0,735.666017
2026-05-19 11:55:00+00:00,735.56,735.56,735.0,735.0,24182.0,489.0,735.215382
2026-05-19 12:00:00+00:00,735.01,735.5,734.65,735.3,47171.0,734.0,735.110373
2026-05-19 12:05:00+00:00,735.3,735.46,735.09,735.35,24807.0,357.0,735.296239
2026-05-19 12:10:00+00:00,735.39,735.7648,735.37,735.64,15404.0,324.0,735.628132
2026-05-19 12:15:00+00:00,735.62,735.64,735.03,735.37,19927.0,446.0,735.257041
2026-05-19 12:20:00+00:00,735.39,735.67,735.24,735.66,23721.0,339.0,735.541571
2026-05-19 12:25:00+00:00,735.66,737.65,735.17,735.5616,15472.0,274.0,736.029834
2026-05-19 12:30:00+00:00,735.53,735.92,735.4,735.81,13542.0,374.0,735.708248
2026-05-19 12:35:00+00:00,735.87,736.28,735.8,736.09,39274.0,483.0,736.135616
2026-05-19 12:40:00+00:00,736.15,736.5,735.75,736.08,57528.0,731.0,736.206097
2026-05-19 12:45:00+00:00,736.27,736.4,736.02,736.3802,11268.0,300.0,736.186808
2026-05-19 12:50:00+00:00,736.44,736.48,736.3,736.37,9169.0,186.0,736.402839
2026-05-19 12:55:00+00:00,736.41,736.41,736.14,736.1665,8466.0,192.0,736.225751
2026-05-19 13:00:00+00:00,736.26,736.39,736.0,736.0,14504.0,210.0,736.261217
2026-05-19 13:05:00+00:00,736.01,736.01,734.74,735.07,39571.0,940.0,735.132556
2026-05-19 13:10:00+00:00,735.09,735.4911,734.86,735.47,15775.0,471.0,735.11308
2026-05-19 13:15:00+00:00,735.54,735.54,734.75,734.75,14140.0,398.0,735.21158
2026-05-19 13:20:00+00:00,734.82,734.87,734.15,734.4,51149.0,969.0,734.514462
2026-05-19 13:25:00+00:00,734.37,734.72,734.13,734.64,54243.0,687.0,734.338191
2026-05-19 13:30:00+00:00,734.75,735.31,734.15,734.505,1170731.0,22132.0,734.733743
2026-05-19 13:35:00+00:00,734.49,735.66,733.82,735.4,748796.0,13165.0,734.807863
2026-05-19 13:40:00+00:00,735.36,735.47,733.45,733.56,756145.0,13684.0,734.283768
2026-05-19 13:45:00+00:00,733.61,735.33,733.09,734.59,764841.0,14735.0,734.160758
2026-05-19 13:50:00+00:00,734.59,735.98,734.18,735.8,500932.0,9884.0,735.075046
2026-05-19 13:55:00+00:00,735.805,736.3,735.18,735.33,556387.0,10374.0,735.765177
2026-05-19 14:00:00+00:00,735.31,735.34,733.965,734.99,804071.0,12021.0,734.502242
2026-05-19 14:05:00+00:00,734.99,735.16,732.83,733.34,813563.0,14355.0,733.621569
2026-05-19 14:10:00+00:00,733.36,733.8956,732.82,732.92,631562.0,13433.0,733.409576
2026-05-19 14:15:00+00:00,732.9,733.12,732.33,732.53,788186.0,15553.0,732.75213
2026-05-19 14:20:00+00:00,732.56,732.76,731.74,732.72,764442.0,14897.0,732.236902
2026-05-19 14:25:00+00:00,732.72,733.17,732.1623,732.42,1628649.0,12963.0,732.59746
2026-05-19 14:30:00+00:00,732.42,733.28,732.03,732.27,800098.0,13043.0,732.60286
2026-05-19 14:35:00+00:00,732.28,733.2,732.24,733.005,490520.0,9650.0,732.770092
2026-05-19 14:40:00+00:00,733.03,733.47,732.4601,732.76,585982.0,10925.0,733.083611
2026-05-19 14:45:00+00:00,732.76,732.94,731.53,731.95,640933.0,13851.0,732.070121
2026-05-19 14:50:00+00:00,731.93,732.31,731.5699,731.9,368554.0,8774.0,731.96132
2026-05-19 14:55:00+00:00,731.88,733.18,731.84,733.16,383289.0,9117.0,732.663037
2026-05-19 15:00:00+00:00,733.16,733.63,732.7638,733.39,567680.0,10160.0,733.227032
2026-05-19 15:05:00+00:00,733.4,733.48,732.64,733.26,299246.0,7198.0,733.05729
2026-05-19 15:10:00+00:00,733.25,733.7,733.25,733.5595,286577.0,7684.0,733.502355
2026-05-19 15:15:00+00:00,733.57,733.96,733.0,733.01,439842.0,9311.0,733.591159
2026-05-19 15:20:00+00:00,733.01,733.2,731.97,732.03,313832.0,7609.0,732.813562
2026-05-19 15:25:00+00:00,732.03,732.65,731.7,732.23,251903.0,6832.0,732.177984
2026-05-19 15:30:00+00:00,732.225,733.3,732.04,732.65,578728.0,7977.0,732.802157
2026-05-19 15:35:00+00:00,732.65,733.55,732.41,733.405,255708.0,6805.0,732.980071
2026-05-19 15:40:00+00:00,733.4,733.94,733.165,733.55,331575.0,8189.0,733.507119
2026-05-19 15:45:00+00:00,733.56,733.91,733.17,733.88,194533.0,5846.0,733.519958
2026-05-19 15:50:00+00:00,733.88,733.93,733.13,733.38,319651.0,7066.0,733.586349
2026-05-19 15:55:00+00:00,733.3193,733.37,732.55,732.99,282055.0,6616.0,732.9745
2026-05-19 16:00:00+00:00,733.0,734.0,732.915,733.64,264957.0,6742.0,733.586695
2026-05-19 16:05:00+00:00,733.66,733.73,732.62,732.63,226196.0,6405.0,733.174269
2026-05-19 16:10:00+00:00,732.62,732.855,732.32,732.775,225968.0,6262.0,732.592654
2026-05-19 16:15:00+00:00,732.815,733.75,732.775,733.68,354788.0,7627.0,733.218746
2026-05-19 16:20:00+00:00,733.68,734.08,733.36,734.07,317445.0,5360.0,733.731908
2026-05-19 16:25:00+00:00,734.08,734.74,734.07,734.49,458429.0,8021.0,734.493299
2026-05-19 16:30:00+00:00,734.495,735.16,734.3482,734.855,527725.0,8761.0,734.812871
2026-05-19 16:35:00+00:00,734.86,735.11,734.48,735.05,439557.0,6043.0,734.777686
2026-05-19 16:40:00+00:00,735.04,735.45,735.03,735.44,367626.0,6575.0,735.309496
2026-05-19 16:45:00+00:00,735.42,735.67,735.25,735.5,554793.0,7343.0,735.445114
2026-05-19 16:50:00+00:00,735.48,736.14,735.35,736.02,450387.0,7956.0,735.842046
2026-05-19 16:55:00+00:00,736.01,736.3,735.91,736.12,379167.0,7094.0,736.056637
2026-05-19 17:00:00+00:00,736.12,736.76,735.92,736.63,534291.0,9988.0,736.286393
2026-05-19 17:05:00+00:00,736.62,736.71,736.34,736.62,383237.0,7850.0,736.545613
2026-05-19 17:10:00+00:00,736.61,737.02,736.54,736.88,388468.0,7991.0,736.801151
2026-05-19 17:15:00+00:00,736.87,737.38,736.87,737.28,388158.0,7565.0,737.187245
2026-05-19 17:20:00+00:00,737.28,737.65,737.08,737.5,507690.0,8760.0,737.425304
2026-05-19 17:25:00+00:00,737.51,737.585,736.73,736.98,533702.0,9816.0,737.027754
2026-05-19 17:30:00+00:00,736.97,737.57,736.77,736.77,414448.0,7434.0,737.146301
2026-05-19 17:35:00+00:00,736.76,737.27,736.7104,737.22,305359.0,6400.0,736.973411
2026-05-19 17:40:00+00:00,737.22,737.45,736.92,737.12,511978.0,8167.0,737.150646
2026-05-19 17:45:00+00:00,737.14,737.16,736.31,736.73,422102.0,9372.0,736.661267
2026-05-19 17:50:00+00:00,736.73,736.76,736.0,736.45,333285.0,10685.0,736.329393
2026-05-19 17:55:00+00:00,736.46,736.8,736.32,736.77,443397.0,5405.0,736.56008
2026-05-19 18:00:00+00:00,736.83,737.04,736.61,736.91,579693.0,7941.0,736.889333
2026-05-19 18:05:00+00:00,736.93,737.18,736.67,737.11,364745.0,6207.0,736.984624
2026-05-19 18:10:00+00:00,737.1,737.31,736.97,736.9946,590716.0,8406.0,737.152658
2026-05-19 18:15:00+00:00,736.98,737.11,736.58,736.81,431238.0,5584.0,736.800367
2026-05-19 18:20:00+00:00,736.79,736.87,735.82,736.25,602041.0,8309.0,736.373829
2026-05-19 18:25:00+00:00,736.2511,736.74,735.84,735.88,553516.0,8516.0,736.30195
2026-05-19 18:30:00+00:00,735.89,736.27,735.575,736.07,585265.0,7879.0,735.85049
2026-05-19 18:35:00+00:00,736.08,736.37,735.645,735.695,464503.0,6544.0,736.034573
2026-05-19 18:40:00+00:00,735.69,735.905,735.5,735.85,251121.0,4542.0,735.731844
2026-05-19 18:45:00+00:00,735.86,735.86,735.34,735.675,426217.0,5099.0,735.620905
2026-05-19 18:50:00+00:00,735.69,735.69,734.87,734.89,310716.0,5966.0,735.296072
2026-05-19 18:55:00+00:00,734.88,734.88,734.2,734.45,584728.0,10668.0,734.510925
2026-05-19 19:00:00+00:00,734.41,734.94,734.37,734.56,528848.0,7130.0,734.620035
2026-05-19 19:05:00+00:00,734.585,735.44,734.47,735.24,422616.0,7661.0,734.917764
2026-05-19 19:10:00+00:00,735.24,736.08,735.2,736.01,328466.0,6807.0,735.672008
2026-05-19 19:15:00+00:00,736.03,736.15,735.31,735.34,334554.0,6517.0,735.718163
2026-05-19 19:20:00+00:00,735.32,735.48,734.21,734.21,456776.0,8609.0,734.873857
2026-05-19 19:25:00+00:00,734.2,734.86,733.9,734.77,688024.0,9337.0,734.381455
2026-05-19 19:30:00+00:00,734.79,735.01,734.29,734.31,765064.0,8327.0,734.739212
2026-05-19 19:35:00+00:00,734.32,734.48,733.98,734.17,637153.0,8238.0,734.236881
2026-05-19 19:40:00+00:00,734.17,734.22,733.75,733.86,752211.0,12245.0,733.965975
2026-05-19 19:45:00+00:00,733.84,734.07,733.615,733.8,939289.0,12467.0,733.821817
2026-05-19 19:50:00+00:00,733.8,733.88,732.77,732.845,1892774.0,22273.0,733.359
2026-05-19 19:55:00+00:00,732.83,733.94,732.575,733.76,6372344.0,36352.0,733.390836
2026-05-19 20:00:00+00:00,733.79,733.84,733.03,733.11,1639879.0,1662.0,733.663494
2026-05-19 20:05:00+00:00,733.12,733.72,733.06,733.58,471529.0,1168.0,733.450936
2026-05-19 20:10:00+00:00,733.61,734.3726,733.37,733.6,2608164.0,1390.0,733.757632
2026-05-19 20:15:00+00:00,733.52,733.62,733.36,733.48,56455.0,562.0,733.497277
2026-05-19 20:20:00+00:00,733.5,733.51,733.29,733.5008,111020.0,527.0,733.394277
2026-05-19 20:25:00+00:00,733.45,733.63,733.28,733.4184,29376.0,262.0,733.414379
2026-05-19 20:30:00+00:00,733.35,733.3685,733.22,733.22,23209.0,251.0,733.302113
2026-05-19 20:35:00+00:00,733.3,733.38,733.21,733.23,26077.0,141.0,733.29253
2026-05-19 20:40:00+00:00,733.25,733.4,733.2424,733.3413,54270.0,388.0,733.373912
2026-05-19 20:45:00+00:00,733.39,733.39,733.22,733.3,9286.0,162.0,733.299521
2026-05-19 20:50:00+00:00,733.27,733.4,733.21,733.3,32982.0,220.0,733.298212
2026-05-19 20:55:00+00:00,733.26,733.31,733.15,733.31,686802.0,114.0,733.225551
2026-05-19 21:00:00+00:00,733.425,733.45,733.4,733.44,258874.0,134.0,733.425039
2026-05-19 21:05:00+00:00,733.4401,733.47,733.3,733.44,9861.0,78.0,733.434776
2026-05-19 21:10:00+00:00,733.4302,733.65,733.4302,733.65,15848.0,174.0,733.590822
2026-05-19 21:15:00+00:00,733.6201,733.7,733.47,733.4702,6462.0,121.0,733.621069
2026-05-19 21:20:00+00:00,733.47,733.56,733.41,733.56,7300.0,137.0,733.457813
2026-05-19 21:25:00+00:00,733.58,733.58,733.49,733.49,6957.0,120.0,733.501048
2026-05-19 21:30:00+00:00,733.49,733.54,733.45,733.45,6618.0,85.0,733.493047
2026-05-19 21:35:00+00:00,733.46,733.54,733.4,733.4,4537.0,95.0,733.517502
2026-05-19 21:40:00+00:00,733.57,733.57,733.45,733.45,1125.0,47.0,733.53453
2026-05-19 21:45:00+00:00,733.5048,733.59,733.4,733.41,19570.0,136.0,733.447865
2026-05-19 21:50:00+00:00,733.45,733.5544,733.45,733.49,15652.0,186.0,733.454523
2026-05-19 21:55:00+00:00,733.58,733.69,733.5,733.6,27150.0,386.0,733.559957
2026-05-19 22:00:00+00:00,733.55,733.66,733.4,733.5,101857.0,588.0,733.535312
2026-05-19 22:05:00+00:00,733.5,734.05,733.48,733.95,25602.0,244.0,733.63073
2026-05-19 22:10:00+00:00,733.97,733.97,733.58,733.58,4275.0,133.0,733.746658
2026-05-19 22:15:00+00:00,733.58,733.58,733.28,733.39,6236.0,149.0,733.458378
2026-05-19 22:20:00+00:00,733.3,733.56,733.23,733.29,3963.0,128.0,733.371906
2026-05-19 22:25:00+00:00,733.21,733.2651,732.87,732.98,15339.0,353.0,733.008793
2026-05-19 22:30:00+00:00,732.99,733.52,732.99,733.48,5324.0,105.0,733.379382
2026-05-19 22:35:00+00:00,733.36,733.42,733.2163,733.2163,2830.0,92.0,733.337454
2026-05-19 22:40:00+00:00,733.05,733.19,732.85,733.19,1571.0,71.0,733.011665
2026-05-19 22:45:00+00:00,733.11,733.26,732.97,733.26,3221.0,63.0,733.146841
2026-05-19 22:50:00+00:00,733.25,733.4,733.1609,733.39,1924.0,66.0,733.308966
2026-05-19 22:55:00+00:00,733.42,733.6,733.42,733.53,5416.0,106.0,733.549079
2026-05-19 23:00:00+00:00,733.53,733.69,733.5,733.6796,2543.0,66.0,733.581917
2026-05-19 23:05:00+00:00,733.65,733.84,733.58,733.84,7096.0,113.0,733.699992
2026-05-19 23:10:00+00:00,733.83,734.19,733.83,734.1,7941.0,158.0,733.998832
2026-05-19 23:15:00+00:00,734.15,734.47,734.0565,734.4,6307.0,146.0,734.255658
2026-05-19 23:20:00+00:00,734.45,734.49,734.3,734.32,11112.0,153.0,734.412395
2026-05-19 23:25:00+00:00,734.26,734.38,734.25,734.34,3220.0,66.0,734.326337
2026-05-19 23:30:00+00:00,734.43,735.34,734.43,735.26,25767.0,396.0,734.858184
2026-05-19 23:35:00+00:00,735.32,735.32,734.7,734.72,9219.0,125.0,734.972618
2026-05-19 23:40:00+00:00,734.73,734.86,734.73,734.85,2131.0,76.0,734.766951
2026-05-19 23:45:00+00:00,734.73,734.73,734.58,734.6205,1550.0,78.0,734.630776
2026-05-19 23:50:00+00:00,734.6791,734.6791,734.32,734.42,3613.0,86.0,734.456645
2026-05-19 23:55:00+00:00,734.47,734.53,734.25,734.25,5942.0,99.0,734.424929
2026-05-20 08:00:00+00:00,734.3,735.4,732.5,735.31,48380.0,1898.0,734.442563
2026-05-20 08:05:00+00:00,735.25,735.52,734.43,735.2,9060.0,189.0,735.355457
2026-05-20 08:10:00+00:00,734.95,735.22,734.89,735.22,2572.0,73.0,735.009636
2026-05-20 08:15:00+00:00,735.35,735.42,735.15,735.42,1416.0,50.0,735.29043
2026-05-20 08:20:00+00:00,735.4,735.46,735.04,735.43,1394.0,51.0,735.240681
2026-05-20 08:25:00+00:00,735.45,735.8,735.44,735.8,1774.0,60.0,735.550239
2026-05-20 08:30:00+00:00,735.82,736.02,735.72,735.99,3918.0,104.0,735.940237
2026-05-20 08:35:00+00:00,735.89,736.26,735.76,736.2056,3809.0,72.0,736.03483
2026-05-20 08:40:00+00:00,736.2056,736.27,736.08,736.21,3656.0,57.0,736.203601
2026-05-20 08:45:00+00:00,736.26,736.5,736.26,736.42,12426.0,135.0,736.315442
2026-05-20 08:50:00+00:00,736.34,736.38,736.24,736.25,2649.0,58.0,736.301394
2026-05-20 08:55:00+00:00,736.25,736.27,735.93,736.0,3328.0,66.0,736.153029
2026-05-20 09:00:00+00:00,735.95,736.0,735.9,735.98,1902.0,47.0,735.95548
2026-05-20 09:05:00+00:00,735.83,735.89,735.79,735.79,936.0,35.0,735.83072
2026-05-20 09:10:00+00:00,735.93,735.93,735.54,735.54,6285.0,52.0,735.659964
2026-05-20 09:15:00+00:00,735.49,735.78,735.46,735.78,1490.0,56.0,735.648663
2026-05-20 09:20:00+00:00,735.83,735.83,735.52,735.52,3776.0,53.0,735.535164
2026-05-20 09:25:00+00:00,735.6,735.77,735.6,735.77,661.0,19.0,735.685314
2026-05-20 09:30:00+00:00,735.85,735.99,735.85,735.94,3302.0,58.0,735.945189
2026-05-20 09:35:00+00:00,735.86,735.86,735.83,735.83,685.0,16.0,735.837433
2026-05-20 09:40:00+00:00,735.99,735.99,735.95,735.98,954.0,31.0,735.970738
2026-05-20 09:45:00+00:00,735.95,736.05,735.85,736.05,2402.0,59.0,735.952621
2026-05-20 09:50:00+00:00,736.04,736.7,735.94,736.45,17555.0,242.0,736.504861
2026-05-20 09:55:00+00:00,736.56,736.56,736.31,736.32,1495.0,43.0,736.430415
2026-05-20 10:00:00+00:00,736.43,736.88,736.42,736.61,5990.0,114.0,736.695819
2026-05-20 10:05:00+00:00,736.62,736.95,736.61,736.75,2584.0,82.0,736.789572
2026-05-20 10:10:00+00:00,736.71,736.73,736.6,736.73,596.0,30.0,736.663732
2026-05-20 10:15:00+00:00,736.74,736.74,736.58,736.62,1343.0,34.0,736.644123
2026-05-20 10:20:00+00:00,736.64,736.85,736.64,736.78,4403.0,88.0,736.804979
2026-05-20 10:25:00+00:00,736.82,736.82,736.66,736.75,520.0,27.0,736.725711
2026-05-20 10:30:00+00:00,736.77,737.07,736.77,736.98,3391.0,85.0,736.974848
2026-05-20 10:35:00+00:00,737.07,737.32,736.89,736.89,3463.0,90.0,737.143835
2026-05-20 10:40:00+00:00,736.83,736.83,736.64,736.71,13779.0,90.0,736.735297
2026-05-20 10:45:00+00:00,736.68,736.81,736.57,736.57,4654.0,76.0,736.671769
2026-05-20 10:50:00+00:00,736.58,736.61,736.4,736.43,11251.0,171.0,736.4646
2026-05-20 10:55:00+00:00,736.22,736.29,736.12,736.12,2626.0,76.0,736.210843
2026-05-20 11:00:00+00:00,736.21,736.43,736.0865,736.2612,49861.0,509.0,736.270995
2026-05-20 11:05:00+00:00,736.38,736.58,736.32,736.3988,25427.0,255.0,736.434674
2026-05-20 11:10:00+00:00,736.47,736.52,736.12,736.12,6093.0,139.0,736.35786
2026-05-20 11:15:00+00:00,736.18,736.3909,736.18,736.32,12845.0,130.0,736.290417
2026-05-20 11:20:00+00:00,736.28,736.6574,736.26,736.64,9100.0,172.0,736.52619
2026-05-20 11:25:00+00:00,736.6402,736.6888,736.45,736.6848,24379.0,288.0,736.586054
2026-05-20 11:30:00+00:00,736.72,736.95,736.7052,736.85,16582.0,239.0,736.897323
2026-05-20 11:35:00+00:00,736.8325,736.86,736.48,736.48,37135.0,412.0,736.742386
2026-05-20 11:40:00+00:00,736.49,736.7,736.06,736.4222,29560.0,371.0,736.498116
2026-05-20 11:45:00+00:00,736.2705,736.47,735.88,735.94,4557.0,142.0,736.209668
2026-05-20 11:50:00+00:00,735.95,736.1196,735.78,736.1196,43079.0,314.0,735.9418
2026-05-20 11:55:00+00:00,736.1269,736.29,736.0,736.0,5586.0,135.0,736.069179
2026-05-20 12:00:00+00:00,735.9416,736.54,735.941,736.54,5941.0,140.0,736.338925
2026-05-20 12:05:00+00:00,736.54,736.77,736.5,736.5,11991.0,210.0,736.626216
2026-05-20 12:10:00+00:00,736.49,736.77,736.43,736.73,7435.0,182.0,736.624944
2026-05-20 12:15:00+00:00,736.75,736.82,736.5816,736.64,13283.0,269.0,736.64524
2026-05-20 12:20:00+00:00,736.56,736.9482,736.41,736.9482,5303.0,210.0,736.6249
2026-05-20 12:25:00+00:00,736.95,737.52,736.95,737.36,38712.0,637.0,737.182301
2026-05-20 12:30:00+00:00,737.4,737.72,737.08,737.66,43273.0,589.0,737.380253
2026-05-20 12:35:00+00:00,737.66,737.71,737.1,737.16,41892.0,457.0,737.408947
2026-05-20 12:40:00+00:00,737.14,737.17,736.921,736.96,16371.0,302.0,737.028812
2026-05-20 12:45:00+00:00,737.01,737.1499,736.931,737.0,16921.0,265.0,737.035979
2026-05-20 12:50:00+00:00,736.91,737.07,736.669,737.07,59234.0,610.0,736.831214
2026-05-20 12:55:00+00:00,736.98,736.98,736.4278,736.45,20646.0,345.0,736.619446
2026-05-20 13:00:00+00:00,736.39,736.55,736.29,736.3,26292.0,401.0,736.4134
2026-05-20 13:05:00+00:00,736.36,736.52,736.27,736.36,16004.0,385.0,736.415756
2026-05-20 13:10:00+00:00,736.39,736.42,736.19,736.35,11110.0,293.0,736.347056
2026-05-20 13:15:00+00:00,736.3,736.35,736.0,736.1,17222.0,339.0,736.187214
2026-05-20 13:20:00+00:00,736.1,736.5,736.06,736.39,34562.0,405.0,736.183682
2026-05-20 13:25:00+00:00,736.34,736.45,735.55,735.72,91891.0,880.0,735.947486
2026-05-20 13:30:00+00:00,735.7,736.1,735.06,735.64,1206978.0,17484.0,735.563605
2026-05-20 13:35:00+00:00,735.65,735.65,734.27,734.89,756378.0,12486.0,734.82767
2026-05-20 13:40:00+00:00,734.89,736.31,734.68,735.98,650848.0,10834.0,735.361148
2026-05-20 13:45:00+00:00,736.03,737.23,735.91,736.023,864437.0,13515.0,736.550607
2026-05-20 13:50:00+00:00,736.035,736.67,735.33,735.99,531000.0,9716.0,736.10988
2026-05-20 13:55:00+00:00,736.0,736.27,735.67,736.13,271469.0,5737.0,736.010187
2026-05-20 14:00:00+00:00,736.14,736.26,735.04,735.17,438592.0,8025.0,735.55493
2026-05-20 14:05:00+00:00,735.17,735.3,734.58,734.745,359651.0,6598.0,735.000476
2026-05-20 14:10:00+00:00,734.7399,735.94,733.89,735.3,742396.0,13569.0,734.676232
2026-05-20 14:15:00+00:00,735.35,738.54,735.2117,737.32,1334519.0,20221.0,737.101699
2026-05-20 14:20:00+00:00,737.3,738.16,736.67,736.87,911278.0,16276.0,737.616894
2026-05-20 14:25:00+00:00,736.88,737.89,736.47,737.89,522293.0,10014.0,737.462131
2026-05-20 14:30:00+00:00,737.9,738.98,737.9,738.19,1079085.0,16901.0,738.588918
2026-05-20 14:35:00+00:00,738.19,738.41,737.44,737.94,558829.0,11228.0,737.914325
2026-05-20 14:40:00+00:00,737.94,738.31,737.65,738.3,239399.0,6985.0,737.934806
2026-05-20 14:45:00+00:00,738.31,738.48,737.6,738.01,389988.0,8689.0,738.067345
2026-05-20 14:50:00+00:00,738.03,738.81,737.88,738.72,257277.0,6945.0,738.45208
2026-05-20 14:55:00+00:00,738.71,739.48,738.57,739.2,547858.0,10795.0,739.192567
2026-05-20 15:00:00+00:00,739.19,739.5,738.76,738.82,431604.0,8727.0,739.121698
2026-05-20 15:05:00+00:00,738.81,739.01,738.59,738.83,328546.0,7944.0,738.800361
2026-05-20 15:10:00+00:00,738.87,738.95,738.65,738.8,167521.0,5366.0,738.824916
2026-05-20 15:15:00+00:00,738.8,741.87,738.8,740.38,2408060.0,35288.0,740.670177
2026-05-20 15:20:00+00:00,740.37,740.73,740.01,740.2,392950.0,8522.0,740.432689
2026-05-20 15:25:00+00:00,740.18,740.24,739.15,739.295,533510.0,10343.0,739.705061
2026-05-20 15:30:00+00:00,739.295,739.93,739.23,739.93,401556.0,7937.0,739.606331
2026-05-20 15:35:00+00:00,739.92,740.19,739.84,739.92,372532.0,7147.0,740.012243
2026-05-20 15:40:00+00:00,739.9103,740.43,739.68,740.315,223508.0,6097.0,740.081653
2026-05-20 15:45:00+00:00,740.33,740.75,740.19,740.7266,246375.0,6160.0,740.534146
2026-05-20 15:50:00+00:00,740.73,740.92,740.49,740.71,351773.0,7610.0,740.726461
2026-05-20 15:55:00+00:00,740.7,740.76,739.92,740.24,344268.0,7687.0,740.276134
2026-05-20 16:00:00+00:00,740.26,740.395,739.87,740.26,324942.0,5502.0,740.195417
2026-05-20 16:05:00+00:00,740.25,740.53,740.02,740.182,202181.0,5821.0,740.315841
2026-05-20 16:10:00+00:00,740.17,740.28,739.84,740.08,157980.0,5089.0,740.080615
2026-05-20 16:15:00+00:00,740.07,740.14,739.52,739.68,244818.0,6244.0,739.788645
2026-05-20 16:20:00+00:00,739.71,739.76,738.89,739.21,413701.0,7521.0,739.257968
2026-05-20 16:25:00+00:00,739.2,739.2,738.55,738.93,351728.0,6250.0,738.88948
2026-05-20 16:30:00+00:00,738.95,739.37,738.58,738.69,443560.0,5290.0,738.85809
2026-05-20 16:35:00+00:00,738.69,739.09,738.5112,738.85,220518.0,4196.0,738.804113
2026-05-20 16:40:00+00:00,738.86,739.94,738.78,739.94,315695.0,5287.0,739.456549
2026-05-20 16:45:00+00:00,739.915,740.01,738.81,739.12,432027.0,6530.0,739.467232
2026-05-20 16:50:00+00:00,739.135,739.49,739.135,739.44,194683.0,3971.0,739.318442
2026-05-20 16:55:00+00:00,739.47,739.6,738.71,739.365,419752.0,5497.0,739.174956
2026-05-20 17:00:00+00:00,739.4,739.72,739.0,739.1,377063.0,6125.0,739.353446
2026-05-20 17:05:00+00:00,739.1,739.205,738.84,739.02,217770.0,4330.0,739.036115
2026-05-20 17:10:00+00:00,739.03,740.12,738.74,739.67,443416.0,8449.0,739.427771
2026-05-20 17:15:00+00:00,739.64,739.95,739.53,739.729,216294.0,4364.0,739.740252
2026-05-20 17:20:00+00:00,739.7,739.96,739.52,739.64,166215.0,3261.0,739.730102
2026-05-20 17:25:00+00:00,739.64,740.35,739.59,740.155,299714.0,5254.0,740.02258
2026-05-20 17:30:00+00:00,740.16,740.43,739.79,740.0,245741.0,6015.0,740.091875
2026-05-20 17:35:00+00:00,739.98,740.72,739.91,740.44,286919.0,5667.0,740.422746
2026-05-20 17:40:00+00:00,740.43,740.48,740.13,740.2575,205987.0,4013.0,740.332262
2026-05-20 17:45:00+00:00,740.27,740.36,739.92,740.14,316612.0,3482.0,740.159024
2026-05-20 17:50:00+00:00,740.15,740.22,739.65,739.67,214861.0,8361.0,739.89979
2026-05-20 17:55:00+00:00,739.66,739.9699,739.61,739.85,174997.0,3346.0,739.782134
2026-05-20 18:00:00+00:00,739.86,740.22,739.3,740.11,440155.0,8231.0,739.862119
2026-05-20 18:05:00+00:00,740.1,740.49,739.96,740.07,447883.0,7519.0,740.148208
2026-05-20 18:10:00+00:00,740.0702,740.18,739.835,740.065,454887.0,4293.0,740.031781
2026-05-20 18:15:00+00:00,740.075,740.31,740.01,740.11,192188.0,3742.0,740.156638
2026-05-20 18:20:00+00:00,740.1,740.23,739.68,739.725,378843.0,4910.0,739.964003
2026-05-20 18:25:00+00:00,739.72,740.13,739.64,740.08,382768.0,6468.0,739.914949
2026-05-20 18:30:00+00:00,740.13,740.43,740.1106,740.38,237242.0,4145.0,740.29173
2026-05-20 18:35:00+00:00,740.39,740.85,740.265,740.7175,338368.0,5530.0,740.569109
2026-05-20 18:40:00+00:00,740.7175,740.78,739.76,739.78,382768.0,6583.0,740.374518
2026-05-20 18:45:00+00:00,739.79,740.23,739.68,740.11,214945.0,4642.0,739.999861
2026-05-20 18:50:00+00:00,740.09,740.27,739.85,740.07,198817.0,4635.0,740.091725
2026-05-20 18:55:00+00:00,740.06,740.3,740.05,740.165,239188.0,5200.0,740.200702
2026-05-20 19:00:00+00:00,740.165,740.74,740.12,740.23,386150.0,6140.0,740.468558
2026-05-20 19:05:00+00:00,740.23,740.41,740.09,740.19,399684.0,6767.0,740.255639
2026-05-20 19:10:00+00:00,740.19,740.56,740.02,740.54,222167.0,5055.0,740.385246
2026-05-20 19:15:00+00:00,740.55,740.77,740.4,740.69,329729.0,6586.0,740.610615
2026-05-20 19:20:00+00:00,740.69,740.96,740.58,740.745,633811.0,8176.0,740.783914
2026-05-20 19:25:00+00:00,740.7401,740.87,740.66,740.82,431028.0,8434.0,740.773242
2026-05-20 19:30:00+00:00,740.83,740.98,740.57,740.89,740168.0,8267.0,740.828221
2026-05-20 19:35:00+00:00,740.88,741.61,740.86,741.41,660984.0,11482.0,741.150865
2026-05-20 19:40:00+00:00,741.3987,741.44,741.18,741.24,586133.0,10091.0,741.316653
2026-05-20 19:45:00+00:00,741.22,741.43,740.99,741.085,989915.0,15087.0,741.191005
2026-05-20 19:50:00+00:00,741.085,741.46,740.55,740.98,1596068.0,19689.0,740.885198
2026-05-20 19:55:00+00:00,740.97,741.4,740.77,741.3,2127819.0,26778.0,741.154092
2026-05-20 20:00:00+00:00,741.3,741.3,740.64,740.83,1731055.0,1565.0,741.191297
2026-05-20 20:05:00+00:00,740.8,741.1,740.68,741.0122,496060.0,1034.0,740.846714
2026-05-20 20:10:00+00:00,740.97,741.14,740.58,740.91,2521126.0,713.0,740.821811
2026-05-20 20:15:00+00:00,740.98,741.03,739.42,740.77,151793.0,1277.0,740.292205
2026-05-20 20:20:00+00:00,740.72,741.08,739.0395,740.47,185182.0,1276.0,739.770557
2026-05-20 20:25:00+00:00,740.34,741.43,740.14,741.38,100911.0,801.0,740.817585
2026-05-20 20:30:00+00:00,741.37,741.43,740.0904,740.2,186983.0,632.0,740.702194
2026-05-20 20:35:00+00:00,740.24,740.41,739.8,740.01,316453.0,364.0,740.081035
2026-05-20 20:40:00+00:00,740.11,740.3,739.82,740.0,477938.0,275.0,740.043933
2026-05-20 20:45:00+00:00,740.04,740.3,739.9,739.92,30325.0,275.0,740.014089
2026-05-20 20:50:00+00:00,739.9,740.0,739.3486,739.44,228577.0,354.0,739.660499
2026-05-20 20:55:00+00:00,739.45,739.81,739.45,739.55,25781.0,287.0,739.617911
2026-05-20 21:00:00+00:00,739.67,739.81,739.6129,739.78,99660.0,122.0,739.775719
2026-05-20 21:05:00+00:00,739.78,739.81,738.9,739.2,32934.0,564.0,739.34805
2026-05-20 21:10:00+00:00,739.19,739.3422,739.16,739.23,12920.0,168.0,739.243648
2026-05-20 21:15:00+00:00,739.25,739.6,739.25,739.49,24897.0,213.0,739.42771
2026-05-20 21:20:00+00:00,739.48,739.8,739.3,739.8,20334.0,232.0,739.570987
2026-05-20 21:25:00+00:00,739.89,740.19,739.82,739.865,33665.0,273.0,739.960667
2026-05-20 21:30:00+00:00,739.9,739.97,739.69,739.69,10818.0,92.0,739.914586
2026-05-20 21:35:00+00:00,739.75,739.75,739.6,739.6,11882.0,211.0,739.676368
2026-05-20 21:40:00+00:00,739.5903,739.9,739.5,739.8102,25053.0,94.0,739.53683
2026-05-20 21:45:00+00:00,739.91,739.91,739.81,739.82,9997.0,120.0,739.835141
2026-05-20 21:50:00+00:00,739.91,739.95,739.9,739.9,10776.0,98.0,739.907739
2026-05-20 21:55:00+00:00,739.95,739.95,739.65,739.9,19381.0,179.0,739.861375
2026-05-20 22:00:00+00:00,739.57,739.57,738.52,738.55,164864.0,1575.0,739.063328
2026-05-20 22:05:00+00:00,738.55,738.64,737.19,737.4,31030.0,665.0,737.954711
2026-05-20 22:10:00+00:00,737.4,738.0,737.08,737.9,53040.0,350.0,737.651735
2026-05-20 22:15:00+00:00,737.84,738.05,737.31,737.45,7693.0,183.0,737.762961
2026-05-20 22:20:00+00:00,737.35,737.55,737.12,737.42,23105.0,217.0,737.329
2026-05-20 22:25:00+00:00,737.329,737.87,737.3065,737.84,15928.0,183.0,737.646057
2026-05-20 22:30:00+00:00,737.9,738.05,737.8,738.0171,11879.0,163.0,737.948163
2026-05-20 22:35:00+00:00,738.02,738.0629,737.939,737.98,1003.0,55.0,737.977026
2026-05-20 22:40:00+00:00,737.97,738.0986,737.79,738.0,8480.0,135.0,737.959671
2026-05-20 22:45:00+00:00,738.0,738.129,737.87,738.03,4965.0,92.0,737.962083
2026-05-20 22:50:00+00:00,738.04,738.04,737.8,737.97,4778.0,94.0,737.906719
2026-05-20 22:55:00+00:00,738.03,738.14,737.871,738.14,7116.0,111.0,738.007478
2026-05-20 23:00:00+00:00,738.0918,738.48,738.0918,738.36,5268.0,120.0,738.265915
2026-05-20 23:05:00+00:00,738.3665,738.56,738.3639,738.449,3826.0,76.0,738.496024
2026-05-20 23:10:00+00:00,738.399,738.79,738.3609,738.51,2935.0,99.0,738.475968
2026-05-20 23:15:00+00:00,738.5,738.5,738.19,738.3982,5303.0,103.0,738.315685
2026-05-20 23:20:00+00:00,738.33,738.3301,737.99,738.05,4638.0,106.0,738.096047
2026-05-20 23:25:00+00:00,738.05,738.07,737.81,738.0585,3510.0,73.0,738.009311
2026-05-20 23:30:00+00:00,738.0551,738.15,737.97,738.02,2430.0,84.0,738.027012
2026-05-20 23:35:00+00:00,738.03,738.24,738.02,738.095,839.0,49.0,738.120676
2026-05-20 23:40:00+00:00,738.2096,738.31,738.14,738.19,701.0,49.0,738.213186
2026-05-20 23:45:00+00:00,738.0293,738.39,738.0,738.31,3463.0,89.0,738.255712
2026-05-20 23:50:00+00:00,738.3637,738.3672,738.21,738.33,702.0,59.0,738.287258
2026-05-20 23:55:00+00:00,738.4186,738.42,738.1583,738.305,2934.0,101.0,738.308674
2026-05-21 08:00:00+00:00,739.2293,741.9,739.0,741.0,102416.0,2527.0,740.508138
2026-05-21 08:05:00+00:00,741.03,741.5,739.33,741.4,15436.0,295.0,741.200806
2026-05-21 08:10:00+00:00,741.5,742.39,741.5,742.3468,6657.0,203.0,742.034978
2026-05-21 08:15:00+00:00,742.6,743.21,741.78,741.78,14512.0,287.0,742.679991
2026-05-21 08:20:00+00:00,741.72,741.8,741.53,741.75,2061.0,66.0,741.662482
2026-05-21 08:25:00+00:00,741.7,742.28,741.51,742.1,9652.0,146.0,741.854752
2026-05-21 08:30:00+00:00,742.28,742.28,741.63,741.63,2102.0,56.0,741.882731
2026-05-21 08:35:00+00:00,741.71,741.77,741.435,741.6,2701.0,60.0,741.669741
2026-05-21 08:40:00+00:00,741.65,741.85,741.55,741.75,1078.0,42.0,741.693479
2026-05-21 08:45:00+00:00,741.54,741.67,741.37,741.61,8615.0,101.0,741.546535
2026-05-21 08:50:00+00:00,741.6,741.85,741.27,741.5215,3050.0,73.0,741.570102
2026-05-21 08:55:00+00:00,741.59,741.7,741.52,741.6,1445.0,50.0,741.590362
2026-05-21 09:00:00+00:00,741.56,741.79,741.45,741.55,11312.0,113.0,741.65493
2026-05-21 09:05:00+00:00,741.57,742.01,741.57,741.8958,3245.0,97.0,741.775725
2026-05-21 09:10:00+00:00,741.9,742.08,741.9,742.02,2634.0,49.0,742.022948
2026-05-21 09:15:00+00:00,742.0203,742.19,742.0203,742.06,2174.0,60.0,742.098079
2026-05-21 09:20:00+00:00,742.2,742.45,742.19,742.29,1626.0,65.0,742.304475
2026-05-21 09:25:00+00:00,742.22,742.57,742.22,742.57,2488.0,37.0,742.348359
2026-05-21 09:30:00+00:00,742.62,742.62,742.12,742.25,2472.0,57.0,742.29016
2026-05-21 09:35:00+00:00,742.33,742.43,742.18,742.2,1533.0,41.0,742.30789
2026-05-21 09:40:00+00:00,742.15,742.21,741.73,741.739,3673.0,78.0,741.869128
2026-05-21 09:45:00+00:00,741.63,741.9245,741.63,741.87,655.0,21.0,741.771071
2026-05-21 09:50:00+00:00,741.88,741.96,741.88,741.91,621.0,28.0,741.918172
2026-05-21 10:00:00+00:00,741.79,741.98,741.79,741.86,514.0,29.0,741.857061
2026-05-21 10:05:00+00:00,741.57,741.57,741.46,741.5,5803.0,61.0,741.501143
2026-05-21 10:10:00+00:00,741.6,741.94,741.58,741.94,2989.0,56.0,741.754112
2026-05-21 10:15:00+00:00,742.01,742.1,741.98,742.04,894.0,33.0,742.059231
2026-05-21 10:20:00+00:00,741.98,741.98,741.64,741.76,1227.0,36.0,741.806657
2026-05-21 10:25:00+00:00,741.35,741.35,739.0,739.51,76685.0,1100.0,740.156149
2026-05-21 10:30:00+00:00,739.38,739.63,738.76,739.61,29205.0,400.0,739.163254
2026-05-21 10:35:00+00:00,739.68,739.68,738.38,738.38,18568.0,266.0,739.077238
2026-05-21 10:40:00+00:00,738.3,738.91,738.13,738.83,30153.0,437.0,738.500612
2026-05-21 10:45:00+00:00,738.83,738.9,738.19,738.552,8030.0,173.0,738.562691
2026-05-21 10:50:00+00:00,738.55,738.85,737.87,738.7,24708.0,374.0,738.274759
2026-05-21 10:55:00+00:00,738.86,738.92,738.43,738.65,9935.0,146.0,738.759925
2026-05-21 11:00:00+00:00,738.68,739.16,738.26,738.8,35012.0,498.0,738.658593
2026-05-21 11:05:00+00:00,738.8299,738.8299,738.2,738.76,41006.0,526.0,738.584951
2026-05-21 11:10:00+00:00,738.76,739.3,738.71,739.15,28628.0,440.0,739.00127
2026-05-21 11:15:00+00:00,739.18,739.6,739.18,739.5795,17088.0,288.0,739.447479
2026-05-21 11:20:00+00:00,739.6,740.05,739.33,739.5,41225.0,462.0,739.776054
2026-05-21 11:25:00+00:00,739.57,739.68,739.35,739.53,5489.0,144.0,739.432002
2026-05-21 11:30:00+00:00,739.5882,739.84,739.43,739.5,4114.0,173.0,739.61911
2026-05-21 11:35:00+00:00,739.51,739.52,739.09,739.32,16745.0,372.0,739.284335
2026-05-21 11:40:00+00:00,739.4222,739.5285,739.13,739.28,14143.0,248.0,739.240933
2026-05-21 11:45:00+00:00,739.3,739.66,739.3,739.65,3646.0,140.0,739.511812
2026-05-21 11:50:00+00:00,739.5445,739.83,739.5445,739.6761,9657.0,161.0,739.699515
2026-05-21 11:55:00+00:00,739.6,739.6048,739.23,739.3387,9680.0,219.0,739.347687
2026-05-21 12:00:00+00:00,739.34,739.589,739.251,739.589,12068.0,219.0,739.411292
2026-05-21 12:05:00+00:00,739.54,739.58,738.99,739.1391,25754.0,277.0,739.353751
2026-05-21 12:10:00+00:00,740.63,740.63,738.881,739.02,22723.0,271.0,739.703502
2026-05-21 12:15:00+00:00,738.99,739.29,738.76,739.29,7884.0,227.0,738.911121
2026-05-21 12:20:00+00:00,739.29,739.29,738.57,738.67,12606.0,309.0,738.741447
2026-05-21 12:25:00+00:00,738.7309,738.9,738.56,738.9,21756.0,287.0,738.755865
2026-05-21 12:30:00+00:00,738.9,739.91,738.66,739.59,86169.0,995.0,739.286947
2026-05-21 12:35:00+00:00,739.68,739.68,738.92,739.4,16608.0,406.0,739.340257
2026-05-21 12:40:00+00:00,739.39,739.47,738.64,738.9,16207.0,373.0,738.967269
2026-05-21 12:45:00+00:00,738.85,739.07,738.63,738.71,27328.0,405.0,738.797709
2026-05-21 12:50:00+00:00,738.75,738.83,738.41,738.75,25509.0,478.0,738.657776
2026-05-21 12:55:00+00:00,738.75,738.86,738.1,738.11,17322.0,455.0,738.35036
2026-05-21 13:00:00+00:00,738.22,739.04,738.085,738.9909,38086.0,573.0,738.847417
2026-05-21 13:05:00+00:00,738.97,739.11,738.46,738.52,35921.0,628.0,738.752035
2026-05-21 13:10:00+00:00,738.51,738.52,738.34,738.5,23029.0,464.0,738.468032
2026-05-21 13:15:00+00:00,738.49,738.52,738.22,738.45,14622.0,371.0,738.387862
2026-05-21 13:20:00+00:00,738.49,738.53,738.1903,738.28,11008.0,364.0,738.383539
2026-05-21 13:25:00+00:00,738.38,738.65,738.27,738.65,47324.0,633.0,738.419135
2026-05-21 13:30:00+00:00,738.67,738.69,737.62,738.56,1090123.0,18121.0,738.199337
2026-05-21 13:35:00+00:00,738.56,738.56,737.52,737.68,667728.0,11094.0,738.073613
2026-05-21 13:40:00+00:00,737.69,738.27,737.45,737.65,507059.0,9601.0,737.824189
2026-05-21 13:45:00+00:00,737.64,738.36,737.4147,737.58,700418.0,9920.0,737.882837
2026-05-21 13:50:00+00:00,737.55,739.75,737.5201,739.63,1009797.0,15730.0,738.818175
2026-05-21 13:55:00+00:00,739.61,740.18,739.11,739.79,471377.0,8078.0,739.605499
2026-05-21 14:00:00+00:00,739.78,740.615,739.65,740.0599,536345.0,9427.0,740.206615
2026-05-21 14:05:00+00:00,740.05,740.41,739.62,740.39,306075.0,6050.0,739.958211
2026-05-21 14:10:00+00:00,740.39,740.44,739.23,739.44,416432.0,8426.0,739.726405
2026-05-21 14:15:00+00:00,739.39,739.52,738.2133,738.235,631207.0,12267.0,738.850965
2026-05-21 14:20:00+00:00,738.235,738.425,737.44,737.88,718648.0,12132.0,737.946608
2026-05-21 14:25:00+00:00,737.86,738.6,737.73,738.505,366089.0,7917.0,738.093805
2026-05-21 14:30:00+00:00,738.5,739.265,738.16,738.46,451825.0,8997.0,738.804614
2026-05-21 14:35:00+00:00,738.43,739.1399,738.4,738.92,220753.0,6088.0,738.85615
2026-05-21 14:40:00+00:00,738.9331,739.03,738.0,738.59,213169.0,6139.0,738.394762
2026-05-21 14:45:00+00:00,738.56,738.79,737.6,738.11,241680.0,6212.0,738.223598
2026-05-21 14:50:00+00:00,738.15,738.61,737.7,738.59,239467.0,6078.0,738.166635
2026-05-21 14:55:00+00:00,738.6,739.2399,738.42,738.91,242023.0,6163.0,738.836443
2026-05-21 15:00:00+00:00,738.96,739.1499,738.38,738.51,217284.0,5791.0,738.772722
2026-05-21 15:05:00+00:00,738.51,738.56,737.25,737.67,379462.0,8719.0,737.767613
2026-05-21 15:10:00+00:00,737.65,739.33,737.03,738.935,806694.0,14471.0,738.199387
2026-05-21 15:15:00+00:00,738.95,739.19,738.65,738.99,444006.0,8631.0,738.920166
2026-05-21 15:20:00+00:00,738.97,739.37,738.65,738.87,372810.0,7519.0,739.016936
2026-05-21 15:25:00+00:00,738.88,739.11,738.63,738.8,294792.0,6436.0,738.878698
2026-05-21 15:30:00+00:00,738.81,738.97,737.82,738.0,386171.0,8309.0,738.363944
2026-05-21 15:35:00+00:00,737.975,738.97,737.85,738.95,263114.0,6519.0,738.493196
2026-05-21 15:40:00+00:00,738.95,739.35,738.72,739.12,242690.0,6211.0,739.004744
2026-05-21 15:45:00+00:00,739.1282,739.71,739.11,739.69,388781.0,6833.0,739.481906
2026-05-21 15:50:00+00:00,739.695,739.81,739.41,739.57,244662.0,5997.0,739.573482
2026-05-21 15:55:00+00:00,739.54,739.66,739.21,739.3,202713.0,5630.0,739.427771
2026-05-21 16:00:00+00:00,739.3,739.89,739.27,739.76,194449.0,6575.0,739.634315
2026-05-21 16:05:00+00:00,739.76,739.96,739.36,739.93,218936.0,5859.0,739.723471
2026-05-21 16:10:00+00:00,739.925,739.93,739.2,739.44,420173.0,8769.0,739.609428
2026-05-21 16:15:00+00:00,739.4404,739.52,739.06,739.175,218284.0,5340.0,739.273829
2026-05-21 16:20:00+00:00,739.16,739.35,738.38,738.81,291130.0,5448.0,738.863437
2026-05-21 16:25:00+00:00,738.8,738.93,738.51,738.8,225686.0,3968.0,738.724983
2026-05-21 16:30:00+00:00,738.81,739.18,738.66,739.05,292463.0,5075.0,738.930156
2026-05-21 16:35:00+00:00,739.04,739.18,738.4,738.71,316069.0,4782.0,738.713546
2026-05-21 16:40:00+00:00,738.735,738.99,738.55,738.9,162378.0,3547.0,738.804678
2026-05-21 16:45:00+00:00,738.93,739.17,738.28,738.47,289253.0,5695.0,738.687705
2026-05-21 16:50:00+00:00,738.48,738.76,738.09,738.61,218706.0,4293.0,738.457093
2026-05-21 16:55:00+00:00,738.61,738.93,738.54,738.9,237537.0,4847.0,738.778459
2026-05-21 17:00:00+00:00,738.93,739.34,738.93,739.07,295792.0,5096.0,739.138115
2026-05-21 17:05:00+00:00,739.05,739.29,739.01,739.09,196797.0,4039.0,739.148135
2026-05-21 17:10:00+00:00,739.06,741.15,739.02,740.45,1058492.0,17876.0,740.317606
2026-05-21 17:15:00+00:00,740.46,742.44,740.33,741.76,1249859.0,17297.0,741.751849
2026-05-21 17:20:00+00:00,741.74,743.05,741.06,741.98,1083125.0,16518.0,742.188397
2026-05-21 17:25:00+00:00,741.97,742.28,741.79,742.15,334744.0,6570.0,742.059
2026-05-21 17:30:00+00:00,742.16,742.69,741.97,742.28,523867.0,9646.0,742.383437
2026-05-21 17:35:00+00:00,742.28,742.84,742.27,742.79,324587.0,6031.0,742.647372
2026-05-21 17:40:00+00:00,742.8,743.6299,742.8,743.55,464492.0,8017.0,743.30329
2026-05-21 17:45:00+00:00,743.545,743.85,743.15,743.83,373327.0,6616.0,743.541446
2026-05-21 17:50:00+00:00,743.8375,744.63,743.63,744.58,572050.0,14120.0,744.203125
2026-05-21 17:55:00+00:00,744.58,744.87,743.65,743.68,690377.0,11191.0,744.185708
2026-05-21 18:00:00+00:00,743.68,744.11,742.85,742.97,511525.0,9106.0,743.603566
2026-05-21 18:05:00+00:00,742.965,743.67,742.75,743.49,559848.0,9626.0,743.203454
2026-05-21 18:10:00+00:00,743.485,743.56,742.79,742.89,528294.0,7996.0,743.186479
2026-05-21 18:15:00+00:00,742.88,743.23,742.58,743.2004,380314.0,6495.0,742.836959
2026-05-21 18:20:00+00:00,743.1912,743.57,743.03,743.55,384331.0,6570.0,743.282332
2026-05-21 18:25:00+00:00,743.56,743.64,743.24,743.34,299832.0,5277.0,743.451033
2026-05-21 18:30:00+00:00,743.35,743.56,743.1275,743.3,309534.0,5982.0,743.348746
2026-05-21 18:35:00+00:00,743.29,743.4,742.95,743.09,322013.0,6969.0,743.193379
2026-05-21 18:40:00+00:00,743.09,743.72,743.07,743.52,350024.0,6771.0,743.46857
2026-05-21 18:45:00+00:00,743.495,743.66,742.08,742.38,670720.0,12398.0,742.765606
2026-05-21 18:50:00+00:00,742.3951,742.96,740.31,740.36,956805.0,14791.0,741.730604
2026-05-21 18:55:00+00:00,740.34,741.04,740.08,741.0268,793792.0,12490.0,740.518403
2026-05-21 19:00:00+00:00,741.04,741.9,740.98,741.85,445773.0,8711.0,741.42889
2026-05-21 19:05:00+00:00,741.85,742.45,741.25,742.415,398904.0,8085.0,741.824226
2026-05-21 19:10:00+00:00,742.4,742.55,742.05,742.5101,364749.0,6961.0,742.326126
2026-05-21 19:15:00+00:00,742.53,742.8499,742.43,742.79,386455.0,7382.0,742.688735
2026-05-21 19:20:00+00:00,742.78,742.88,742.41,742.625,353671.0,6829.0,742.66043
2026-05-21 19:25:00+00:00,742.625,742.88,742.33,742.68,495222.0,8481.0,742.632867
2026-05-21 19:30:00+00:00,742.66,742.86,742.34,742.38,563189.0,7407.0,742.619192
2026-05-21 19:35:00+00:00,742.4,742.84,742.4,742.71,279802.0,5681.0,742.703005
2026-05-21 19:40:00+00:00,742.71,742.98,742.08,742.375,525600.0,8579.0,742.472288
2026-05-21 19:45:00+00:00,742.37,742.82,742.16,742.6,655878.0,10632.0,742.558812
2026-05-21 19:50:00+00:00,742.59,743.0,741.92,742.31,983992.0,18047.0,742.606415
2026-05-21 19:55:00+00:00,742.28,743.16,742.0,742.75,3062123.0,29876.0,742.787865
2026-05-21 20:00:00+00:00,742.72,743.13,742.56,742.88,977442.0,1201.0,742.748702
2026-05-21 20:05:00+00:00,742.87,743.22,742.81,743.08,549695.0,1291.0,743.002776
2026-05-21 20:10:00+00:00,743.03,743.05,742.87,743.05,875196.0,508.0,742.960249
2026-05-21 20:15:00+00:00,742.99,743.0,742.72,742.7215,45097.0,357.0,742.833951
2026-05-21 20:20:00+00:00,742.79,743.2,742.62,742.86,318993.0,2400.0,742.878818
2026-05-21 20:25:00+00:00,742.86,742.94,742.66,742.79,43633.0,405.0,742.782001
2026-05-21 20:30:00+00:00,742.8,742.9831,742.77,742.935,38050.0,422.0,742.890975
2026-05-21 20:35:00+00:00,742.92,743.0,742.9,742.94,34241.0,370.0,742.958133
2026-05-21 20:40:00+00:00,742.9301,742.97,742.91,742.97,26964.0,178.0,742.947644
2026-05-21 20:45:00+00:00,742.98,743.12,742.96,743.12,10383.0,170.0,743.043661
2026-05-21 20:50:00+00:00,743.07,743.1,743.05,743.05,266742.0,127.0,743.06614
2026-05-21 20:55:00+00:00,743.05,743.05,742.9,742.93,27823.0,200.0,742.962924
2026-05-21 21:00:00+00:00,742.99,743.04,742.955,742.96,531502.0,94.0,742.994205
2026-05-21 21:05:00+00:00,743.0,743.0,742.9,742.9,306315.0,103.0,742.950955
2026-05-21 21:10:00+00:00,742.99,743.03,742.99,743.03,1631.0,57.0,743.025616
2026-05-21 21:15:00+00:00,743.0,743.03,742.98,743.02,2242.0,62.0,743.016444
2026-05-21 21:20:00+00:00,743.0,743.008,742.97,742.97,460.0,37.0,742.983161
2026-05-21 21:25:00+00:00,743.02,743.15,743.02,743.12,4028.0,116.0,743.089957
2026-05-21 21:30:00+00:00,743.075,743.0981,742.96,742.96,2868.0,39.0,742.974276
2026-05-21 21:35:00+00:00,743.14,743.14,742.9852,743.13,381.0,21.0,743.114054
2026-05-21 21:40:00+00:00,743.04,743.07,742.95,743.07,1750.0,67.0,742.992143
2026-05-21 21:50:00+00:00,743.0,743.07,742.96,743.0,3606.0,52.0,742.978769
2026-05-21 21:55:00+00:00,743.01,743.07,742.97,742.97,1600.0,30.0,743.011222
2026-05-21 22:00:00+00:00,743.0293,743.73,743.0293,743.628,23616.0,284.0,743.580949
2026-05-21 22:05:00+00:00,743.69,743.79,743.6221,743.64,6162.0,115.0,743.690981
2026-05-21 22:10:00+00:00,743.62,743.789,743.62,743.78,2652.0,81.0,743.724989
2026-05-21 22:15:00+00:00,743.68,743.84,743.53,743.62,5478.0,115.0,743.667334
2026-05-21 22:20:00+00:00,743.61,743.61,743.5,743.51,3354.0,58.0,743.5559
2026-05-21 22:25:00+00:00,743.4285,743.58,743.4,743.5182,1966.0,74.0,743.488759
2026-05-21 22:30:00+00:00,743.56,743.62,743.41,743.55,1661.0,67.0,743.559673
2026-05-21 22:35:00+00:00,743.53,743.58,743.3465,743.39,3460.0,84.0,743.489893
2026-05-21 22:40:00+00:00,743.3,743.58,743.3,743.51,2585.0,105.0,743.454199
2026-05-21 22:45:00+00:00,743.54,743.83,743.54,743.75,4611.0,124.0,743.716206
2026-05-21 22:50:00+00:00,743.751,744.02,743.751,744.02,6003.0,181.0,743.949796
2026-05-21 22:55:00+00:00,744.0,744.12,744.0,744.0058,13635.0,92.0,744.020107
2026-05-21 23:00:00+00:00,744.0,744.08,743.97,744.05,1988.0,56.0,744.019951
2026-05-21 23:05:00+00:00,744.01,744.05,743.99,743.99,1060.0,56.0,744.031434
2026-05-21 23:10:00+00:00,743.92,744.02,743.92,744.02,737.0,58.0,743.944612
2026-05-21 23:15:00+00:00,743.97,744.06,743.93,743.93,1496.0,63.0,743.994283
2026-05-21 23:20:00+00:00,743.94,744.02,743.94,743.98,2026.0,52.0,743.984766
2026-05-21 23:25:00+00:00,744.02,744.04,743.97,743.97,780.0,40.0,744.025056
2026-05-21 23:30:00+00:00,744.0,744.01,743.9499,743.95,2806.0,47.0,743.969799
2026-05-21 23:35:00+00:00,744.0,744.0,743.9,743.9,1349.0,50.0,743.942427
2026-05-21 23:40:00+00:00,743.92,744.1958,743.92,744.02,10605.0,141.0,744.02707
2026-05-21 23:45:00+00:00,744.13,744.2,744.13,744.2,7758.0,78.0,744.148902
2026-05-21 23:50:00+00:00,744.2,744.56,744.2,744.2,5038.0,149.0,744.33157
2026-05-21 23:55:00+00:00,744.15,744.24,744.0695,744.1311,5015.0,112.0,744.136883
2026-05-22 08:00:00+00:00,745.45,746.05,744.77,745.75,70127.0,2862.0,745.551586
2026-05-22 08:05:00+00:00,745.69,745.92,745.16,745.5,4771.0,162.0,745.580842
2026-05-22 08:10:00+00:00,745.47,745.63,745.47,745.51,3219.0,49.0,745.574067
2026-05-22 08:15:00+00:00,745.61,746.34,745.61,746.12,10208.0,222.0,746.06847
2026-05-22 08:20:00+00:00,746.16,746.6,745.93,746.05,5843.0,127.0,746.346577
2026-05-22 08:25:00+00:00,746.0,746.05,745.87,745.92,4724.0,69.0,745.942995
2026-05-22 08:30:00+00:00,745.97,746.0,745.09,745.3,9492.0,212.0,745.439923
2026-05-22 08:35:00+00:00,745.3,745.78,745.0,745.63,18389.0,218.0,745.25743
2026-05-22 08:40:00+00:00,745.53,745.65,745.45,745.51,3262.0,77.0,745.604792
2026-05-22 08:45:00+00:00,745.62,745.7,745.56,745.58,895.0,38.0,745.637271
2026-05-22 08:50:00+00:00,745.5,745.8,745.5,745.73,6658.0,125.0,745.667367
2026-05-22 08:55:00+00:00,745.62,745.62,745.07,745.1,28744.0,211.0,745.446574
2026-05-22 09:00:00+00:00,745.06,745.11,744.67,744.73,5653.0,140.0,744.868898
2026-05-22 09:05:00+00:00,744.73,744.73,744.2,744.4,3728.0,121.0,744.435142
2026-05-22 09:10:00+00:00,744.44,744.49,744.25,744.25,1134.0,42.0,744.365069
2026-05-22 09:15:00+00:00,744.21,744.49,744.21,744.49,1486.0,59.0,744.336499
2026-05-22 09:20:00+00:00,744.53,744.59,744.46,744.49,929.0,31.0,744.537588
2026-05-22 09:25:00+00:00,744.41,744.41,744.1,744.11,1876.0,60.0,744.219609
2026-05-22 09:30:00+00:00,744.04,744.35,743.88,744.35,2844.0,99.0,744.049916
2026-05-22 09:35:00+00:00,744.39,744.71,744.39,744.67,412.0,24.0,744.595351
2026-05-22 09:40:00+00:00,744.6,744.74,744.57,744.74,1472.0,24.0,744.645717
2026-05-22 09:45:00+00:00,744.75,744.82,744.66,744.82,453.0,25.0,744.712801
2026-05-22 09:50:00+00:00,744.89,745.14,744.89,745.13,1976.0,58.0,744.946861
2026-05-22 09:55:00+00:00,745.04,745.1,744.89,744.89,772.0,32.0,744.996669
2026-05-22 10:00:00+00:00,744.82,744.9,744.68,744.68,2389.0,52.0,744.811436
2026-05-22 10:05:00+00:00,744.46,744.64,744.46,744.58,920.0,30.0,744.54868
2026-05-22 10:10:00+00:00,744.65,744.65,744.5,744.5,1635.0,44.0,744.559891
2026-05-22 10:15:00+00:00,744.4,744.4,744.14,744.14,1796.0,89.0,744.243927
2026-05-22 10:20:00+00:00,744.16,744.55,744.15,744.55,1171.0,33.0,744.288892
2026-05-22 10:25:00+00:00,744.5,744.5,743.83,743.89,4122.0,105.0,744.085441
2026-05-22 10:30:00+00:00,743.9,743.9,743.69,743.82,2690.0,94.0,743.7616
2026-05-22 10:35:00+00:00,743.72,743.92,743.67,743.73,13558.0,122.0,743.855494
2026-05-22 10:40:00+00:00,743.67,743.88,743.63,743.88,3349.0,70.0,743.679181
2026-05-22 10:45:00+00:00,743.83,744.0,743.8,743.98,5097.0,73.0,743.917023
2026-05-22 10:50:00+00:00,744.06,744.1548,743.98,744.09,4211.0,71.0,744.061883
2026-05-22 10:55:00+00:00,743.98,744.16,743.97,744.11,2283.0,37.0,744.054673
2026-05-22 11:00:00+00:00,744.07,744.39,744.07,744.37,10206.0,174.0,744.220784
2026-05-22 11:05:00+00:00,744.4,744.4598,744.319,744.32,6704.0,131.0,744.405804
2026-05-22 11:10:00+00:00,744.32,744.32,743.95,744.0,9707.0,127.0,744.024316
2026-05-22 11:15:00+00:00,744.0,744.02,743.89,743.93,4047.0,109.0,743.952811
2026-05-22 11:20:00+00:00,744.05,744.19,744.01,744.1,3476.0,107.0,744.081908
2026-05-22 11:25:00+00:00,744.12,744.22,744.1,744.12,1928.0,82.0,744.141774
2026-05-22 11:30:00+00:00,744.099,744.099,743.88,743.98,3874.0,91.0,743.980547
2026-05-22 11:35:00+00:00,744.0775,744.45,744.0775,744.45,2962.0,159.0,744.3217
2026-05-22 11:40:00+00:00,744.42,744.54,744.25,744.54,4820.0,137.0,744.396617
2026-05-22 11:45:00+00:00,744.51,745.2,744.49,744.9,25386.0,518.0,744.933937
2026-05-22 11:50:00+00:00,744.92,744.95,744.75,744.82,13744.0,125.0,744.826589
2026-05-22 11:55:00+00:00,744.72,745.0,744.6,744.72,20035.0,318.0,744.761915
2026-05-22 12:00:00+00:00,744.72,744.8,744.61,744.6515,6713.0,183.0,744.701
2026-05-22 12:05:00+00:00,744.62,744.72,744.5,744.52,3627.0,143.0,744.568813
2026-05-22 12:10:00+00:00,744.5,746.45,744.5,746.13,68329.0,1069.0,745.835825
2026-05-22 12:15:00+00:00,746.19,746.44,745.22,746.02,71431.0,893.0,745.779697
2026-05-22 12:20:00+00:00,746.12,746.14,745.44,745.74,45248.0,591.0,745.779033
2026-05-22 12:25:00+00:00,745.89,745.89,745.44,745.71,10046.0,256.0,745.618261
2026-05-22 12:30:00+00:00,745.71,745.94,745.62,745.82,35909.0,380.0,745.785514
2026-05-22 12:35:00+00:00,745.9,746.0981,745.74,746.08,48867.0,542.0,745.916213
2026-05-22 12:40:00+00:00,746.08,746.08,745.79,746.0,24824.0,362.0,746.021553
2026-05-22 12:45:00+00:00,745.99,746.46,745.99,746.35,13640.0,408.0,746.280052
2026-05-22 12:50:00+00:00,746.31,746.6,746.16,746.47,36198.0,455.0,746.38217
2026-05-22 12:55:00+00:00,746.42,746.93,746.38,746.8897,57640.0,636.0,746.608899
2026-05-22 13:00:00+00:00,746.91,746.94,746.17,746.4916,34724.0,554.0,746.341824
2026-05-22 13:05:00+00:00,746.54,747.18,746.34,747.1009,85934.0,1093.0,746.681736
2026-05-22 13:10:00+00:00,747.13,747.27,746.75,746.83,78196.0,925.0,747.040685
2026-05-22 13:15:00+00:00,746.75,747.05,746.36,746.61,47374.0,773.0,746.852285
2026-05-22 13:20:00+00:00,746.56,746.62,746.05,746.25,51392.0,731.0,746.253557
2026-05-22 13:25:00+00:00,746.29,746.53,746.17,746.19,33119.0,527.0,746.274301
2026-05-22 13:30:00+00:00,746.24,747.36,745.65,747.19,833674.0,15539.0,746.607707
2026-05-22 13:35:00+00:00,747.21,747.97,747.03,747.79,533567.0,9232.0,747.496058
2026-05-22 13:40:00+00:00,747.82,748.16,746.94,747.4169,811144.0,14047.0,747.52486
2026-05-22 13:45:00+00:00,747.44,748.085,747.06,747.4,509628.0,9052.0,747.627829
2026-05-22 13:50:00+00:00,747.39,747.45,746.62,747.33,914938.0,10262.0,747.011341
2026-05-22 13:55:00+00:00,747.28,747.58,746.78,747.54,321801.0,6371.0,747.057804
2026-05-22 14:00:00+00:00,747.55,747.56,745.83,746.21,598345.0,11291.0,746.515589
2026-05-22 14:05:00+00:00,746.17,746.22,745.29,746.13,541999.0,9432.0,745.817412
2026-05-22 14:10:00+00:00,746.125,746.36,745.53,745.56,277081.0,6818.0,746.039496
2026-05-22 14:15:00+00:00,745.545,746.06,745.39,745.44,267523.0,6970.0,745.724937
2026-05-22 14:20:00+00:00,745.45,745.59,744.48,744.98,393179.0,9129.0,745.135573
2026-05-22 14:25:00+00:00,744.99,745.74,744.89,745.69,307419.0,7409.0,745.400564
2026-05-22 14:30:00+00:00,745.7,745.98,745.46,745.94,292977.0,8256.0,745.734458
2026-05-22 14:35:00+00:00,745.94,746.33,745.88,746.04,237533.0,6496.0,746.116274
2026-05-22 14:40:00+00:00,746.06,746.525,745.99,746.38,204495.0,6069.0,746.324077
2026-05-22 14:45:00+00:00,746.37,746.44,745.79,746.16,204630.0,6049.0,746.162428
2026-05-22 14:50:00+00:00,746.13,746.23,745.9,746.23,171878.0,5381.0,746.072301
2026-05-22 14:55:00+00:00,746.23,746.72,746.09,746.49,265786.0,6746.0,746.4938
2026-05-22 15:00:00+00:00,746.49,746.87,746.45,746.8,197514.0,5855.0,746.657491
2026-05-22 15:05:00+00:00,746.81,747.13,746.69,747.05,196923.0,5456.0,746.915737
2026-05-22 15:10:00+00:00,747.04,747.1,746.72,747.03,327861.0,5023.0,746.932379
2026-05-22 15:15:00+00:00,747.01,747.45,746.88,747.43,210788.0,5878.0,747.212297
2026-05-22 15:20:00+00:00,747.43,747.44,747.065,747.25,225188.0,6062.0,747.268933
2026-05-22 15:25:00+00:00,747.24,747.88,747.09,747.88,303523.0,7072.0,747.58122
2026-05-22 15:30:00+00:00,747.89,748.04,747.53,747.62,413805.0,7127.0,747.766597
2026-05-22 15:35:00+00:00,747.6,747.85,747.46,747.66,175068.0,5471.0,747.674286
2026-05-22 15:40:00+00:00,747.66,747.77,747.43,747.74,170873.0,5323.0,747.626937
2026-05-22 15:45:00+00:00,747.72,747.8,747.31,747.36,219437.0,5685.0,747.57924
2026-05-22 15:50:00+00:00,747.355,747.73,747.35,747.605,300269.0,6396.0,747.549369
2026-05-22 15:55:00+00:00,747.61,747.69,747.44,747.61,228608.0,6386.0,747.588669
2026-05-22 16:00:00+00:00,747.6,747.75,747.225,747.57,233026.0,6534.0,747.509805
2026-05-22 16:05:00+00:00,747.59,747.64,747.25,747.35,159684.0,5479.0,747.439084
2026-05-22 16:10:00+00:00,747.335,747.56,747.18,747.39,156229.0,4969.0,747.40535
2026-05-22 16:15:00+00:00,747.38,747.41,746.9,746.94,209943.0,6272.0,747.12061
2026-05-22 16:20:00+00:00,746.9184,747.35,746.85,746.98,176079.0,4002.0,747.145778
2026-05-22 16:25:00+00:00,746.96,747.39,746.88,747.38,287270.0,4359.0,747.205445
2026-05-22 16:30:00+00:00,747.38,747.6399,746.99,747.02,187013.0,4183.0,747.371984
2026-05-22 16:35:00+00:00,747.02,747.36,746.8605,747.01,151123.0,3542.0,747.105353
2026-05-22 16:40:00+00:00,747.0,747.28,746.92,747.03,130311.0,2705.0,747.033395
2026-05-22 16:45:00+00:00,747.0201,747.55,747.0201,747.15,174080.0,4096.0,747.284533
2026-05-22 16:50:00+00:00,747.17,747.5,747.07,747.49,143099.0,3347.0,747.257709
2026-05-22 16:55:00+00:00,747.475,747.4875,747.06,747.28,153124.0,3096.0,747.317045
2026-05-22 17:00:00+00:00,747.305,747.79,747.29,747.78,198924.0,3520.0,747.645898
2026-05-22 17:05:00+00:00,747.79,747.88,747.65,747.74,199221.0,3452.0,747.768737
2026-05-22 17:10:00+00:00,747.74,747.86,747.57,747.65,222817.0,4097.0,747.698106
2026-05-22 17:15:00+00:00,747.65,747.8,746.72,746.83,287657.0,5097.0,747.432647
2026-05-22 17:20:00+00:00,746.83,747.41,746.63,747.38,447150.0,7131.0,747.162421
2026-05-22 17:25:00+00:00,747.39,748.78,747.32,748.735,849550.0,14532.0,748.031382
2026-05-22 17:30:00+00:00,748.78,748.94,747.83,747.9799,968964.0,11907.0,748.407281
2026-05-22 17:35:00+00:00,747.96,748.39,747.8,748.29,260004.0,4946.0,748.119436
2026-05-22 17:40:00+00:00,748.29,748.36,747.96,748.02,402536.0,5488.0,748.193634
2026-05-22 17:45:00+00:00,748.03,748.1,747.72,747.75,204366.0,4869.0,747.924383
2026-05-22 17:50:00+00:00,747.73,747.81,747.1,747.3001,255772.0,11843.0,747.515823
2026-05-22 17:55:00+00:00,747.34,747.62,747.26,747.37,169075.0,4064.0,747.462729
2026-05-22 18:00:00+00:00,747.3798,747.69,746.83,747.12,458081.0,8655.0,747.265955
2026-05-22 18:05:00+00:00,747.12,747.44,747.07,747.34,373436.0,5966.0,747.306559
2026-05-22 18:10:00+00:00,747.34,747.4699,747.01,747.215,309241.0,4222.0,747.191411
2026-05-22 18:15:00+00:00,747.23,747.48,746.99,747.3101,246944.0,4393.0,747.176404
2026-05-22 18:20:00+00:00,747.33,747.57,747.24,747.52,208449.0,4918.0,747.43119
2026-05-22 18:25:00+00:00,747.53,747.57,747.2,747.31,213672.0,3869.0,747.342133
2026-05-22 18:30:00+00:00,747.3,747.37,747.07,747.27,178515.0,3581.0,747.246038
2026-05-22 18:35:00+00:00,747.27,747.46,746.81,747.19,327374.0,6202.0,747.099935
2026-05-22 18:40:00+00:00,747.16,747.47,747.1453,747.33,167655.0,3520.0,747.372809
2026-05-22 18:45:00+00:00,747.34,747.46,746.93,747.08,507477.0,4970.0,747.165357
2026-05-22 18:50:00+00:00,747.0838,747.43,747.02,747.34,198033.0,3972.0,747.201423
2026-05-22 18:55:00+00:00,747.33,747.35,747.11,747.12,157372.0,3678.0,747.216432
2026-05-22 19:00:00+00:00,747.12,747.27,746.2,746.5699,517931.0,10071.0,746.781991
2026-05-22 19:05:00+00:00,746.55,746.64,746.145,746.485,281356.0,5738.0,746.391637
2026-05-22 19:10:00+00:00,746.47,746.6399,746.17,746.37,291774.0,5706.0,746.47066
2026-05-22 19:15:00+00:00,746.38,746.45,746.02,746.36,369323.0,6808.0,746.253033
2026-05-22 19:20:00+00:00,746.35,746.35,745.97,746.15,682082.0,7361.0,746.116754
2026-05-22 19:25:00+00:00,746.17,746.19,745.5,745.58,487886.0,8215.0,745.845507
2026-05-22 19:30:00+00:00,745.575,745.95,745.26,745.83,618886.0,8565.0,745.66244
2026-05-22 19:35:00+00:00,745.83,746.12,745.65,745.86,575036.0,7735.0,745.890021
2026-05-22 19:40:00+00:00,745.85,745.95,745.33,745.64,889071.0,9605.0,745.588253
2026-05-22 19:45:00+00:00,745.64,745.65,744.955,745.46,785939.0,10735.0,745.30048
2026-05-22 19:50:00+00:00,745.46,745.73,745.03,745.42,1362863.0,15504.0,745.462759
2026-05-22 19:55:00+00:00,745.42,746.21,745.4,745.59,2665818.0,28410.0,745.864495
2026-05-22 20:00:00+00:00,745.59,745.75,745.28,745.52,1460593.0,1377.0,745.614469
2026-05-22 20:05:00+00:00,745.68,745.84,745.58,745.78,104342.0,703.0,745.710142
2026-05-22 20:10:00+00:00,745.79,746.03,745.75,745.95,3108294.0,824.0,745.883396
2026-05-22 20:15:00+00:00,745.9,745.92,745.67,745.84,42940.0,428.0,745.797175
2026-05-22 20:20:00+00:00,745.8,745.89,745.65,745.7,37344.0,372.0,745.76185
2026-05-22 20:25:00+00:00,745.7,745.74,745.67,745.74,824169.0,225.0,745.704402
2026-05-22 20:30:00+00:00,745.71,745.82,745.04,745.37,633751.0,1013.0,745.526325
2026-05-22 20:35:00+00:00,745.38,745.48,745.3,745.31,3361093.0,280.0,745.391227
2026-05-22 20:40:00+00:00,745.3,745.57,745.1,745.14,252212.0,233.0,745.507041
2026-05-22 20:45:00+00:00,745.11,745.31,744.9,744.98,22969.0,263.0,745.02197
2026-05-22 20:50:00+00:00,745.01,745.15,745.01,745.109,3692.0,121.0,745.09221
2026-05-22 20:55:00+00:00,745.11,745.12,744.84,745.04,198427.0,191.0,744.968107
2026-05-22 21:00:00+00:00,745.01,745.11,744.92,745.1,39583.0,122.0,744.946013
2026-05-22 21:05:00+00:00,745.11,745.12,744.95,744.95,203908.0,296.0,745.008512
2026-05-22 21:10:00+00:00,744.95,745.01,744.92,744.95,62766.0,208.0,744.95015
2026-05-22 21:15:00+00:00,744.96,745.12,744.95,745.09,61961.0,277.0,745.010817
2026-05-22 21:20:00+00:00,745.11,745.11,744.93,745.03,5080.0,125.0,745.010045
2026-05-22 21:25:00+00:00,745.0501,745.0501,744.86,744.87,29716.0,136.0,744.883937
2026-05-22 21:30:00+00:00,744.95,744.95,744.83,744.83,2058.0,62.0,744.916695
2026-05-22 21:35:00+00:00,744.87,744.97,744.81,744.8325,2006.0,68.0,744.862243
2026-05-22 21:40:00+00:00,745.0,745.0,744.92,744.92,550.0,23.0,744.984959
2026-05-22 21:45:00+00:00,744.89,744.95,744.88,744.88,1586.0,58.0,744.900866
2026-05-22 21:50:00+00:00,744.93,744.93,744.87,744.88,6039.0,142.0,744.879808
2026-05-22 21:55:00+00:00,744.8797,745.17,744.87,745.17,11337.0,99.0,744.911634
2026-05-22 22:00:00+00:00,745.11,745.16,745.11,745.16,4189.0,38.0,745.143595
2026-05-22 22:05:00+00:00,745.1,745.13,744.99,745.12,5531.0,118.0,745.02436
2026-05-22 22:10:00+00:00,745.0,745.02,744.94,744.999,4349.0,76.0,744.992024
2026-05-22 22:15:00+00:00,744.98,744.98,744.9,744.9,657.0,41.0,744.922913
2026-05-22 22:20:00+00:00,744.91,745.0,744.83,744.98,1291.0,77.0,744.904095
2026-05-22 22:25:00+00:00,745.0,745.0,744.62,744.64,7217.0,137.0,744.729279
2026-05-22 22:30:00+00:00,744.62,744.76,744.62,744.7,2466.0,71.0,744.67064
2026-05-22 22:35:00+00:00,744.7,744.75,744.65,744.65,1754.0,92.0,744.694068
2026-05-22 22:40:00+00:00,744.6304,744.69,744.63,744.63,4801.0,69.0,744.635631
2026-05-22 22:45:00+00:00,744.63,744.63,744.4,744.43,15595.0,275.0,744.465662
2026-05-22 22:50:00+00:00,744.4,744.52,744.38,744.39,2136.0,73.0,744.397498
2026-05-22 22:55:00+00:00,744.49,744.64,744.49,744.64,332.0,26.0,744.554478
2026-05-22 23:00:00+00:00,744.55,744.69,744.36,744.3755,2280.0,112.0,744.498742
2026-05-22 23:05:00+00:00,744.35,744.41,744.35,744.384,5145.0,82.0,744.378401
2026-05-22 23:10:00+00:00,744.37,744.41,744.37,744.41,2006.0,54.0,744.404621
2026-05-22 23:15:00+00:00,744.41,744.41,744.35,744.37,3987.0,96.0,744.374593
2026-05-22 23:20:00+00:00,744.35,744.41,744.35,744.41,1513.0,69.0,744.377079
2026-05-22 23:25:00+00:00,744.41,744.5,744.27,744.29,3988.0,120.0,744.379686
2026-05-22 23:30:00+00:00,744.3,744.41,744.06,744.06,2373.0,92.0,744.223202
2026-05-22 23:35:00+00:00,744.3,744.35,744.3,744.3318,1267.0,47.0,744.329734
2026-05-22 23:40:00+00:00,744.21,744.3,744.07,744.15,2270.0,68.0,744.236888
2026-05-22 23:45:00+00:00,744.3,744.3,743.9301,743.97,18717.0,217.0,744.034861
2026-05-22 23:50:00+00:00,743.97,744.01,743.91,743.95,4398.0,110.0,743.988235
2026-05-22 23:55:00+00:00,743.91,744.0,743.73,743.73,5735.0,159.0,743.875888
2026-05-26 08:00:00+00:00,748.8,750.99,748.8,749.56,68240.0,2572.0,750.139371
2026-05-26 08:05:00+00:00,749.59,750.73,749.55,749.6,11515.0,327.0,749.770058
2026-05-26 08:10:00+00:00,749.64,749.91,749.62,749.64,5626.0,130.0,749.759978
2026-05-26 08:15:00+00:00,749.64,749.89,749.59,749.83,1826.0,87.0,749.726777
2026-05-26 08:20:00+00:00,749.84,749.9,749.75,749.79,1418.0,67.0,749.834752
2026-05-26 08:25:00+00:00,749.86,749.86,749.68,749.79,847.0,61.0,749.79289
2026-05-26 08:30:00+00:00,749.76,749.81,749.55,749.59,1746.0,88.0,749.637342
2026-05-26 08:35:00+00:00,749.61,749.82,749.51,749.79,3069.0,93.0,749.63603
2026-05-26 08:40:00+00:00,749.77,749.86,749.77,749.82,4508.0,78.0,749.826454
2026-05-26 08:45:00+00:00,749.82,749.82,749.66,749.66,2824.0,63.0,749.709818
2026-05-26 08:50:00+00:00,749.65,749.96,749.65,749.84,1347.0,54.0,749.837446
2026-05-26 08:55:00+00:00,749.88,749.89,749.79,749.89,2966.0,73.0,749.840481
2026-05-26 09:00:00+00:00,749.99,750.01,749.89,749.96,3264.0,102.0,749.963066
2026-05-26 09:05:00+00:00,750.05,750.05,749.74,749.74,1408.0,95.0,749.843544
2026-05-26 09:10:00+00:00,749.76,749.86,749.73,749.74,4471.0,91.0,749.782175
2026-05-26 09:15:00+00:00,749.74,750.05,749.7,750.01,6878.0,169.0,749.938085
2026-05-26 09:20:00+00:00,749.93,750.03,749.75,749.75,2165.0,85.0,749.847543
2026-05-26 09:25:00+00:00,749.89,750.36,749.89,750.36,10822.0,204.0,750.169054
2026-05-26 09:30:00+00:00,750.38,750.47,750.38,750.45,1444.0,62.0,750.422289
2026-05-26 09:35:00+00:00,750.42,750.5,750.37,750.37,5443.0,58.0,750.477532
2026-05-26 09:40:00+00:00,750.27,750.39,750.25,750.27,1130.0,59.0,750.288649
2026-05-26 09:45:00+00:00,750.32,750.39,750.26,750.37,1946.0,52.0,750.320974
2026-05-26 09:50:00+00:00,750.31,750.38,750.31,750.31,988.0,37.0,750.31521
2026-05-26 09:55:00+00:00,750.46,750.5,750.39,750.4,676.0,48.0,750.441837
2026-05-26 10:00:00+00:00,750.37,750.49,750.32,750.46,1293.0,47.0,750.445867
2026-05-26 10:05:00+00:00,750.4,750.57,750.37,750.57,1727.0,73.0,750.503874
2026-05-26 10:10:00+00:00,750.59,750.81,750.59,750.81,2134.0,73.0,750.666138
2026-05-26 10:15:00+00:00,750.85,750.9,750.72,750.9,2379.0,109.0,750.815965
2026-05-26 10:20:00+00:00,750.96,750.99,750.84,750.92,6096.0,91.0,750.885193
2026-05-26 10:25:00+00:00,750.88,751.32,750.86,751.2,8589.0,189.0,751.110075
2026-05-26 10:30:00+00:00,751.31,751.69,751.31,751.56,16444.0,211.0,751.534087
2026-05-26 10:35:00+00:00,751.52,751.55,751.34,751.39,21239.0,219.0,751.423715
2026-05-26 10:40:00+00:00,751.29,751.42,751.05,751.15,7408.0,149.0,751.261147
2026-05-26 10:45:00+00:00,751.0,751.06,750.92,751.0,8774.0,128.0,751.005862
2026-05-26 10:50:00+00:00,751.1,751.1,750.94,750.96,3290.0,66.0,750.999952
2026-05-26 10:55:00+00:00,750.96,751.09,750.87,750.87,19572.0,249.0,750.996049
2026-05-26 11:00:00+00:00,750.84,751.04,750.73,750.79,50182.0,920.0,750.909218
2026-05-26 11:05:00+00:00,750.8,750.92,750.74,750.87,5279.0,234.0,750.830839
2026-05-26 11:10:00+00:00,750.9,750.9039,750.6799,750.6799,4595.0,105.0,750.813907
2026-05-26 11:15:00+00:00,750.7,750.85,750.59,750.7534,24742.0,286.0,750.704012
2026-05-26 11:20:00+00:00,750.79,751.0,750.7762,751.0,12890.0,172.0,750.92376
2026-05-26 11:25:00+00:00,751.0174,751.04,750.69,750.69,89549.0,600.0,750.798978
2026-05-26 11:30:00+00:00,750.6867,750.94,750.3,750.406,29642.0,511.0,750.515004
2026-05-26 11:35:00+00:00,750.42,750.46,749.82,750.44,35413.0,610.0,750.250204
2026-05-26 11:40:00+00:00,750.45,750.67,750.45,750.67,32818.0,315.0,750.565229
2026-05-26 11:45:00+00:00,750.66,750.75,750.6,750.6,10074.0,134.0,750.65277
2026-05-26 11:50:00+00:00,750.54,750.79,750.54,750.69,9215.0,192.0,750.700595
2026-05-26 11:55:00+00:00,750.74,750.75,750.55,750.6013,1499.0,97.0,750.685666
2026-05-26 12:00:00+00:00,750.64,750.7299,750.55,750.6692,2850.0,131.0,750.658691
2026-05-26 12:05:00+00:00,750.6691,750.83,750.2,750.6422,20362.0,485.0,750.548824
2026-05-26 12:10:00+00:00,750.57,750.82,750.57,750.69,20094.0,263.0,750.802863
2026-05-26 12:15:00+00:00,750.67,751.0,750.67,750.88,16288.0,256.0,750.917893
2026-05-26 12:20:00+00:00,750.8535,750.8945,750.76,750.84,4513.0,218.0,750.837306
2026-05-26 12:25:00+00:00,750.92,751.25,750.91,751.11,24577.0,514.0,751.028828
2026-05-26 12:30:00+00:00,751.15,751.15,750.99,751.14,12649.0,280.0,751.059805
2026-05-26 12:35:00+00:00,751.09,751.1,750.95,751.081,18960.0,343.0,751.029173
2026-05-26 12:40:00+00:00,751.07,751.42,751.07,751.14,13901.0,339.0,751.257195
2026-05-26 12:45:00+00:00,751.1787,751.21,750.61,751.03,42755.0,303.0,750.807621
2026-05-26 12:50:00+00:00,751.055,751.23,750.9,751.04,29172.0,499.0,751.097568
2026-05-26 12:55:00+00:00,751.0,751.17,750.93,751.04,22508.0,440.0,751.072601
2026-05-26 13:00:00+00:00,751.05,751.05,750.73,750.8496,17132.0,481.0,750.848292
2026-05-26 13:05:00+00:00,750.78,750.85,750.68,750.7,25013.0,561.0,750.759236
2026-05-26 13:10:00+00:00,750.7,750.88,750.67,750.86,12257.0,376.0,750.758705
2026-05-26 13:15:00+00:00,750.89,750.93,750.8502,750.87,14429.0,432.0,750.895306
2026-05-26 13:20:00+00:00,750.87,750.96,750.8,750.96,18585.0,418.0,750.868099
2026-05-26 13:25:00+00:00,750.91,750.99,750.04,750.05,82256.0,1164.0,750.606317
2026-05-26 13:30:00+00:00,750.01,750.44,749.36,749.4499,1092675.0,30727.0,749.915491
2026-05-26 13:35:00+00:00,749.44,750.0,749.131,749.73,650703.0,12388.0,749.566102
2026-05-26 13:40:00+00:00,749.72,750.7,749.6866,750.63,523388.0,10416.0,750.214586
2026-05-26 13:45:00+00:00,750.65,751.12,750.64,750.98,601026.0,11543.0,750.941386
2026-05-26 13:50:00+00:00,750.98,751.04,749.57,750.14,645379.0,11234.0,750.207296
2026-05-26 13:55:00+00:00,750.155,750.78,750.09,750.78,271908.0,7028.0,750.479246
2026-05-26 14:00:00+00:00,750.79,751.16,750.54,751.1101,330179.0,8089.0,750.859046
2026-05-26 14:05:00+00:00,751.14,751.42,751.0809,751.315,640466.0,8032.0,751.244628
2026-05-26 14:10:00+00:00,751.315,751.45,751.065,751.44,273192.0,6760.0,751.26863
2026-05-26 14:15:00+00:00,751.44,751.64,751.19,751.595,281664.0,7557.0,751.408345
2026-05-26 14:20:00+00:00,751.59,751.8,751.46,751.5299,351303.0,8014.0,751.648047
2026-05-26 14:25:00+00:00,751.53,751.8691,751.31,751.54,506907.0,7963.0,751.61901
2026-05-26 14:30:00+00:00,751.545,751.77,751.35,751.39,311322.0,7182.0,751.51698
2026-05-26 14:35:00+00:00,751.38,752.11,751.37,751.715,581832.0,8515.0,751.864395
2026-05-26 14:40:00+00:00,751.72,752.13,751.72,752.0399,225504.0,6835.0,751.988987
2026-05-26 14:45:00+00:00,752.03,752.065,751.705,751.729,379028.0,7942.0,751.835296
2026-05-26 14:50:00+00:00,751.73,752.02,751.44,751.53,235849.0,7276.0,751.752681
2026-05-26 14:55:00+00:00,751.53,751.58,751.0,751.4,283842.0,7446.0,751.381553
2026-05-26 15:00:00+00:00,751.39,751.47,750.65,750.7601,480997.0,8463.0,750.981941
2026-05-26 15:05:00+00:00,750.77,750.97,750.365,750.8902,454858.0,8847.0,750.7383
2026-05-26 15:10:00+00:00,750.89,750.9699,750.47,750.59,529793.0,8635.0,750.635131
2026-05-26 15:15:00+00:00,750.59,750.6301,750.06,750.3999,446287.0,8745.0,750.358484
2026-05-26 15:20:00+00:00,750.4,750.46,749.98,750.15,473024.0,7666.0,750.148489
2026-05-26 15:25:00+00:00,750.15,750.43,749.73,749.85,412882.0,8730.0,750.108366
2026-05-26 15:30:00+00:00,749.85,750.0,749.55,749.84,478685.0,9785.0,749.823731
2026-05-26 15:35:00+00:00,749.83,749.98,749.17,749.83,605152.0,10346.0,749.569578
2026-05-26 15:40:00+00:00,749.83,749.88,749.26,749.375,434844.0,7101.0,749.586533
2026-05-26 15:45:00+00:00,749.375,749.4318,748.9675,749.0999,669924.0,8132.0,749.241404
2026-05-26 15:50:00+00:00,749.08,749.21,748.402,748.55,655967.0,8720.0,748.912456
2026-05-26 15:55:00+00:00,748.54,749.0,748.37,748.93,483355.0,9799.0,748.688724
2026-05-26 16:00:00+00:00,748.93,749.42,748.93,749.245,424103.0,8494.0,749.225286
2026-05-26 16:05:00+00:00,749.24,749.4,748.8,748.88,421473.0,6756.0,749.064551
2026-05-26 16:10:00+00:00,748.86,749.15,748.6194,748.9,337501.0,7489.0,748.905673
2026-05-26 16:15:00+00:00,748.88,749.35,748.8,749.32,244527.0,6687.0,749.111384
2026-05-26 16:20:00+00:00,749.32,749.48,749.15,749.43,217806.0,5782.0,749.322076
2026-05-26 16:25:00+00:00,749.42,749.77,749.37,749.74,415464.0,6156.0,749.58266
2026-05-26 16:30:00+00:00,749.74,750.0,749.695,749.98,430093.0,7299.0,749.859395
2026-05-26 16:35:00+00:00,749.98,750.03,749.7,749.71,287132.0,6029.0,749.901629
2026-05-26 16:40:00+00:00,749.7,749.7,749.2,749.2401,239378.0,4123.0,749.402708
2026-05-26 16:45:00+00:00,749.23,749.44,748.87,748.87,455802.0,5298.0,749.176286
2026-05-26 16:50:00+00:00,748.88,749.25,748.87,749.22,374292.0,4744.0,749.05698
2026-05-26 16:55:00+00:00,749.225,749.29,748.96,749.01,188909.0,4204.0,749.116151
2026-05-26 17:00:00+00:00,749.01,749.435,748.912,749.1034,263219.0,4943.0,749.265723
2026-05-26 17:05:00+00:00,749.11,749.29,749.0,749.12,293359.0,3613.0,749.125501
2026-05-26 17:10:00+00:00,749.12,749.39,749.01,749.2801,204700.0,4093.0,749.224582
2026-05-26 17:15:00+00:00,749.28,749.31,748.75,748.81,249054.0,4790.0,749.032806
2026-05-26 17:20:00+00:00,748.8,749.03,748.63,748.7301,198840.0,3927.0,748.818029
2026-05-26 17:25:00+00:00,748.73,748.83,748.52,748.65,187270.0,4261.0,748.674564
2026-05-26 17:30:00+00:00,748.65,749.08,748.5,749.07,203685.0,5036.0,748.806744
2026-05-26 17:35:00+00:00,749.06,749.15,748.83,748.8403,231202.0,4903.0,749.005049
2026-05-26 17:40:00+00:00,748.84,748.97,748.615,748.84,288228.0,5237.0,748.783282
2026-05-26 17:45:00+00:00,748.84,749.26,748.84,749.205,188905.0,3899.0,749.07659
2026-05-26 17:50:00+00:00,749.21,749.32,749.06,749.06,340026.0,4611.0,749.240783
2026-05-26 17:55:00+00:00,749.05,749.12,748.7801,749.03,208008.0,4593.0,748.977195
2026-05-26 18:00:00+00:00,749.03,749.23,748.8,749.185,742917.0,5208.0,748.963452
2026-05-26 18:05:00+00:00,749.185,749.4,749.13,749.4,327514.0,5210.0,749.255157
2026-05-26 18:10:00+00:00,749.405,749.7,749.39,749.645,416307.0,6186.0,749.570328
2026-05-26 18:15:00+00:00,749.645,749.92,749.64,749.92,293577.0,5528.0,749.760338
2026-05-26 18:20:00+00:00,749.93,750.0,749.73,749.88,281802.0,16709.0,749.870584
2026-05-26 18:25:00+00:00,749.88,749.965,749.6075,749.655,229243.0,5054.0,749.790322
2026-05-26 18:30:00+00:00,749.64,750.0,749.64,749.951,225600.0,4512.0,749.882456
2026-05-26 18:35:00+00:00,749.955,749.965,749.64,749.7,380277.0,5978.0,749.796176
2026-05-26 18:40:00+00:00,749.705,749.72,749.4,749.405,337919.0,5523.0,749.54785
2026-05-26 18:45:00+00:00,749.405,749.54,749.27,749.31,230979.0,4705.0,749.432149
2026-05-26 18:50:00+00:00,749.32,749.59,749.18,749.385,692688.0,5667.0,749.432572
2026-05-26 18:55:00+00:00,749.385,749.47,749.0356,749.1,532282.0,6890.0,749.281889
2026-05-26 19:00:00+00:00,749.09,749.27,748.85,749.2,403566.0,7612.0,749.070496
2026-05-26 19:05:00+00:00,749.2,749.44,749.06,749.405,256169.0,5982.0,749.282487
2026-05-26 19:10:00+00:00,749.4,749.45,749.1508,749.195,503600.0,6393.0,749.295429
2026-05-26 19:15:00+00:00,749.19,749.53,749.19,749.43,400766.0,6604.0,749.394592
2026-05-26 19:20:00+00:00,749.425,749.57,749.34,749.5,395741.0,6184.0,749.464486
2026-05-26 19:25:00+00:00,749.49,749.58,749.39,749.51,393007.0,5201.0,749.47012
2026-05-26 19:30:00+00:00,749.5,749.96,749.495,749.94,530761.0,7933.0,749.773781
2026-05-26 19:35:00+00:00,749.95,750.23,749.88,750.21,731977.0,9576.0,750.088424
2026-05-26 19:40:00+00:00,750.21,750.54,750.16,750.51,463570.0,7998.0,750.369633
2026-05-26 19:45:00+00:00,750.5,750.71,750.35,750.59,836501.0,12313.0,750.579961
2026-05-26 19:50:00+00:00,750.6,750.87,750.4101,750.68,1384272.0,21100.0,750.707038
2026-05-26 19:55:00+00:00,750.68,750.72,750.04,750.49,2926251.0,28183.0,750.354465
2026-05-26 20:00:00+00:00,750.49,750.68,750.27,750.3,1504440.0,1554.0,750.565431
2026-05-26 20:05:00+00:00,750.34,750.38,750.1633,750.3,562754.0,902.0,750.204968
2026-05-26 20:10:00+00:00,750.31,750.38,750.03,750.16,2003904.0,1073.0,750.261086
2026-05-26 20:15:00+00:00,750.18,750.4381,750.1,750.35,91414.0,675.0,750.275897
2026-05-26 20:20:00+00:00,750.32,750.58,750.2,750.2,82841.0,570.0,750.393124
2026-05-26 20:25:00+00:00,750.19,750.1948,750.09,750.11,13260.0,198.0,750.1303
2026-05-26 20:30:00+00:00,750.14,750.3,750.09,750.24,22807.0,227.0,750.172859
2026-05-26 20:35:00+00:00,750.22,750.32,750.22,750.31,5447.0,128.0,750.297623
2026-05-26 20:40:00+00:00,750.31,750.33,750.21,750.21,133340.0,118.0,750.314635
2026-05-26 20:45:00+00:00,750.19,750.19,749.9,749.9192,11409.0,218.0,750.041678
2026-05-26 20:50:00+00:00,749.92,749.92,749.76,749.8387,7553.0,131.0,749.83909
2026-05-26 20:55:00+00:00,749.84,749.98,749.81,749.94,70830.0,288.0,749.9
2026-05-26 21:00:00+00:00,749.97,750.05,749.9,749.98,201442.0,74.0,749.967119
2026-05-26 21:05:00+00:00,750.0,750.04,749.94,749.96,187483.0,80.0,749.99513
2026-05-26 21:10:00+00:00,749.9501,750.05,749.9501,749.99,2906.0,98.0,749.994479
2026-05-26 21:15:00+00:00,750.03,750.04,749.99,749.99,1001.0,68.0,750.028051
2026-05-26 21:20:00+00:00,750.0,750.03,749.95,750.0,12404.0,89.0,749.959233
2026-05-26 21:25:00+00:00,750.0,750.01,749.96,749.96,1904.0,69.0,749.996156
2026-05-26 21:30:00+00:00,750.0,750.0,749.96,749.97,1083.0,69.0,749.975632
2026-05-26 21:35:00+00:00,749.96,750.05,749.89,750.03,6935.0,144.0,749.955023
2026-05-26 21:40:00+00:00,749.9896,750.05,749.9896,750.04,2738.0,78.0,750.021299
2026-05-26 21:45:00+00:00,750.05,750.05,750.02,750.05,3751.0,78.0,750.036562
2026-05-26 21:50:00+00:00,750.1,750.1,750.09,750.1,7552.0,54.0,750.099314
2026-05-26 21:55:00+00:00,750.1,750.1409,750.04,750.04,3389.0,69.0,750.102637
2026-05-26 22:00:00+00:00,750.03,750.36,749.98,750.05,29181.0,311.0,750.134786
2026-05-26 22:05:00+00:00,750.13,750.13,749.663,749.7,14493.0,209.0,749.832053
2026-05-26 22:10:00+00:00,749.66,749.81,749.6,749.76,2752.0,92.0,749.726836
2026-05-26 22:15:00+00:00,749.8,750.016,749.62,750.01,13594.0,203.0,749.764137
2026-05-26 22:20:00+00:00,749.93,749.93,749.77,749.78,2037.0,67.0,749.84274
2026-05-26 22:25:00+00:00,749.88,749.8898,749.84,749.84,843.0,41.0,749.87445
2026-05-26 22:30:00+00:00,749.94,750.03,749.8952,749.98,4624.0,108.0,749.967384
2026-05-26 22:35:00+00:00,750.0,750.03,749.8504,750.03,1493.0,74.0,749.939496
2026-05-26 22:40:00+00:00,750.04,750.14,749.92,749.92,4679.0,144.0,750.04535
2026-05-26 22:45:00+00:00,749.9,749.96,749.74,749.78,1798.0,106.0,749.862213
2026-05-26 22:50:00+00:00,749.8,749.93,749.77,749.85,7829.0,127.0,749.893253
2026-05-26 22:55:00+00:00,749.82,749.96,749.82,749.9,2764.0,97.0,749.918285
2026-05-26 23:00:00+00:00,749.9,750.08,749.9,750.08,29399.0,164.0,750.006257
2026-05-26 23:05:00+00:00,750.0,750.05,750.0,750.01,816.0,33.0,750.024516
2026-05-26 23:10:00+00:00,750.15,750.15,749.93,749.9666,1047.0,75.0,749.994292
2026-05-26 23:15:00+00:00,750.0,750.1,750.0,750.06,2711.0,75.0,750.01443
2026-05-26 23:20:00+00:00,750.08,750.37,750.08,750.36,52300.0,321.0,750.351247
2026-05-26 23:25:00+00:00,750.3944,750.5,750.39,750.4999,4587.0,129.0,750.42822
2026-05-26 23:30:00+00:00,750.5,750.59,750.31,750.4,4037.0,116.0,750.488373
2026-05-26 23:35:00+00:00,750.44,750.45,750.31,750.45,3217.0,62.0,750.368943
2026-05-26 23:40:00+00:00,750.44,750.77,750.41,750.77,4329.0,131.0,750.602119
2026-05-26 23:45:00+00:00,750.76,751.03,750.76,750.9,8597.0,252.0,750.900901
2026-05-26 23:50:00+00:00,750.9,750.98,750.8,750.96,4456.0,114.0,750.901363
2026-05-26 23:55:00+00:00,750.97,750.97,750.77,750.85,6061.0,130.0,750.825997
2026-05-27 08:00:00+00:00,753.56,753.56,750.24,751.62,69015.0,2386.0,750.997948
2026-05-27 08:05:00+00:00,751.72,751.88,750.51,751.76,6777.0,208.0,751.593287
2026-05-27 08:10:00+00:00,751.78,751.88,751.76,751.88,1644.0,54.0,751.796842
2026-05-27 08:15:00+00:00,751.88,752.04,751.88,752.02,5287.0,151.0,751.978903
2026-05-27 08:20:00+00:00,752.03,752.52,752.03,752.34,8884.0,221.0,752.331385
2026-05-27 08:25:00+00:00,752.42,752.44,752.33,752.39,2891.0,88.0,752.386102
2026-05-27 08:30:00+00:00,752.38,752.4,752.2,752.35,3942.0,89.0,752.278954
2026-05-27 08:35:00+00:00,752.4,752.4587,752.3,752.45,4615.0,118.0,752.396193
2026-05-27 08:40:00+00:00,752.45,752.49,752.38,752.49,2198.0,54.0,752.430439
2026-05-27 08:45:00+00:00,752.52,752.57,752.5,752.5,1279.0,41.0,752.530489
2026-05-27 08:50:00+00:00,752.4817,752.6,752.44,752.49,959.0,45.0,752.502279
2026-05-27 08:55:00+00:00,752.49,752.49,752.45,752.45,922.0,37.0,752.459695
2026-05-27 09:00:00+00:00,752.37,752.46,752.27,752.46,2379.0,91.0,752.347266
2026-05-27 09:05:00+00:00,752.44,752.44,752.28,752.29,2782.0,56.0,752.302424
2026-05-27 09:10:00+00:00,752.3,752.52,752.29,752.52,668.0,31.0,752.382508
2026-05-27 09:15:00+00:00,752.5,752.52,752.41,752.41,1929.0,63.0,752.456851
2026-05-27 09:20:00+00:00,752.41,752.55,752.41,752.55,2893.0,64.0,752.480613
2026-05-27 09:25:00+00:00,752.38,752.49,752.38,752.39,1384.0,59.0,752.436166
2026-05-27 09:30:00+00:00,752.33,752.48,752.33,752.48,905.0,58.0,752.354853
2026-05-27 09:35:00+00:00,752.41,752.66,752.41,752.66,3261.0,88.0,752.552311
2026-05-27 09:40:00+00:00,752.579,752.59,752.45,752.45,1136.0,34.0,752.48569
2026-05-27 09:45:00+00:00,752.49,752.52,752.44,752.47,1939.0,52.0,752.466892
2026-05-27 09:50:00+00:00,752.5,752.68,752.5,752.64,2352.0,50.0,752.628143
2026-05-27 09:55:00+00:00,752.6729,752.76,752.66,752.66,1915.0,64.0,752.70071
2026-05-27 10:00:00+00:00,752.7,753.02,752.69,753.02,6697.0,166.0,752.81769
2026-05-27 10:05:00+00:00,752.96,753.1,752.96,753.05,11441.0,164.0,753.036088
2026-05-27 10:10:00+00:00,753.11,753.11,753.01,753.07,1088.0,46.0,753.051645
2026-05-27 10:15:00+00:00,753.11,753.11,752.999,752.999,2335.0,57.0,753.070931
2026-05-27 10:20:00+00:00,752.9,752.95,752.78,752.92,1635.0,59.0,752.914065
2026-05-27 10:25:00+00:00,752.92,752.92,752.78,752.83,3755.0,92.0,752.862112
2026-05-27 10:30:00+00:00,752.83,752.83,752.65,752.67,7058.0,89.0,752.735215
2026-05-27 10:35:00+00:00,752.7,752.75,752.66,752.66,1443.0,65.0,752.690178
2026-05-27 10:40:00+00:00,752.66,752.73,752.62,752.7,1509.0,46.0,752.642731
2026-05-27 10:45:00+00:00,752.77,752.77,752.71,752.71,1285.0,51.0,752.738853
2026-05-27 10:50:00+00:00,752.78,752.85,752.73,752.83,9806.0,92.0,752.8306
2026-05-27 10:55:00+00:00,752.81,752.94,752.78,752.84,4589.0,107.0,752.858885
2026-05-27 11:00:00+00:00,752.9,753.29,752.8,753.16,114132.0,831.0,753.11804
2026-05-27 11:05:00+00:00,753.06,753.06,752.85,752.85,7986.0,196.0,752.947064
2026-05-27 11:10:00+00:00,752.93,753.03,752.77,753.0,12004.0,256.0,752.907447
2026-05-27 11:15:00+00:00,752.9961,752.9961,752.62,752.84,11077.0,225.0,752.873733
2026-05-27 11:20:00+00:00,752.82,753.19,752.8,752.96,19014.0,280.0,752.937047
2026-05-27 11:25:00+00:00,752.95,752.9996,752.65,752.66,15363.0,295.0,752.775468
2026-05-27 11:30:00+00:00,752.6535,752.6535,752.5,752.63,6792.0,191.0,752.590146
2026-05-27 11:35:00+00:00,752.6,752.7,752.55,752.55,15422.0,271.0,752.617127
2026-05-27 11:40:00+00:00,752.549,752.549,752.28,752.36,6531.0,267.0,752.362468
2026-05-27 11:45:00+00:00,752.37,752.37,752.1,752.11,38320.0,379.0,752.208628
2026-05-27 11:50:00+00:00,752.11,752.18,752.01,752.0433,7791.0,225.0,752.10524
2026-05-27 11:55:00+00:00,752.01,752.1,751.7637,751.77,18806.0,355.0,751.983275
2026-05-27 12:00:00+00:00,751.78,751.805,751.45,751.486,20210.0,439.0,751.607014
2026-05-27 12:05:00+00:00,751.55,751.75,751.55,751.63,17384.0,291.0,751.666704
2026-05-27 12:10:00+00:00,751.58,751.67,751.5,751.54,7825.0,252.0,751.595075
2026-05-27 12:15:00+00:00,751.56,752.56,751.25,752.36,67523.0,1053.0,751.971326
2026-05-27 12:20:00+00:00,752.34,754.0,752.13,752.84,207046.0,2244.0,753.110113
2026-05-27 12:25:00+00:00,752.7,753.41,752.67,753.35,44609.0,720.0,753.084916
2026-05-27 12:30:00+00:00,753.32,753.44,752.76,752.8,27319.0,559.0,753.12638
2026-05-27 12:35:00+00:00,752.8,753.27,752.63,752.78,35089.0,538.0,752.921538
2026-05-27 12:40:00+00:00,752.75,752.82,752.5004,752.5004,27784.0,365.0,752.663166
2026-05-27 12:45:00+00:00,752.52,752.52,752.0,752.03,28361.0,451.0,752.232333
2026-05-27 12:50:00+00:00,752.03,752.27,751.89,751.96,17823.0,438.0,752.017352
2026-05-27 12:55:00+00:00,751.96,752.0,751.8661,751.95,17738.0,421.0,751.926283
2026-05-27 13:00:00+00:00,751.9666,752.05,751.6332,751.86,19703.0,434.0,751.898502
2026-05-27 13:05:00+00:00,751.89,751.89,751.34,751.4903,26434.0,593.0,751.630356
2026-05-27 13:10:00+00:00,751.5,751.56,751.18,751.4213,53601.0,702.0,751.406502
2026-05-27 13:15:00+00:00,751.44,751.54,751.13,751.23,38319.0,528.0,751.263993
2026-05-27 13:20:00+00:00,751.23,751.37,751.1,751.3,14777.0,410.0,751.212963
2026-05-27 13:25:00+00:00,751.4,751.44,750.9,750.9,67204.0,761.0,751.267455
2026-05-27 13:30:00+00:00,750.9,751.3,750.36,750.87,1310392.0,22673.0,750.851164
2026-05-27 13:35:00+00:00,750.89,751.14,750.26,750.53,884810.0,15112.0,750.699201
2026-05-27 13:40:00+00:00,750.52,750.54,749.23,749.47,1057743.0,18788.0,750.014095
2026-05-27 13:45:00+00:00,749.46,750.085,749.295,749.57,982763.0,16009.0,749.658993
2026-05-27 13:50:00+00:00,749.58,750.43,749.54,750.11,752464.0,13632.0,750.146684
2026-05-27 13:55:00+00:00,750.09,750.77,749.85,750.49,631637.0,10347.0,750.328282
2026-05-27 14:00:00+00:00,750.505,751.31,750.19,751.239,490922.0,8777.0,750.883285
2026-05-27 14:05:00+00:00,751.24,751.3,750.15,750.602,460884.0,9091.0,750.7234
2026-05-27 14:10:00+00:00,750.595,750.92,750.26,750.83,364917.0,8109.0,750.54165
2026-05-27 14:15:00+00:00,750.82,751.35,750.6501,751.25,412776.0,9347.0,751.126694
2026-05-27 14:20:00+00:00,751.25,751.38,750.11,750.15,470836.0,10593.0,750.697052
2026-05-27 14:25:00+00:00,750.12,750.17,749.55,750.045,863359.0,16046.0,749.834909
2026-05-27 14:30:00+00:00,750.04,750.65,749.27,750.338,571068.0,13504.0,750.055969
2026-05-27 14:35:00+00:00,750.33,750.95,750.14,750.95,413115.0,8605.0,750.577611
2026-05-27 14:40:00+00:00,750.93,751.02,750.21,750.425,294274.0,7559.0,750.627108
2026-05-27 14:45:00+00:00,750.43,750.57,750.0,750.0,248814.0,6683.0,750.336716
2026-05-27 14:50:00+00:00,749.98,750.41,749.971,750.3,227053.0,6417.0,750.197772
2026-05-27 14:55:00+00:00,750.33,750.34,749.48,749.68,250726.0,7270.0,749.785844
2026-05-27 15:00:00+00:00,749.69,750.08,749.42,749.77,342420.0,8176.0,749.755599
2026-05-27 15:05:00+00:00,749.755,750.145,749.53,750.01,185539.0,5852.0,749.874504
2026-05-27 15:10:00+00:00,750.0,750.16,749.79,749.83,222477.0,6641.0,750.001425
2026-05-27 15:15:00+00:00,749.85,749.86,749.13,749.18,337646.0,7984.0,749.482121
2026-05-27 15:20:00+00:00,749.15,749.5,748.91,749.45,323338.0,8108.0,749.162315
2026-05-27 15:25:00+00:00,749.43,749.55,749.2299,749.54,228212.0,6710.0,749.406448
2026-05-27 15:30:00+00:00,749.54,750.2,749.5,749.84,1061214.0,8165.0,749.948374
2026-05-27 15:35:00+00:00,749.84,749.89,749.1,749.12,261786.0,7323.0,749.416721
2026-05-27 15:40:00+00:00,749.13,749.46,748.54,748.62,410232.0,9173.0,749.056227
2026-05-27 15:45:00+00:00,748.63,749.07,748.37,748.6746,370265.0,8722.0,748.653321
2026-05-27 15:50:00+00:00,748.675,749.28,748.55,749.06,347107.0,8363.0,748.905519
2026-05-27 15:55:00+00:00,749.08,749.27,748.78,749.105,237129.0,7273.0,749.034169
2026-05-27 16:00:00+00:00,749.09,749.33,748.54,748.8,282048.0,8675.0,748.950972
2026-05-27 16:05:00+00:00,748.79,749.5,748.75,749.475,245902.0,6372.0,749.094525
2026-05-27 16:10:00+00:00,749.47,749.71,749.43,749.575,242589.0,6310.0,749.592075
2026-05-27 16:15:00+00:00,749.575,749.83,749.32,749.4,370474.0,6779.0,749.533129
2026-05-27 16:20:00+00:00,749.38,749.78,749.37,749.72,194921.0,5918.0,749.620094
2026-05-27 16:25:00+00:00,749.71,749.72,749.45,749.6701,238345.0,4305.0,749.623895
2026-05-27 16:30:00+00:00,749.65,749.99,749.48,749.8,161693.0,3464.0,749.785744
2026-05-27 16:35:00+00:00,749.8099,750.17,749.8,750.07,357253.0,4343.0,750.004312
2026-05-27 16:40:00+00:00,750.09,750.4357,750.07,750.25,228344.0,4561.0,750.276023
2026-05-27 16:45:00+00:00,750.25,750.51,750.14,750.51,200501.0,4544.0,750.331182
2026-05-27 16:50:00+00:00,750.51,750.615,750.035,750.1099,398456.0,4879.0,750.349112
2026-05-27 16:55:00+00:00,750.1,750.12,749.605,749.79,247236.0,4654.0,749.819502
2026-05-27 17:00:00+00:00,749.79,749.91,749.44,749.5499,221581.0,4907.0,749.696347
2026-05-27 17:05:00+00:00,749.56,749.65,748.22,748.3,370881.0,6872.0,748.903813
2026-05-27 17:10:00+00:00,748.3,748.89,748.3,748.89,298867.0,5372.0,748.640353
2026-05-27 17:15:00+00:00,748.88,749.38,748.73,749.305,211032.0,4646.0,749.108918
2026-05-27 17:20:00+00:00,749.3,749.48,749.23,749.43,173731.0,3534.0,749.366147
2026-05-27 17:25:00+00:00,749.405,749.51,749.135,749.16,448148.0,3977.0,749.354501
2026-05-27 17:30:00+00:00,749.16,749.5999,749.145,749.58,163764.0,4261.0,749.417151
2026-05-27 17:35:00+00:00,749.58,749.94,749.53,749.66,297790.0,4304.0,749.780002
2026-05-27 17:40:00+00:00,749.67,749.71,749.32,749.38,203078.0,4598.0,749.481496
2026-05-27 17:45:00+00:00,749.3599,749.48,749.18,749.465,190573.0,3968.0,749.327128
2026-05-27 17:50:00+00:00,749.49,749.89,749.49,749.86,192969.0,4314.0,749.694096
2026-05-27 17:55:00+00:00,749.87,750.05,749.67,749.72,256311.0,4829.0,749.888764
2026-05-27 18:00:00+00:00,749.71,749.79,749.32,749.52,428512.0,7096.0,749.565945
2026-05-27 18:05:00+00:00,749.52,749.85,749.3,749.8199,268819.0,5716.0,749.51021
2026-05-27 18:10:00+00:00,749.8,750.07,749.71,750.04,183904.0,3980.0,749.862096
2026-05-27 18:15:00+00:00,750.02,750.39,749.91,750.33,195424.0,4310.0,750.191712
2026-05-27 18:20:00+00:00,750.32,750.61,750.27,750.57,337851.0,6242.0,750.450081
2026-05-27 18:25:00+00:00,750.57,750.81,750.5101,750.72,409245.0,5387.0,750.669219
2026-05-27 18:30:00+00:00,750.71,750.9,750.58,750.6901,223606.0,4642.0,750.763253
2026-05-27 18:35:00+00:00,750.7,750.76,750.41,750.74,262140.0,5251.0,750.619495
2026-05-27 18:40:00+00:00,750.74,750.91,750.6,750.83,209942.0,4183.0,750.753468
2026-05-27 18:45:00+00:00,750.82,751.02,750.79,750.8,291377.0,5470.0,750.905544
2026-05-27 18:50:00+00:00,750.8,751.0501,750.7,750.85,303368.0,5626.0,750.874484
2026-05-27 18:55:00+00:00,750.85,751.01,750.77,750.81,192953.0,4866.0,750.903127
2026-05-27 19:00:00+00:00,750.82,751.01,750.64,750.95,472084.0,9272.0,750.8574
2026-05-27 19:05:00+00:00,750.94,751.13,750.83,750.99,353298.0,5320.0,750.944722
2026-05-27 19:10:00+00:00,750.99,751.04,750.845,750.9,203502.0,4904.0,750.938725
2026-05-27 19:15:00+00:00,750.89,751.0,750.76,750.84,199416.0,4696.0,750.870048
2026-05-27 19:20:00+00:00,750.86,750.98,750.6701,750.74,272977.0,6382.0,750.85105
2026-05-27 19:25:00+00:00,750.74,750.75,750.31,750.5601,452630.0,7795.0,750.470836
2026-05-27 19:30:00+00:00,750.56,750.75,750.36,750.55,562726.0,6915.0,750.543832
2026-05-27 19:35:00+00:00,750.56,750.88,750.53,750.77,311883.0,6704.0,750.700274
2026-05-27 19:40:00+00:00,750.76,750.87,750.5,750.86,396949.0,7349.0,750.664804
2026-05-27 19:45:00+00:00,750.86,750.86,750.31,750.311,739121.0,10412.0,750.517948
2026-05-27 19:50:00+00:00,750.31,750.71,750.1,750.36,1140281.0,15399.0,750.481367
2026-05-27 19:55:00+00:00,750.37,750.68,750.24,750.47,4259781.0,28632.0,750.401694
2026-05-27 20:00:00+00:00,750.49,750.75,750.36,750.56,1410348.0,1519.0,750.470459
2026-05-27 20:05:00+00:00,750.46,750.78,750.2925,750.76,411708.0,665.0,750.389428
2026-05-27 20:10:00+00:00,750.78,750.95,750.69,750.85,2895812.0,531.0,750.833066
2026-05-27 20:15:00+00:00,750.85,751.45,750.85,751.31,556234.0,562.0,751.289593
2026-05-27 20:20:00+00:00,751.32,751.38,751.0504,751.14,79408.0,530.0,751.211318
2026-05-27 20:25:00+00:00,751.13,751.23,751.08,751.15,141439.0,215.0,751.165562
2026-05-27 20:30:00+00:00,751.17,751.35,751.11,751.27,36612.0,315.0,751.267432
2026-05-27 20:35:00+00:00,751.27,751.48,751.235,751.46,304706.0,346.0,751.387537
2026-05-27 20:40:00+00:00,751.43,751.46,751.38,751.4581,29135.0,234.0,751.424718
2026-05-27 20:45:00+00:00,751.49,751.6198,751.47,751.59,32131.0,237.0,751.523686
2026-05-27 20:50:00+00:00,751.5939,751.8148,751.59,751.78,57357.0,274.0,751.655703
2026-05-27 20:55:00+00:00,751.81,752.18,751.8,752.0,48735.0,438.0,751.922298
2026-05-27 21:00:00+00:00,751.9,751.93,751.78,751.83,3017.0,129.0,751.819251
2026-05-27 21:05:00+00:00,751.78,751.84,751.7,751.72,48241.0,315.0,751.743508
2026-05-27 21:10:00+00:00,751.7198,751.75,751.66,751.71,403113.0,130.0,751.713672
2026-05-27 21:15:00+00:00,751.71,751.73,751.66,751.6999,7117.0,91.0,751.68011
2026-05-27 21:20:00+00:00,751.7,751.7,751.6,751.6,9608.0,143.0,751.641168
2026-05-27 21:25:00+00:00,751.65,751.69,751.51,751.59,8021.0,120.0,751.569932
2026-05-27 21:30:00+00:00,751.64,751.7,751.51,751.55,7446.0,132.0,751.57892
2026-05-27 21:35:00+00:00,751.55,751.58,751.48,751.48,13877.0,110.0,751.506652
2026-05-27 21:40:00+00:00,751.47,751.59,751.4,751.46,8014.0,129.0,751.45389
2026-05-27 21:45:00+00:00,751.49,751.5,751.43,751.43,6917.0,96.0,751.459989
2026-05-27 21:50:00+00:00,751.43,751.55,751.43,751.55,4201.0,114.0,751.512733
2026-05-27 21:55:00+00:00,751.53,751.86,751.51,751.84,16381.0,192.0,751.658038
2026-05-27 22:00:00+00:00,751.89,752.25,751.8014,752.04,49396.0,446.0,751.993593
2026-05-27 22:05:00+00:00,752.1,752.1,750.46,751.63,384648.0,222.0,750.512978
2026-05-27 22:10:00+00:00,751.64,751.64,751.44,751.52,8267.0,156.0,751.564441
2026-05-27 22:15:00+00:00,751.51,751.68,751.43,751.51,18783.0,215.0,751.497771
2026-05-27 22:20:00+00:00,751.51,751.66,751.51,751.56,7784.0,97.0,751.516287
2026-05-27 22:25:00+00:00,751.5,751.5,751.07,751.07,5706.0,192.0,751.322837
2026-05-27 22:30:00+00:00,751.0,751.0,750.68,750.8799,11519.0,227.0,750.825089
2026-05-27 22:35:00+00:00,750.88,751.17,750.88,751.04,3335.0,95.0,751.071444
2026-05-27 22:40:00+00:00,751.0583,751.2595,751.0,751.0,7437.0,135.0,751.142557
2026-05-27 22:45:00+00:00,751.0,751.05,750.95,751.05,3075.0,55.0,750.987399
2026-05-27 22:50:00+00:00,751.0899,751.25,751.0899,751.1,894.0,54.0,751.136237
2026-05-27 22:55:00+00:00,751.11,751.21,751.11,751.18,968.0,75.0,751.167931
2026-05-27 23:00:00+00:00,751.2217,751.329,751.2217,751.32,1446.0,44.0,751.291058
2026-05-27 23:05:00+00:00,751.22,751.22,751.04,751.04,1141.0,62.0,751.127364
2026-05-27 23:10:00+00:00,750.99,751.1,750.98,751.0,1637.0,52.0,751.018195
2026-05-27 23:15:00+00:00,751.08,751.45,750.8,751.25,11776.0,214.0,751.251566
2026-05-27 23:20:00+00:00,751.27,751.27,750.65,750.79,7030.0,169.0,750.862505
2026-05-27 23:25:00+00:00,750.83,750.94,750.71,750.8714,2814.0,61.0,750.786935
2026-05-27 23:30:00+00:00,750.77,750.77,750.5005,750.5005,4079.0,143.0,750.661056
2026-05-27 23:35:00+00:00,750.58,750.58,750.25,750.4,10012.0,204.0,750.443338
2026-05-27 23:40:00+00:00,750.46,750.46,750.31,750.31,1688.0,83.0,750.392171
2026-05-27 23:45:00+00:00,750.33,750.33,750.03,750.17,4117.0,190.0,750.174172
2026-05-27 23:50:00+00:00,750.05,750.06,749.8,750.0,7415.0,277.0,749.988907
2026-05-27 23:55:00+00:00,750.05,750.32,749.92,750.05,5859.0,149.0,750.167131
2026-05-28 08:00:00+00:00,748.67,750.09,747.38,749.78,71457.0,3278.0,749.051164
2026-05-28 08:05:00+00:00,749.84,750.1,749.48,749.74,3191.0,139.0,749.910148
2026-05-28 08:10:00+00:00,749.81,750.08,749.8,749.87,1686.0,65.0,749.890341
2026-05-28 08:15:00+00:00,749.85,749.9,749.72,749.9,758.0,35.0,749.778381
2026-05-28 08:20:00+00:00,750.0,750.09,749.93,750.04,1878.0,68.0,750.025319
2026-05-28 08:25:00+00:00,750.01,750.01,749.35,749.65,4446.0,109.0,749.80501
2026-05-28 08:30:00+00:00,749.73,749.8,749.675,749.8,3263.0,53.0,749.732475
2026-05-28 08:35:00+00:00,749.84,749.84,749.73,749.73,340.0,13.0,749.796901
2026-05-28 08:40:00+00:00,749.82,749.82,749.67,749.74,531.0,21.0,749.719959
2026-05-28 08:45:00+00:00,749.66,749.75,749.61,749.65,1976.0,40.0,749.67931
2026-05-28 08:50:00+00:00,749.67,749.98,749.66,749.98,4081.0,82.0,749.85401
2026-05-28 08:55:00+00:00,749.98,749.98,749.94,749.98,3771.0,49.0,749.952823
2026-05-28 09:00:00+00:00,749.94,750.23,749.94,750.14,4014.0,83.0,750.119832
2026-05-28 09:05:00+00:00,750.02,750.06,749.79,749.82,714.0,14.0,750.000248
2026-05-28 09:10:00+00:00,749.71,749.86,749.71,749.76,1854.0,47.0,749.787076
2026-05-28 09:15:00+00:00,749.83,749.94,749.83,749.94,750.0,18.0,749.879671
2026-05-28 09:20:00+00:00,749.81,749.95,749.8,749.9,1765.0,45.0,749.880311
2026-05-28 09:25:00+00:00,750.03,750.07,749.75,749.8,1540.0,46.0,749.895612
2026-05-28 09:30:00+00:00,749.81,749.81,749.59,749.66,1729.0,54.0,749.676225
2026-05-28 09:35:00+00:00,749.75,749.76,749.64,749.64,833.0,62.0,749.718602
2026-05-28 09:40:00+00:00,749.48,749.66,749.48,749.62,597.0,27.0,749.578063
2026-05-28 09:45:00+00:00,749.53,749.78,749.53,749.71,1248.0,29.0,749.641343
2026-05-28 09:50:00+00:00,749.83,750.0,749.83,750.0,1142.0,29.0,749.910199
2026-05-28 09:55:00+00:00,749.88,749.8801,749.85,749.87,1160.0,20.0,749.878147
2026-05-28 10:00:00+00:00,749.85,749.9,749.72,749.75,550.0,36.0,749.845877
2026-05-28 10:05:00+00:00,749.64,749.64,749.5,749.55,1921.0,51.0,749.553314
2026-05-28 10:10:00+00:00,749.61,749.64,749.51,749.51,1653.0,39.0,749.607816
2026-05-28 10:15:00+00:00,749.5,749.63,749.37,749.42,3842.0,77.0,749.42317
2026-05-28 10:20:00+00:00,749.4,749.4,749.14,749.165,2956.0,87.0,749.300833
2026-05-28 10:25:00+00:00,749.18,749.39,749.12,749.39,3024.0,91.0,749.259628
2026-05-28 10:30:00+00:00,749.43,749.45,749.34,749.34,609.0,34.0,749.414833
2026-05-28 10:35:00+00:00,749.31,749.31,749.1719,749.19,2900.0,71.0,749.227754
2026-05-28 10:40:00+00:00,749.21,749.21,749.01,749.01,9595.0,178.0,749.07022
2026-05-28 10:45:00+00:00,749.05,749.31,749.0,749.23,2628.0,77.0,749.080396
2026-05-28 10:50:00+00:00,749.08,749.08,748.2,748.93,27822.0,374.0,748.777488
2026-05-28 10:55:00+00:00,749.01,749.01,748.45,748.57,10054.0,172.0,748.724872
2026-05-28 11:00:00+00:00,748.59,748.92,748.51,748.73,24414.0,295.0,748.630786
2026-05-28 11:05:00+00:00,748.76,748.79,748.49,748.6,8786.0,173.0,748.635926
2026-05-28 11:10:00+00:00,748.49,748.7,748.41,748.52,61429.0,470.0,748.498107
2026-05-28 11:15:00+00:00,748.52,748.8,748.52,748.729,6256.0,144.0,748.700371
2026-05-28 11:20:00+00:00,748.73,748.88,748.61,748.72,26042.0,285.0,748.750329
2026-05-28 11:25:00+00:00,748.72,748.78,748.48,748.5,66059.0,487.0,748.508441
2026-05-28 11:30:00+00:00,748.58,748.58,748.38,748.48,11564.0,215.0,748.407537
2026-05-28 11:35:00+00:00,748.52,748.74,748.38,748.6844,6235.0,269.0,748.574979
2026-05-28 11:40:00+00:00,748.85,749.1,748.8128,749.1,9139.0,180.0,748.955291
2026-05-28 11:45:00+00:00,749.12,749.12,748.9,748.91,6273.0,163.0,749.016501
2026-05-28 11:50:00+00:00,748.88,748.92,748.76,748.76,2065.0,105.0,748.820761
2026-05-28 11:55:00+00:00,748.79,748.97,748.75,748.88,4606.0,135.0,748.876008
2026-05-28 12:00:00+00:00,748.94,748.99,748.77,748.77,5073.0,131.0,748.827924
2026-05-28 12:05:00+00:00,748.97,749.2047,748.94,749.08,3233.0,146.0,749.087
2026-05-28 12:10:00+00:00,748.99,749.25,748.96,749.1791,11231.0,164.0,749.052646
2026-05-28 12:15:00+00:00,749.21,749.21,748.9881,748.9881,13110.0,189.0,749.131775
2026-05-28 12:20:00+00:00,749.0,749.05,748.8,748.85,6912.0,180.0,748.932323
2026-05-28 12:25:00+00:00,749.0,749.1996,749.0,749.09,10629.0,161.0,749.140173
2026-05-28 12:30:00+00:00,749.22,749.73,749.2,749.5926,36291.0,530.0,749.55509
2026-05-28 12:35:00+00:00,749.61,750.22,749.61,750.0,37168.0,519.0,750.045908
2026-05-28 12:40:00+00:00,750.02,750.25,749.9613,750.25,17752.0,301.0,750.058751
2026-05-28 12:45:00+00:00,750.25,750.6196,750.22,750.51,33783.0,469.0,750.442803
2026-05-28 12:50:00+00:00,750.4975,750.6,750.4275,750.53,14030.0,286.0,750.529994
2026-05-28 12:55:00+00:00,750.52,750.61,750.4396,750.52,10989.0,149.0,750.508316
2026-05-28 13:00:00+00:00,750.56,751.08,750.56,750.78,36393.0,538.0,750.862195
2026-05-28 13:05:00+00:00,750.76,750.85,750.35,750.39,34711.0,455.0,750.401621
2026-05-28 13:10:00+00:00,750.38,750.4398,750.26,750.31,16846.0,301.0,750.331162
2026-05-28 13:15:00+00:00,750.26,750.43,750.23,750.29,8589.0,264.0,750.345735
2026-05-28 13:20:00+00:00,750.36,750.36,750.2,750.24,14552.0,177.0,750.221608
2026-05-28 13:25:00+00:00,750.21,750.52,750.2005,750.23,19101.0,407.0,750.349729
2026-05-28 13:30:00+00:00,750.25,750.42,749.48,749.7,767542.0,14781.0,750.019767
2026-05-28 13:35:00+00:00,749.71,749.71,749.23,749.3999,483884.0,8711.0,749.403438
2026-05-28 13:40:00+00:00,749.38,749.7,749.23,749.55,435659.0,8632.0,749.425076
2026-05-28 13:45:00+00:00,749.52,749.85,749.27,749.37,500826.0,9207.0,749.517285
2026-05-28 13:50:00+00:00,749.36,750.33,749.26,749.82,649124.0,12147.0,749.92947
2026-05-28 13:55:00+00:00,749.82,750.23,749.7,750.17,286848.0,5461.0,750.008626
2026-05-28 14:00:00+00:00,750.2,750.62,750.0,750.2992,570949.0,7469.0,750.299879
2026-05-28 14:05:00+00:00,750.2694,750.64,749.99,750.64,469255.0,7775.0,750.339251
2026-05-28 14:10:00+00:00,750.633,754.07,750.13,753.06,1983805.0,32083.0,752.396989
2026-05-28 14:15:00+00:00,753.05,753.46,752.14,753.01,1047061.0,15187.0,752.968242
2026-05-28 14:20:00+00:00,753.04,753.2,751.94,752.35,720621.0,12996.0,752.440478
2026-05-28 14:25:00+00:00,752.35,752.79,752.279,752.72,511926.0,8199.0,752.584414
2026-05-28 14:30:00+00:00,752.74,752.98,751.88,751.905,441257.0,7553.0,752.406185
2026-05-28 14:35:00+00:00,751.9,752.27,751.73,751.93,273031.0,6887.0,752.015866
2026-05-28 14:40:00+00:00,751.92,752.5,751.855,752.45,287885.0,7069.0,752.274499
2026-05-28 14:45:00+00:00,752.46,752.82,751.81,752.35,587950.0,10260.0,752.354798
2026-05-28 14:50:00+00:00,752.355,752.95,752.34,752.81,386641.0,6672.0,752.640731
2026-05-28 14:55:00+00:00,752.81,752.94,752.45,752.8799,297277.0,7815.0,752.723841
2026-05-28 15:00:00+00:00,752.87,753.74,752.75,753.74,744018.0,10436.0,753.427977
2026-05-28 15:05:00+00:00,753.74,753.93,753.435,753.59,673672.0,9295.0,753.721412
2026-05-28 15:10:00+00:00,753.58,753.69,753.29,753.305,391841.0,7819.0,753.412442
2026-05-28 15:15:00+00:00,753.31,753.54,753.11,753.44,204458.0,6058.0,753.3791
2026-05-28 15:20:00+00:00,753.44,753.76,753.41,753.68,295226.0,6062.0,753.573122
2026-05-28 15:25:00+00:00,753.68,754.14,753.65,753.94,521194.0,8206.0,753.972699
2026-05-28 15:30:00+00:00,753.95,754.1,753.7801,754.0117,222599.0,5716.0,753.981078
2026-05-28 15:35:00+00:00,754.02,754.26,753.88,754.13,328320.0,6339.0,754.106938
2026-05-28 15:40:00+00:00,754.13,754.15,753.9,754.02,230942.0,5881.0,754.015723
2026-05-28 15:45:00+00:00,754.026,754.16,753.85,753.9,181438.0,5463.0,754.004022
2026-05-28 15:50:00+00:00,753.91,754.25,753.9,754.05,236580.0,5500.0,754.127059
2026-05-28 15:55:00+00:00,754.04,754.29,753.95,754.08,163590.0,5288.0,754.097821
2026-05-28 16:00:00+00:00,754.08,754.105,753.69,753.92,162113.0,5191.0,753.902763
2026-05-28 16:05:00+00:00,753.93,754.13,753.92,754.09,144056.0,4417.0,754.039035
2026-05-28 16:10:00+00:00,754.1,754.22,753.99,754.17,309920.0,6136.0,754.122446
2026-05-28 16:15:00+00:00,754.18,754.54,754.0,754.48,373745.0,7883.0,754.314033
2026-05-28 16:20:00+00:00,754.479,754.8501,754.27,754.676,269140.0,5265.0,754.550127
2026-05-28 16:25:00+00:00,754.67,754.77,754.36,754.38,203530.0,4072.0,754.553865
2026-05-28 16:30:00+00:00,754.3999,754.4392,754.22,754.2699,201580.0,4217.0,754.309898
2026-05-28 16:35:00+00:00,754.27,754.34,754.07,754.19,148830.0,3273.0,754.205473
2026-05-28 16:40:00+00:00,754.19,754.49,754.19,754.43,264401.0,3725.0,754.365391
2026-05-28 16:45:00+00:00,754.425,754.57,754.3,754.31,173116.0,4306.0,754.461949
2026-05-28 16:50:00+00:00,754.34,754.43,754.24,754.31,186832.0,3954.0,754.345168
2026-05-28 16:55:00+00:00,754.33,754.8,754.31,754.72,228376.0,3985.0,754.612266
2026-05-28 17:00:00+00:00,754.73,754.87,754.63,754.73,201366.0,3807.0,754.749862
2026-05-28 17:05:00+00:00,754.73,754.83,754.44,754.46,144120.0,3203.0,754.598745
2026-05-28 17:10:00+00:00,754.45,754.52,754.27,754.3,305123.0,3822.0,754.424276
2026-05-28 17:15:00+00:00,754.3,754.37,754.12,754.16,198875.0,3856.0,754.23486
2026-05-28 17:20:00+00:00,754.155,754.52,754.155,754.48,239164.0,4283.0,754.354163
2026-05-28 17:25:00+00:00,754.47,754.52,754.2362,754.265,146404.0,3389.0,754.359054
2026-05-28 17:30:00+00:00,754.27,754.47,754.15,754.19,262593.0,5051.0,754.330643
2026-05-28 17:35:00+00:00,754.19,754.46,754.1,754.4401,169526.0,3635.0,754.299982
2026-05-28 17:40:00+00:00,754.46,754.5695,754.37,754.49,456165.0,3732.0,754.503899
2026-05-28 17:45:00+00:00,754.49,754.87,754.45,754.79,329523.0,5762.0,754.634422
2026-05-28 17:50:00+00:00,754.8,754.93,754.74,754.85,645358.0,5617.0,754.853418
2026-05-28 17:55:00+00:00,754.8301,754.85,754.63,754.7,261637.0,7410.0,754.72397
2026-05-28 18:00:00+00:00,754.68,754.89,754.59,754.89,280557.0,5458.0,754.726755
2026-05-28 18:05:00+00:00,754.88,754.88,754.7,754.7,247036.0,4800.0,754.80512
2026-05-28 18:10:00+00:00,754.69,754.705,754.47,754.5075,876844.0,4461.0,754.562733
2026-05-28 18:15:00+00:00,754.52,754.86,754.4,754.64,369518.0,7052.0,754.640008
2026-05-28 18:20:00+00:00,754.636,754.83,754.53,754.8,289188.0,5428.0,754.643524
2026-05-28 18:25:00+00:00,754.795,754.85,754.7,754.78,216941.0,3908.0,754.769584
2026-05-28 18:30:00+00:00,754.76,754.76,754.48,754.515,528218.0,4469.0,754.630294
2026-05-28 18:35:00+00:00,754.5,754.54,754.29,754.35,364669.0,6446.0,754.402572
2026-05-28 18:40:00+00:00,754.35,754.51,754.26,754.37,552090.0,5869.0,754.361967
2026-05-28 18:45:00+00:00,754.355,754.42,754.18,754.26,386715.0,4210.0,754.295602
2026-05-28 18:50:00+00:00,754.26,754.53,754.19,754.475,264930.0,3993.0,754.417298
2026-05-28 18:55:00+00:00,754.475,754.57,754.225,754.24,397917.0,6148.0,754.404976
2026-05-28 19:00:00+00:00,754.22,754.39,754.11,754.37,342532.0,5912.0,754.266605
2026-05-28 19:05:00+00:00,754.37,754.5,754.35,754.36,198983.0,5409.0,754.420578
2026-05-28 19:10:00+00:00,754.3743,754.52,754.19,754.24,581741.0,4287.0,754.349438
2026-05-28 19:15:00+00:00,754.24,754.43,754.18,754.32,216536.0,4834.0,754.285335
2026-05-28 19:20:00+00:00,754.305,754.56,754.24,754.55,358142.0,4810.0,754.395087
2026-05-28 19:25:00+00:00,754.54,754.78,754.53,754.76,557195.0,6068.0,754.656107
2026-05-28 19:30:00+00:00,754.76,755.05,754.72,754.943,653366.0,8963.0,754.882065
2026-05-28 19:35:00+00:00,754.9464,755.14,754.83,755.14,801768.0,6881.0,755.038614
2026-05-28 19:40:00+00:00,755.14,755.15,754.7,754.7,969207.0,10439.0,754.884696
2026-05-28 19:45:00+00:00,754.71,754.945,754.65,754.68,599466.0,10729.0,754.823808
2026-05-28 19:50:00+00:00,754.67,754.84,754.45,754.7,1435337.0,19973.0,754.692021
2026-05-28 19:55:00+00:00,754.7,754.83,754.5,754.64,2226253.0,24972.0,754.646957
2026-05-28 20:00:00+00:00,754.61,755.05,754.45,754.99,1507337.0,1617.0,754.631703
2026-05-28 20:05:00+00:00,755.03,755.33,754.6,755.21,532859.0,939.0,755.093037
2026-05-28 20:10:00+00:00,755.21,755.49,754.6,755.48,1731798.0,793.0,754.928841
2026-05-28 20:15:00+00:00,755.4,756.0,755.23,755.39,871972.0,1591.0,755.447039
2026-05-28 20:20:00+00:00,755.36,755.4,755.17,755.2,163157.0,722.0,755.262716
2026-05-28 20:25:00+00:00,755.22,755.39,755.2,755.3703,83675.0,327.0,755.267965
2026-05-28 20:30:00+00:00,755.4,755.48,755.2,755.35,53060.0,430.0,755.360759
2026-05-28 20:35:00+00:00,755.3593,755.39,755.21,755.25,27917.0,242.0,755.260003
2026-05-28 20:40:00+00:00,755.22,755.27,755.2,755.26,13363.0,139.0,755.243132
2026-05-28 20:45:00+00:00,755.2244,755.4,755.2,755.22,89769.0,264.0,755.257016
2026-05-28 20:50:00+00:00,755.24,755.3,755.2,755.2,22872.0,214.0,755.242989
2026-05-28 20:55:00+00:00,755.24,755.29,755.12,755.22,701759.0,405.0,755.226021
2026-05-28 21:00:00+00:00,755.22,755.28,755.11,755.28,134767.0,159.0,755.211052
2026-05-28 21:05:00+00:00,755.3,755.35,755.06,755.1,73133.0,394.0,755.202998
2026-05-28 21:10:00+00:00,755.07,755.14,755.0,755.0,15621.0,286.0,755.055136
2026-05-28 21:15:00+00:00,755.03,755.26,755.02,755.26,6595.0,132.0,755.178183
2026-05-28 21:20:00+00:00,755.24,755.35,755.24,755.33,10572.0,126.0,755.303708
2026-05-28 21:25:00+00:00,755.27,755.45,755.22,755.35,10890.0,157.0,755.352647
2026-05-28 21:30:00+00:00,755.24,755.33,755.24,755.3,24858.0,122.0,755.308837
2026-05-28 21:35:00+00:00,755.31,755.32,755.27,755.27,20114.0,160.0,755.297467
2026-05-28 21:40:00+00:00,755.27,755.27,755.18,755.23,8151.0,149.0,755.221436
2026-05-28 21:45:00+00:00,755.23,755.28,755.23,755.25,4838.0,73.0,755.252456
2026-05-28 21:50:00+00:00,755.25,755.26,755.24,755.24,3443.0,51.0,755.241264
2026-05-28 21:55:00+00:00,755.26,755.26,755.15,755.15,4539.0,91.0,755.222399
2026-05-28 22:00:00+00:00,755.3,755.63,755.22,755.52,11261.0,176.0,755.446222
2026-05-28 22:05:00+00:00,755.57,755.65,755.27,755.31,25793.0,236.0,755.452731
2026-05-28 22:10:00+00:00,755.31,755.31,755.02,755.26,18501.0,244.0,755.105355
2026-05-28 22:15:00+00:00,755.14,755.16,755.08,755.08,1306.0,62.0,755.139854
2026-05-28 22:20:00+00:00,755.1808,755.29,755.04,755.04,3213.0,101.0,755.123402
2026-05-28 22:25:00+00:00,755.05,755.12,755.0,755.03,15091.0,124.0,755.045819
2026-05-28 22:30:00+00:00,755.1,755.1,754.96,755.0,674.0,65.0,755.018553
2026-05-28 22:35:00+00:00,755.08,755.18,755.07,755.18,627.0,49.0,755.11502
2026-05-28 22:40:00+00:00,755.19,755.32,755.17,755.17,4588.0,97.0,755.249149
2026-05-28 22:45:00+00:00,755.24,755.24,755.15,755.17,6072.0,109.0,755.20001
2026-05-28 22:50:00+00:00,755.18,755.23,755.1,755.23,1777.0,54.0,755.123921
2026-05-28 22:55:00+00:00,755.1639,755.1639,755.031,755.031,2784.0,82.0,755.07219
2026-05-28 23:00:00+00:00,755.09,755.37,755.09,755.32,5394.0,129.0,755.230228
2026-05-28 23:05:00+00:00,755.3,755.319,755.1852,755.1852,3293.0,88.0,755.253116
2026-05-28 23:10:00+00:00,755.2,755.2539,755.1996,755.2,2499.0,27.0,755.204453
2026-05-28 23:15:00+00:00,755.3,755.5,755.3,755.5,3150.0,112.0,755.396731
2026-05-28 23:20:00+00:00,755.4695,755.48,755.39,755.39,3454.0,85.0,755.442873
2026-05-28 23:25:00+00:00,755.3994,755.4,755.28,755.33,4681.0,109.0,755.3462
2026-05-28 23:30:00+00:00,755.25,755.29,755.2,755.23,2666.0,83.0,755.236672
2026-05-28 23:35:00+00:00,755.19,755.28,755.17,755.2481,1594.0,57.0,755.257441
2026-05-28 23:40:00+00:00,755.2,755.3,755.17,755.18,2772.0,79.0,755.243798
2026-05-28 23:45:00+00:00,755.13,755.13,754.94,755.08,7981.0,180.0,755.04055
2026-05-28 23:50:00+00:00,755.07,755.1,754.99,754.99,1241.0,81.0,755.031607
2026-05-28 23:55:00+00:00,754.97,755.11,754.97,755.1,4213.0,85.0,755.023241
2026-05-29 08:00:00+00:00,755.49,756.09,754.85,755.48,52230.0,2256.0,755.498984
2026-05-29 08:05:00+00:00,755.45,755.6,755.3,755.42,3062.0,93.0,755.417863
2026-05-29 08:10:00+00:00,755.44,755.67,755.44,755.65,1089.0,38.0,755.526682
2026-05-29 08:15:00+00:00,755.65,755.65,755.58,755.5899,655.0,37.0,755.600576
2026-05-29 08:20:00+00:00,755.57,755.68,755.5,755.5,680.0,36.0,755.593645
2026-05-29 08:25:00+00:00,755.51,755.56,755.3065,755.56,3461.0,86.0,755.457203
2026-05-29 08:30:00+00:00,755.595,755.66,755.55,755.6,3355.0,59.0,755.604268
2026-05-29 08:35:00+00:00,755.55,755.61,755.46,755.57,780.0,36.0,755.550413
2026-05-29 08:40:00+00:00,755.59,755.62,755.5,755.5,4430.0,92.0,755.592707
2026-05-29 08:45:00+00:00,755.34,755.3526,755.09,755.11,19971.0,256.0,755.225916
2026-05-29 08:50:00+00:00,755.1074,755.24,755.05,755.22,5354.0,100.0,755.140113
2026-05-29 08:55:00+00:00,755.25,755.43,755.25,755.4,720.0,37.0,755.337884
2026-05-29 09:00:00+00:00,755.41,755.79,755.4,755.79,1543.0,75.0,755.56926
2026-05-29 09:05:00+00:00,755.7,755.85,755.7,755.85,643.0,26.0,755.792291
2026-05-29 09:10:00+00:00,755.79,756.13,755.78,756.06,4157.0,140.0,755.982816
2026-05-29 09:15:00+00:00,756.09,756.23,756.0,756.21,1329.0,78.0,756.092856
2026-05-29 09:20:00+00:00,756.21,756.21,755.91,755.91,704.0,67.0,756.1175
2026-05-29 09:25:00+00:00,755.91,756.14,755.81,756.05,1620.0,64.0,755.912195
2026-05-29 09:30:00+00:00,756.01,756.06,756.0,756.03,749.0,23.0,756.010336
2026-05-29 09:35:00+00:00,756.0,756.01,755.87,755.95,2015.0,85.0,755.922642
2026-05-29 09:40:00+00:00,755.99,756.01,755.85,755.85,772.0,22.0,755.965883
2026-05-29 09:45:00+00:00,756.13,756.15,755.99,756.08,1234.0,40.0,756.055921
2026-05-29 09:50:00+00:00,756.0,756.0,755.81,755.85,1032.0,46.0,755.880499
2026-05-29 09:55:00+00:00,755.9,755.93,755.81,755.89,1686.0,60.0,755.884777
2026-05-29 10:00:00+00:00,755.86,755.86,755.41,755.41,3767.0,126.0,755.605782
2026-05-29 10:05:00+00:00,755.39,755.53,755.32,755.32,1220.0,80.0,755.420839
2026-05-29 10:10:00+00:00,755.48,755.53,755.45,755.45,633.0,35.0,755.478953
2026-05-29 10:15:00+00:00,755.55,755.56,755.5,755.51,454.0,39.0,755.529007
2026-05-29 10:20:00+00:00,755.6,755.66,755.6,755.66,2129.0,48.0,755.609098
2026-05-29 10:25:00+00:00,755.62,755.76,755.56,755.73,4707.0,112.0,755.623276
2026-05-29 10:30:00+00:00,755.61,755.7208,755.58,755.7208,659.0,33.0,755.649961
2026-05-29 10:35:00+00:00,755.71,755.87,755.61,755.75,2577.0,75.0,755.76701
2026-05-29 10:40:00+00:00,755.78,755.78,755.69,755.74,648.0,46.0,755.732009
2026-05-29 10:45:00+00:00,755.85,755.93,755.84,755.88,1461.0,71.0,755.878881
2026-05-29 10:50:00+00:00,755.88,755.93,755.82,755.9,2797.0,80.0,755.860946
2026-05-29 10:55:00+00:00,755.8,755.8,755.71,755.71,941.0,44.0,755.768949
2026-05-29 11:00:00+00:00,755.82,756.12,755.81,756.0385,14195.0,222.0,756.041203
2026-05-29 11:05:00+00:00,756.1,756.14,755.97,755.97,11467.0,181.0,756.089012
2026-05-29 11:10:00+00:00,755.97,756.13,755.97,756.11,4526.0,117.0,756.05509
2026-05-29 11:15:00+00:00,756.13,756.209,756.09,756.2,4147.0,144.0,756.149929
2026-05-29 11:20:00+00:00,756.26,756.39,756.04,756.22,22136.0,382.0,756.201919
2026-05-29 11:25:00+00:00,756.25,756.26,755.85,755.8603,6779.0,203.0,756.107625
2026-05-29 11:30:00+00:00,755.84,755.84,755.5,755.5,7138.0,283.0,755.591056
2026-05-29 11:35:00+00:00,755.5,755.809,755.48,755.77,5726.0,221.0,755.588749
2026-05-29 11:40:00+00:00,755.78,756.02,755.78,756.02,7000.0,161.0,755.953794
2026-05-29 11:45:00+00:00,755.95,756.2,755.89,755.91,11710.0,245.0,756.106536
2026-05-29 11:50:00+00:00,755.91,755.95,755.25,755.95,25453.0,460.0,755.686816
2026-05-29 11:55:00+00:00,755.98,756.15,755.9701,756.15,4539.0,129.0,756.065079
2026-05-29 12:00:00+00:00,756.1,756.3,755.92,755.92,16019.0,242.0,756.170705
2026-05-29 12:05:00+00:00,755.85,755.98,755.81,755.87,6482.0,194.0,755.860227
2026-05-29 12:10:00+00:00,755.87,755.97,755.81,755.86,3047.0,129.0,755.871351
2026-05-29 12:15:00+00:00,755.79,756.11,755.79,756.08,8520.0,185.0,755.979806
2026-05-29 12:20:00+00:00,756.0,756.0,755.79,755.9,4746.0,145.0,755.867798
2026-05-29 12:25:00+00:00,755.88,756.01,755.81,756.0,17027.0,187.0,755.897459
2026-05-29 12:30:00+00:00,756.02,756.08,755.38,755.74,40189.0,648.0,755.757535
2026-05-29 12:35:00+00:00,755.7,755.7,755.45,755.48,12761.0,225.0,755.576419
2026-05-29 12:40:00+00:00,755.5,755.69,755.46,755.69,15522.0,184.0,755.595512
2026-05-29 12:45:00+00:00,755.69,755.69,755.5,755.59,8367.0,186.0,755.601504
2026-05-29 12:50:00+00:00,755.67,755.99,755.67,755.9,11928.0,324.0,755.817245
2026-05-29 12:55:00+00:00,755.89,756.1,755.8,755.94,34463.0,427.0,755.999917
2026-05-29 13:00:00+00:00,755.98,756.09,755.81,756.02,13316.0,294.0,755.978228
2026-05-29 13:05:00+00:00,756.0399,756.07,755.81,755.8399,12040.0,280.0,755.947514
2026-05-29 13:10:00+00:00,755.83,755.89,755.71,755.73,38292.0,500.0,755.788775
2026-05-29 13:15:00+00:00,755.76,755.77,755.57,755.649,10907.0,283.0,755.681806
2026-05-29 13:20:00+00:00,755.69,755.7,755.55,755.66,25781.0,389.0,755.635822
2026-05-29 13:25:00+00:00,755.66,755.9,755.6091,755.9,56136.0,639.0,755.770625
2026-05-29 13:30:00+00:00,755.9,756.29,755.5,756.005,1013737.0,18500.0,755.921843
2026-05-29 13:35:00+00:00,755.99,756.72,755.96,756.72,644637.0,12098.0,756.480956
2026-05-29 13:40:00+00:00,756.73,757.49,756.57,757.47,1057241.0,14351.0,757.099095
2026-05-29 13:45:00+00:00,757.48,757.75,757.2815,757.63,873929.0,13855.0,757.547564
2026-05-29 13:50:00+00:00,757.63,757.91,757.341,757.905,571371.0,10125.0,757.587073
2026-05-29 13:55:00+00:00,757.9,757.9,757.56,757.82,518020.0,9809.0,757.738663
2026-05-29 14:00:00+00:00,757.82,758.08,757.55,757.695,639299.0,11876.0,757.852567
2026-05-29 14:05:00+00:00,757.68,757.8,757.26,757.31,478024.0,8716.0,757.55825
2026-05-29 14:10:00+00:00,757.315,757.755,757.19,757.31,493710.0,9155.0,757.463527
2026-05-29 14:15:00+00:00,757.305,757.32,756.47,756.75,647781.0,12585.0,756.861537
2026-05-29 14:20:00+00:00,756.74,756.96,756.26,756.26,1765153.0,13549.0,756.749877
2026-05-29 14:25:00+00:00,756.25,756.71,755.84,756.6,716884.0,12845.0,756.289721
2026-05-29 14:30:00+00:00,756.6,756.91,756.21,756.91,338898.0,8233.0,756.566807
2026-05-29 14:35:00+00:00,756.9,756.96,755.62,755.63,611630.0,8813.0,756.198511
2026-05-29 14:40:00+00:00,755.64,755.95,755.1,755.175,614737.0,12415.0,755.419725
2026-05-29 14:45:00+00:00,755.122,755.31,754.69,755.01,693770.0,14674.0,755.013784
2026-05-29 14:50:00+00:00,754.97,756.74,754.9,755.8293,1565506.0,24882.0,755.913862
2026-05-29 14:55:00+00:00,755.825,756.53,755.82,756.04,496224.0,10003.0,756.23744
2026-05-29 15:00:00+00:00,756.03,756.395,755.89,756.33,221686.0,6435.0,756.188761
2026-05-29 15:05:00+00:00,756.33,756.77,756.0,756.6999,373863.0,8805.0,756.458756
2026-05-29 15:10:00+00:00,756.7,757.315,756.69,757.31,724672.0,10632.0,757.082984
2026-05-29 15:15:00+00:00,757.31,757.42,756.87,756.88,477071.0,8819.0,757.156786
2026-05-29 15:20:00+00:00,756.87,757.01,756.3,756.88,658639.0,6757.0,756.699728
2026-05-29 15:25:00+00:00,756.89,757.27,756.49,756.78,294345.0,7629.0,756.885632
2026-05-29 15:30:00+00:00,756.81,757.24,756.72,757.0,358875.0,7793.0,757.074642
2026-05-29 15:35:00+00:00,756.995,757.31,756.76,757.17,238944.0,6488.0,757.082155
2026-05-29 15:40:00+00:00,757.16,757.34,756.5,756.71,329907.0,8143.0,756.942921
2026-05-29 15:45:00+00:00,756.69,756.845,756.3,756.64,275528.0,7359.0,756.516273
2026-05-29 15:50:00+00:00,756.66,756.9099,756.43,756.6667,216740.0,6512.0,756.693896
2026-05-29 15:55:00+00:00,756.66,756.74,756.33,756.42,260494.0,7486.0,756.515354
2026-05-29 16:00:00+00:00,756.42,756.98,756.34,756.92,262160.0,6800.0,756.749956
2026-05-29 16:05:00+00:00,756.93,757.2899,756.83,757.275,258147.0,7491.0,757.100671
2026-05-29 16:10:00+00:00,757.28,757.465,757.16,757.3,260498.0,6601.0,757.336331
2026-05-29 16:15:00+00:00,757.31,757.39,756.81,756.85,185504.0,5313.0,757.113242
2026-05-29 16:20:00+00:00,756.87,757.2899,756.802,757.04,274841.0,6442.0,757.118864
2026-05-29 16:25:00+00:00,757.03,757.035,756.68,756.75,205071.0,4794.0,756.773551
2026-05-29 16:30:00+00:00,756.76,757.4,756.5,757.29,461482.0,9265.0,756.902967
2026-05-29 16:35:00+00:00,757.28,757.73,757.21,757.68,240958.0,5651.0,757.469616
2026-05-29 16:40:00+00:00,757.68,757.82,757.39,757.49,225975.0,4768.0,757.627955
2026-05-29 16:45:00+00:00,757.48,757.56,757.17,757.17,207834.0,4560.0,757.349471
2026-05-29 16:50:00+00:00,757.16,757.2,756.79,756.98,179114.0,4062.0,757.022784
2026-05-29 16:55:00+00:00,756.99,757.04,756.55,756.81,242845.0,4941.0,756.775941
2026-05-29 17:00:00+00:00,756.81,757.025,756.59,756.66,172528.0,4717.0,756.843846
2026-05-29 17:05:00+00:00,756.65,756.87,756.53,756.78,155547.0,4407.0,756.735333
2026-05-29 17:10:00+00:00,756.77,756.95,756.49,756.76,192606.0,5420.0,756.758492
2026-05-29 17:15:00+00:00,756.78,757.0,756.73,756.85,165763.0,4872.0,756.852881
2026-05-29 17:20:00+00:00,756.84,756.9,756.22,756.68,429412.0,9581.0,756.508569
2026-05-29 17:25:00+00:00,756.68,756.72,756.34,756.61,353754.0,4864.0,756.519437
2026-05-29 17:30:00+00:00,756.6,756.68,756.35,756.52,889051.0,5838.0,756.47357
2026-05-29 17:35:00+00:00,756.51,756.59,756.26,756.37,280692.0,4457.0,756.408582
2026-05-29 17:40:00+00:00,756.36,756.47,756.02,756.08,196406.0,4782.0,756.179988
2026-05-29 17:45:00+00:00,756.08,756.18,755.98,756.1,161496.0,10562.0,756.063484
2026-05-29 17:50:00+00:00,756.1,756.28,755.83,755.83,274069.0,7071.0,756.050216
2026-05-29 17:55:00+00:00,755.84,755.85,755.23,755.3,371001.0,7170.0,755.499418
2026-05-29 18:00:00+00:00,755.31,755.795,755.13,755.77,456123.0,9848.0,755.507763
2026-05-29 18:05:00+00:00,755.78,755.97,755.7,755.97,273850.0,6258.0,755.841628
2026-05-29 18:10:00+00:00,755.97,756.14,755.58,755.75,342770.0,6821.0,755.899525
2026-05-29 18:15:00+00:00,755.76,755.97,755.6,755.92,389958.0,6983.0,755.761306
2026-05-29 18:20:00+00:00,755.94,756.25,755.91,756.215,287276.0,6222.0,756.066929
2026-05-29 18:25:00+00:00,756.21,756.415,756.08,756.29,265474.0,5335.0,756.298757
2026-05-29 18:30:00+00:00,756.29,756.77,756.29,756.71,329741.0,6187.0,756.627533
2026-05-29 18:35:00+00:00,756.7,756.75,756.42,756.62,297070.0,6335.0,756.579404
2026-05-29 18:40:00+00:00,756.62,756.68,756.37,756.415,332920.0,5984.0,756.520425
2026-05-29 18:45:00+00:00,756.415,756.429,755.44,755.8499,710858.0,10333.0,755.844171
2026-05-29 18:50:00+00:00,755.83,756.02,755.51,755.695,420186.0,6708.0,755.702937
2026-05-29 18:55:00+00:00,755.7,755.86,755.41,755.49,306638.0,6707.0,755.641045
2026-05-29 19:00:00+00:00,755.48,755.925,755.36,755.86,343490.0,7182.0,755.670812
2026-05-29 19:05:00+00:00,755.87,756.31,755.85,756.245,364858.0,6912.0,756.144964
2026-05-29 19:10:00+00:00,756.245,756.51,756.17,756.36,383466.0,6824.0,756.37203
2026-05-29 19:15:00+00:00,756.36,756.44,755.96,756.195,603540.0,8363.0,756.192751
2026-05-29 19:20:00+00:00,756.19,756.61,756.09,756.5,487922.0,7236.0,756.332508
2026-05-29 19:25:00+00:00,756.47,756.88,756.32,756.86,580330.0,5959.0,756.646147
2026-05-29 19:30:00+00:00,756.86,757.23,756.83,757.22,883691.0,9581.0,757.065248
2026-05-29 19:35:00+00:00,757.22,757.5,757.0901,757.46,904532.0,9657.0,757.316493
2026-05-29 19:40:00+00:00,757.46,757.63,757.2,757.2101,991925.0,11945.0,757.405762
2026-05-29 19:45:00+00:00,757.21,757.36,756.99,757.25,1687118.0,13202.0,757.190401
2026-05-29 19:50:00+00:00,757.25,757.37,756.42,756.565,2246273.0,25782.0,756.760041
2026-05-29 19:55:00+00:00,756.56,756.83,756.17,756.4,3527749.0,37225.0,756.542355
2026-05-29 20:00:00+00:00,756.42,756.82,756.25,756.78,3311035.0,1962.0,756.497415
2026-05-29 20:05:00+00:00,756.81,756.86,756.31,756.71,619235.0,1674.0,756.699706
2026-05-29 20:10:00+00:00,756.76,756.76,756.28,756.61,4343559.0,1161.0,756.498031
2026-05-29 20:15:00+00:00,756.59,756.59,756.11,756.11,504250.0,1223.0,756.291184
2026-05-29 20:20:00+00:00,756.17,756.35,755.98,756.27,93795.0,734.0,756.095717
2026-05-29 20:25:00+00:00,756.26,756.27,755.91,756.01,45553.0,404.0,756.007024
2026-05-29 20:30:00+00:00,756.05,756.18,755.96,756.17,2015448.0,906.0,756.067331
2026-05-29 20:35:00+00:00,756.17,756.23,756.13,756.16,123371.0,489.0,756.158693
2026-05-29 20:40:00+00:00,756.15,756.16,755.95,755.97,91476.0,399.0,756.001226
2026-05-29 20:45:00+00:00,755.97,756.03,755.9,755.97,91145.0,193.0,755.938054
2026-05-29 20:50:00+00:00,755.96,756.2948,755.88,755.99,177264.0,488.0,756.13375
2026-05-29 20:55:00+00:00,756.06,756.06,755.9,756.0298,185834.0,373.0,755.982206
2026-05-29 21:00:00+00:00,755.96,756.02,755.92,755.93,101805.0,148.0,755.95236
2026-05-29 21:05:00+00:00,756.01,756.01,755.9,755.92,59241.0,151.0,755.936173
2026-05-29 21:10:00+00:00,756.006,756.05,756.0,756.0001,11093.0,75.0,756.041618
2026-05-29 21:15:00+00:00,756.0,756.11,756.0,756.11,17376.0,84.0,756.035002
2026-05-29 21:20:00+00:00,756.11,756.18,755.96,755.96,24326.0,164.0,756.080512
2026-05-29 21:25:00+00:00,755.96,755.96,755.8917,755.8917,21024.0,102.0,755.918621
2026-05-29 21:30:00+00:00,755.89,755.91,755.5,755.5,11158.0,347.0,755.642356
2026-05-29 21:35:00+00:00,755.52,756.48,755.2,755.4993,316166.0,245.0,756.444828
2026-05-29 21:40:00+00:00,755.4989,755.5,755.36,755.4,7400.0,123.0,755.455354
2026-05-29 21:45:00+00:00,755.479,755.48,755.41,755.41,8211.0,133.0,755.441007
2026-05-29 21:50:00+00:00,755.42,755.48,755.42,755.43,23446.0,198.0,755.434697
2026-05-29 21:55:00+00:00,755.4297,755.5,755.39,755.47,11779.0,204.0,755.424201
2026-05-29 22:00:00+00:00,755.49,755.49,755.46,755.46,3004.0,83.0,755.471128
2026-05-29 22:05:00+00:00,755.47,755.48,755.45,755.47,2628.0,73.0,755.464167
2026-05-29 22:10:00+00:00,755.47,755.47,755.46,755.46,3448.0,82.0,755.469684
2026-05-29 22:15:00+00:00,755.46,755.56,755.46,755.51,5135.0,73.0,755.48704
2026-05-29 22:20:00+00:00,755.51,755.68,755.5,755.66,14985.0,107.0,755.566968
2026-05-29 22:25:00+00:00,755.66,755.67,755.6,755.61,2755.0,168.0,755.644007
2026-05-29 22:30:00+00:00,755.63,755.63,755.51,755.6282,1657.0,43.0,755.619762
2026-05-29 22:35:00+00:00,755.62,755.62,755.48,755.48,2138.0,93.0,755.554741
2026-05-29 22:40:00+00:00,755.55,755.79,755.48,755.79,5042.0,76.0,755.613105
2026-05-29 22:45:00+00:00,755.7,755.7,755.4325,755.4325,3885.0,200.0,755.577155
2026-05-29 22:50:00+00:00,755.53,755.65,755.53,755.6,951.0,30.0,755.598476
2026-05-29 22:55:00+00:00,755.57,755.81,755.56,755.6234,2744.0,105.0,755.640102
2026-05-29 23:00:00+00:00,755.64,755.72,755.64,755.64,787.0,56.0,755.677466
2026-05-29 23:05:00+00:00,755.76,755.76,755.66,755.6612,1421.0,68.0,755.695215
2026-05-29 23:10:00+00:00,755.67,755.8,755.65,755.78,3325.0,95.0,755.716905
2026-05-29 23:15:00+00:00,755.702,755.72,755.7,755.7199,1654.0,47.0,755.709025
2026-05-29 23:20:00+00:00,755.72,755.72,755.5691,755.5691,549.0,29.0,755.601893
2026-05-29 23:25:00+00:00,755.57,755.67,755.57,755.65,4297.0,83.0,755.644678
2026-05-29 23:30:00+00:00,755.67,755.67,755.5953,755.6,3392.0,90.0,755.655871
2026-05-29 23:35:00+00:00,755.646,755.67,755.62,755.67,1899.0,56.0,755.652167
2026-05-29 23:40:00+00:00,755.67,755.67,755.59,755.6557,5919.0,110.0,755.637632
2026-05-29 23:45:00+00:00,755.65,755.67,755.62,755.67,3388.0,50.0,755.650186
2026-05-29 23:50:00+00:00,755.67,755.67,755.3,755.5,23492.0,380.0,755.521416
2026-05-29 23:55:00+00:00,755.6499,755.65,755.51,755.64,9720.0,277.0,755.630065
2026-06-01 08:00:00+00:00,758.02,759.08,757.79,758.06,65030.0,2517.0,758.477243
2026-06-01 08:05:00+00:00,758.0,758.74,757.96,758.14,7271.0,148.0,758.092558
2026-06-01 08:10:00+00:00,758.19,758.19,758.0,758.07,2118.0,65.0,758.120329
2026-06-01 08:15:00+00:00,758.05,758.07,757.89,758.07,4860.0,103.0,757.960826
2026-06-01 08:20:00+00:00,758.0,758.09,757.94,758.02,2899.0,73.0,758.021383
2026-06-01 08:25:00+00:00,757.97,757.97,757.8,757.86,5304.0,116.0,757.909833
2026-06-01 08:30:00+00:00,757.84,757.98,757.72,757.9,9811.0,147.0,757.799174
2026-06-01 08:35:00+00:00,757.86,757.91,757.78,757.86,3612.0,58.0,757.871385
2026-06-01 08:40:00+00:00,757.93,757.98,757.83,757.94,6732.0,82.0,757.933803
2026-06-01 08:45:00+00:00,758.05,758.055,757.68,757.99,5940.0,122.0,757.914027
2026-06-01 08:50:00+00:00,758.05,758.26,757.98,758.26,7485.0,80.0,758.075783
2026-06-01 08:55:00+00:00,758.33,758.48,758.32,758.47,3183.0,90.0,758.421308
2026-06-01 09:00:00+00:00,758.5,758.68,758.5,758.68,3534.0,82.0,758.602959
2026-06-01 09:05:00+00:00,758.68,758.68,758.3,758.3,3681.0,83.0,758.456968
2026-06-01 09:10:00+00:00,758.36,758.48,758.25,758.26,1996.0,56.0,758.419646
2026-06-01 09:15:00+00:00,758.34,758.45,758.27,758.45,1877.0,50.0,758.407893
2026-06-01 09:20:00+00:00,758.35,758.36,758.21,758.27,1273.0,56.0,758.270341
2026-06-01 09:25:00+00:00,758.215,758.36,758.2,758.34,4005.0,59.0,758.296932
2026-06-01 09:30:00+00:00,758.26,758.33,758.22,758.32,7865.0,108.0,758.273626
2026-06-01 09:35:00+00:00,758.32,758.32,758.21,758.23,2722.0,75.0,758.242443
2026-06-01 09:40:00+00:00,758.27,758.3,758.22,758.3,2960.0,68.0,758.245422
2026-06-01 09:45:00+00:00,758.25,758.25,758.21,758.21,649.0,38.0,758.227778
2026-06-01 09:50:00+00:00,758.121,758.121,758.02,758.06,1645.0,62.0,758.068222
2026-06-01 09:55:00+00:00,758.052,758.09,757.99,758.09,1417.0,40.0,758.02356
2026-06-01 10:05:00+00:00,758.15,758.34,758.14,758.34,540.0,20.0,758.21093
2026-06-01 10:10:00+00:00,758.43,758.51,758.42,758.43,1864.0,55.0,758.438848
2026-06-01 10:15:00+00:00,758.5,758.53,758.5,758.53,605.0,29.0,758.516266
2026-06-01 10:20:00+00:00,758.38,758.44,758.35,758.38,969.0,49.0,758.396285
2026-06-01 10:25:00+00:00,758.43,758.57,758.42,758.57,1498.0,38.0,758.484046
2026-06-01 10:30:00+00:00,758.61,758.67,758.52,758.66,6022.0,129.0,758.637295
2026-06-01 10:35:00+00:00,758.68,758.79,758.68,758.75,1579.0,78.0,758.742055
2026-06-01 10:40:00+00:00,758.83,758.84,758.66,758.72,26923.0,198.0,758.703817
2026-06-01 10:45:00+00:00,758.73,758.73,758.55,758.73,50787.0,275.0,758.627855
2026-06-01 10:50:00+00:00,758.6875,758.7,758.63,758.64,13432.0,102.0,758.664746
2026-06-01 10:55:00+00:00,758.61,758.7,758.59,758.68,10593.0,76.0,758.598166
2026-06-01 11:00:00+00:00,758.68,758.72,758.57,758.6,29901.0,492.0,758.658688
2026-06-01 11:05:00+00:00,758.5304,758.69,758.53,758.59,7987.0,186.0,758.636566
2026-06-01 11:10:00+00:00,758.61,758.61,758.44,758.56,8475.0,198.0,758.517673
2026-06-01 11:15:00+00:00,758.52,758.6,758.42,758.6,4220.0,164.0,758.504269
2026-06-01 11:20:00+00:00,758.57,758.6,758.47,758.51,16495.0,227.0,758.5186
2026-06-01 11:25:00+00:00,758.56,758.73,758.4679,758.73,7487.0,122.0,758.543081
2026-06-01 11:30:00+00:00,758.64,758.95,758.58,758.84,23581.0,401.0,758.86181
2026-06-01 11:35:00+00:00,758.86,759.14,758.86,759.14,17280.0,409.0,758.991605
2026-06-01 11:40:00+00:00,759.22,759.26,758.88,758.94,8618.0,266.0,759.016693
2026-06-01 11:45:00+00:00,758.9592,759.02,758.77,758.78,5764.0,207.0,758.92456
2026-06-01 11:50:00+00:00,758.7201,758.74,758.52,758.5411,14938.0,244.0,758.660824
2026-06-01 11:55:00+00:00,758.55,758.5791,758.44,758.44,5446.0,184.0,758.526286
2026-06-01 12:00:00+00:00,758.48,758.48,758.28,758.28,7361.0,208.0,758.341773
2026-06-01 12:05:00+00:00,758.33,758.41,757.9891,757.9891,11060.0,374.0,758.157207
2026-06-01 12:10:00+00:00,757.93,758.18,757.87,757.99,21981.0,474.0,758.071173
2026-06-01 12:15:00+00:00,757.94,758.07,757.71,757.93,13422.0,349.0,757.85272
2026-06-01 12:20:00+00:00,757.95,758.08,757.93,758.0,6350.0,228.0,757.994749
2026-06-01 12:25:00+00:00,758.01,758.21,758.01,758.06,8445.0,285.0,758.110149
2026-06-01 12:30:00+00:00,758.06,758.0881,757.75,757.84,39035.0,382.0,757.866935
2026-06-01 12:35:00+00:00,757.89,758.15,757.85,758.11,41069.0,330.0,757.931495
2026-06-01 12:40:00+00:00,758.11,758.45,758.02,758.45,20105.0,350.0,758.15318
2026-06-01 12:45:00+00:00,758.48,758.52,758.28,758.28,19609.0,308.0,758.371472
2026-06-01 12:50:00+00:00,758.28,758.28,757.99,757.9999,20324.0,342.0,758.09827
2026-06-01 12:55:00+00:00,758.03,758.04,757.85,757.95,8617.0,291.0,757.900636
2026-06-01 13:00:00+00:00,757.95,757.96,757.6,757.671,36294.0,549.0,757.761956
2026-06-01 13:05:00+00:00,757.7,758.02,757.6007,757.98,16484.0,353.0,757.747262
2026-06-01 13:10:00+00:00,758.06,758.06,755.22,755.9681,281787.0,3569.0,756.066683
2026-06-01 13:15:00+00:00,755.88,756.6,755.84,756.0,77166.0,1138.0,756.151263
2026-06-01 13:20:00+00:00,755.95,756.02,754.86,754.93,126390.0,1419.0,755.365772
2026-06-01 13:25:00+00:00,754.95,755.47,754.74,755.36,145944.0,1511.0,755.127492
2026-06-01 13:30:00+00:00,755.34,756.1,754.69,755.7,1778613.0,37382.0,755.446654
2026-06-01 13:35:00+00:00,755.69,756.58,755.58,756.25,751665.0,16278.0,756.18581
2026-06-01 13:40:00+00:00,756.26,756.6,755.87,756.24,755280.0,13562.0,756.287915
2026-06-01 13:45:00+00:00,756.24,756.69,756.21,756.4,776134.0,12981.0,756.412016
2026-06-01 13:50:00+00:00,756.38,756.77,755.93,756.09,567206.0,12149.0,756.331635
2026-06-01 13:55:00+00:00,756.08,756.18,755.53,755.55,480231.0,11131.0,755.871097
2026-06-01 14:00:00+00:00,755.61,756.08,755.32,755.6,826580.0,16283.0,755.717899
2026-06-01 14:05:00+00:00,755.59,756.48,755.51,756.35,569288.0,11325.0,755.894793
2026-06-01 14:10:00+00:00,756.35,756.41,755.4,755.94,507918.0,10863.0,755.918348
2026-06-01 14:15:00+00:00,755.92,756.76,755.6901,755.9,658748.0,12715.0,756.178368
2026-06-01 14:20:00+00:00,755.88,756.57,755.83,756.2,522791.0,12142.0,756.294074
2026-06-01 14:25:00+00:00,756.21,756.33,755.65,755.855,357071.0,9660.0,755.939548
2026-06-01 14:30:00+00:00,755.84,756.18,755.54,755.74,325789.0,9085.0,755.807328
2026-06-01 14:35:00+00:00,755.74,755.94,755.32,755.435,288898.0,8071.0,755.575373
2026-06-01 14:40:00+00:00,755.41,755.95,755.28,755.81,296684.0,7736.0,755.725748
2026-06-01 14:45:00+00:00,755.8,755.98,755.49,755.65,282629.0,8089.0,755.727955
2026-06-01 14:50:00+00:00,755.64,755.89,755.39,755.56,361602.0,7266.0,755.578538
2026-06-01 14:55:00+00:00,755.55,755.66,755.3,755.655,245404.0,7250.0,755.469137
2026-06-01 15:00:00+00:00,755.65,755.85,755.45,755.78,1258341.0,7080.0,755.670775
2026-06-01 15:05:00+00:00,755.8,756.27,755.45,756.02,336231.0,8920.0,755.976245
2026-06-01 15:10:00+00:00,756.01,756.12,755.68,755.94,214679.0,6490.0,755.930758
2026-06-01 15:15:00+00:00,755.92,756.09,755.8,755.875,417025.0,7684.0,755.962986
2026-06-01 15:20:00+00:00,755.875,756.405,755.87,756.255,293540.0,7622.0,756.249254
2026-06-01 15:25:00+00:00,756.25,756.31,755.96,756.16,190256.0,6362.0,756.146291
2026-06-01 15:30:00+00:00,756.14,757.3,756.14,757.04,1140074.0,17023.0,756.947785
2026-06-01 15:35:00+00:00,757.05,757.42,757.0,757.4,766224.0,10564.0,757.301533
2026-06-01 15:40:00+00:00,757.4,757.42,757.17,757.285,343033.0,7687.0,757.305793
2026-06-01 15:45:00+00:00,757.305,757.32,756.89,756.9,287342.0,7799.0,757.120672
2026-06-01 15:50:00+00:00,756.89,757.16,756.79,756.99,368511.0,6666.0,756.965286
2026-06-01 15:55:00+00:00,757.01,757.03,756.65,756.715,186891.0,5261.0,756.813161
2026-06-01 16:00:00+00:00,756.7,757.25,756.7,756.875,301152.0,7914.0,756.998255
2026-06-01 16:05:00+00:00,756.875,756.92,756.68,756.8,210013.0,5888.0,756.803192
2026-06-01 16:10:00+00:00,756.7999,756.8,756.31,756.5301,336499.0,9145.0,756.465588
2026-06-01 16:15:00+00:00,756.51,756.62,755.871,756.345,435207.0,8166.0,756.178093
2026-06-01 16:20:00+00:00,756.355,756.76,756.31,756.72,189533.0,5964.0,756.558373
2026-06-01 16:25:00+00:00,756.71,756.85,756.56,756.78,210532.0,6178.0,756.675049
2026-06-01 16:30:00+00:00,756.78,757.29,756.78,757.12,293234.0,7769.0,757.00037
2026-06-01 16:35:00+00:00,757.12,757.25,756.92,757.16,218417.0,4821.0,757.116958
2026-06-01 16:40:00+00:00,757.155,757.25,757.03,757.06,184292.0,3848.0,757.144901
2026-06-01 16:45:00+00:00,757.06,757.13,756.84,757.12,328184.0,4399.0,756.991111
2026-06-01 16:50:00+00:00,757.12,757.88,757.01,757.83,517579.0,8694.0,757.489767
2026-06-01 16:55:00+00:00,757.85,758.04,757.75,757.95,476454.0,7480.0,757.887183
2026-06-01 17:00:00+00:00,757.94,757.99,757.42,757.43,361383.0,6467.0,757.681477
2026-06-01 17:05:00+00:00,757.43,757.58,757.02,757.1,675632.0,8927.0,757.292101
2026-06-01 17:10:00+00:00,757.095,757.4,757.095,757.31,201923.0,3928.0,757.258201
2026-06-01 17:15:00+00:00,757.31,757.3999,757.13,757.345,181971.0,4512.0,757.274333
2026-06-01 17:20:00+00:00,757.345,757.71,757.32,757.61,170645.0,4179.0,757.528006
2026-06-01 17:25:00+00:00,757.59,758.55,757.47,758.52,341839.0,6586.0,758.004666
2026-06-01 17:30:00+00:00,758.53,758.75,757.76,757.94,585202.0,10921.0,758.162526
2026-06-01 17:35:00+00:00,757.94,758.54,757.73,758.44,1001666.0,17011.0,758.200968
2026-06-01 17:40:00+00:00,758.435,760.28,758.37,759.48,1274129.0,22103.0,759.212282
2026-06-01 17:45:00+00:00,759.47,760.08,759.45,759.62,497380.0,8423.0,759.681097
2026-06-01 17:50:00+00:00,759.61,759.93,759.52,759.915,452280.0,12102.0,759.726775
2026-06-01 17:55:00+00:00,759.91,759.95,759.45,759.55,298394.0,11375.0,759.748324
2026-06-01 18:00:00+00:00,759.55,759.64,759.48,759.58,370044.0,12678.0,759.570289
2026-06-01 18:05:00+00:00,759.59,759.71,759.52,759.65,292684.0,7476.0,759.633949
2026-06-01 18:10:00+00:00,759.655,759.76,759.32,759.38,219147.0,4930.0,759.508838
2026-06-01 18:15:00+00:00,759.38,759.76,759.33,759.75,166973.0,3872.0,759.50571
2026-06-01 18:20:00+00:00,759.75,759.86,759.72,759.79,305684.0,3594.0,759.788212
2026-06-01 18:25:00+00:00,759.7951,759.91,759.77,759.8205,329296.0,4369.0,759.830438
2026-06-01 18:30:00+00:00,759.82,759.86,759.54,759.73,212127.0,4391.0,759.667293
2026-06-01 18:35:00+00:00,759.729,759.85,759.59,759.66,219311.0,4283.0,759.716735
2026-06-01 18:40:00+00:00,759.67,759.87,759.61,759.85,246359.0,4347.0,759.728903
2026-06-01 18:45:00+00:00,759.84,759.86,759.545,759.565,225367.0,4519.0,759.706061
2026-06-01 18:50:00+00:00,759.57,759.64,759.44,759.6,342018.0,4431.0,759.532933
2026-06-01 18:55:00+00:00,759.59,759.82,759.51,759.52,327485.0,5013.0,759.68337
2026-06-01 19:00:00+00:00,759.52,759.67,759.38,759.66,463571.0,6157.0,759.553877
2026-06-01 19:05:00+00:00,759.67,759.7,759.37,759.635,293347.0,5256.0,759.577835
2026-06-01 19:10:00+00:00,759.635,759.65,759.45,759.47,281053.0,5162.0,759.557501
2026-06-01 19:15:00+00:00,759.47,759.59,759.4,759.46,246798.0,4808.0,759.498206
2026-06-01 19:20:00+00:00,759.46,759.615,759.42,759.59,275079.0,5377.0,759.494196
2026-06-01 19:25:00+00:00,759.6,759.76,759.55,759.68,203235.0,4337.0,759.65695
2026-06-01 19:30:00+00:00,759.67,759.6792,759.22,759.24,877795.0,8824.0,759.430806
2026-06-01 19:35:00+00:00,759.23,759.33,759.04,759.21,570761.0,7421.0,759.168258
2026-06-01 19:40:00+00:00,759.19,759.19,758.88,759.02,558392.0,7923.0,759.038737
2026-06-01 19:45:00+00:00,759.0,759.11,758.6,758.66,1030887.0,14214.0,758.841626
2026-06-01 19:50:00+00:00,758.67,758.8,758.16,758.24,1153516.0,17129.0,758.420601
2026-06-01 19:55:00+00:00,758.25,758.495,758.04,758.43,2103104.0,30114.0,758.269595
2026-06-01 20:00:00+00:00,758.43,758.61,758.3204,758.54,2289156.0,1374.0,758.524007
2026-06-01 20:05:00+00:00,758.54,758.65,758.41,758.53,930638.0,793.0,758.562036
2026-06-01 20:10:00+00:00,758.54,758.6615,758.48,758.65,1338684.0,630.0,758.581833
2026-06-01 20:15:00+00:00,758.65,758.65,758.39,758.55,51992.0,361.0,758.463138
2026-06-01 20:20:00+00:00,758.49,758.53,758.38,758.39,54356.0,406.0,758.453785
2026-06-01 20:25:00+00:00,758.39,758.39,758.14,758.25,35442.0,304.0,758.186637
2026-06-01 20:30:00+00:00,758.17,758.36,758.16,758.35,23933.0,242.0,758.237221
2026-06-01 20:35:00+00:00,758.42,758.5,758.38,758.38,30714.0,224.0,758.454338
2026-06-01 20:40:00+00:00,758.35,758.84,758.35,758.54,44309.0,453.0,758.646795
2026-06-01 20:45:00+00:00,758.58,758.58,758.0794,758.24,64224.0,340.0,758.353247
2026-06-01 20:50:00+00:00,758.26,758.26,757.83,757.84,30974.0,377.0,758.031732
2026-06-01 20:55:00+00:00,757.8308,758.08,757.7,758.0,27880.0,351.0,757.81249
2026-06-01 21:00:00+00:00,757.86,758.06,757.84,758.05,41850.0,155.0,757.952633
2026-06-01 21:05:00+00:00,758.05,758.05,757.98,758.03,21142.0,167.0,758.024431
2026-06-01 21:10:00+00:00,757.98,758.05,757.95,758.05,9445.0,138.0,758.035563
2026-06-01 21:15:00+00:00,758.05,758.05,758.0,758.03,9789.0,91.0,758.015177
2026-06-01 21:20:00+00:00,758.0,758.02,757.98,758.02,12298.0,106.0,757.986592
2026-06-01 21:25:00+00:00,757.99,758.02,757.95,757.97,11387.0,168.0,757.996764
2026-06-01 21:30:00+00:00,758.0,758.05,757.79,757.79,3179.0,98.0,757.992036
2026-06-01 21:35:00+00:00,757.9,757.93,757.84,757.85,3640.0,119.0,757.864323
2026-06-01 21:40:00+00:00,757.85,757.99,757.74,757.77,6363.0,140.0,757.874476
2026-06-01 21:45:00+00:00,757.81,757.97,757.75,757.89,3074.0,87.0,757.850359
2026-06-01 21:50:00+00:00,757.87,757.98,757.86,757.8679,1490.0,50.0,757.892805
2026-06-01 21:55:00+00:00,757.92,758.14,757.86,758.1,6464.0,117.0,758.073546
2026-06-01 22:00:00+00:00,758.12,758.18,757.16,757.21,27477.0,418.0,757.42509
2026-06-01 22:05:00+00:00,757.28,757.28,756.6112,757.0,15582.0,382.0,756.942836
2026-06-01 22:10:00+00:00,756.99,757.1,756.99,757.0278,2493.0,79.0,757.027572
2026-06-01 22:15:00+00:00,756.9388,757.05,756.86,756.95,32416.0,259.0,756.916955
2026-06-01 22:20:00+00:00,756.89,756.91,756.54,756.72,4390.0,183.0,756.660983
2026-06-01 22:25:00+00:00,756.71,756.794,756.51,756.55,1867.0,108.0,756.658761
2026-06-01 22:30:00+00:00,756.5863,756.61,756.53,756.5988,2676.0,88.0,756.578829
2026-06-01 22:35:00+00:00,756.56,756.58,756.3137,756.365,9187.0,165.0,756.512709
2026-06-01 22:40:00+00:00,756.3585,756.45,756.26,756.31,1815.0,111.0,756.350102
2026-06-01 22:45:00+00:00,756.38,756.4707,756.3211,756.37,3309.0,94.0,756.423447
2026-06-01 22:50:00+00:00,756.3439,756.4695,756.2903,756.38,6759.0,141.0,756.400933
2026-06-01 22:55:00+00:00,756.2978,756.5999,756.25,756.5999,3327.0,130.0,756.379309
2026-06-01 23:00:00+00:00,756.6,756.6978,756.6,756.671,2576.0,74.0,756.626003
2026-06-01 23:05:00+00:00,756.63,756.663,756.5,756.663,1869.0,107.0,756.584133
2026-06-01 23:10:00+00:00,756.58,756.65,756.58,756.6,705.0,63.0,756.623388
2026-06-01 23:15:00+00:00,756.55,756.7403,756.55,756.7263,1687.0,54.0,756.703404
2026-06-01 23:20:00+00:00,756.7242,756.7242,756.68,756.68,401.0,60.0,756.70362
2026-06-01 23:25:00+00:00,756.61,756.66,756.61,756.64,1218.0,29.0,756.641485
2026-06-01 23:30:00+00:00,756.48,756.62,756.48,756.62,643.0,36.0,756.499515
2026-06-01 23:35:00+00:00,756.7,756.93,756.52,756.7094,8058.0,167.0,756.718247
2026-06-01 23:40:00+00:00,756.78,756.8,756.6,756.6,2609.0,106.0,756.775115
2026-06-01 23:45:00+00:00,756.7,756.7,756.31,756.31,4175.0,118.0,756.466221
2026-06-01 23:50:00+00:00,756.36,756.5,756.34,756.5,2255.0,82.0,756.373006
2026-06-01 23:55:00+00:00,756.5786,756.6855,756.52,756.58,14643.0,143.0,756.565235
2026-06-02 08:00:00+00:00,756.72,758.12,755.35,757.71,64717.0,2353.0,756.887294
2026-06-02 08:05:00+00:00,758.03,758.23,755.65,758.07,6765.0,165.0,757.899845
2026-06-02 08:10:00+00:00,758.01,758.02,757.78,758.015,3409.0,98.0,757.938927
2026-06-02 08:15:00+00:00,757.91,758.0,757.86,757.86,2403.0,68.0,757.963089
2026-06-02 08:20:00+00:00,757.88,757.89,757.6,757.89,6156.0,127.0,757.774757
2026-06-02 08:25:00+00:00,757.8158,757.8158,757.53,757.53,936.0,63.0,757.687597
2026-06-02 08:30:00+00:00,757.57,757.8,757.57,757.8,3024.0,77.0,757.73376
2026-06-02 08:35:00+00:00,757.7076,757.79,757.7076,757.785,526.0,36.0,757.744712
2026-06-02 08:40:00+00:00,757.83,757.885,757.74,757.74,546.0,38.0,757.831071
2026-06-02 08:45:00+00:00,757.79,757.91,757.79,757.89,1713.0,43.0,757.881542
2026-06-02 08:50:00+00:00,757.87,757.92,757.8,757.8,2576.0,61.0,757.85528
2026-06-02 08:55:00+00:00,757.82,757.82,757.64,757.71,1027.0,42.0,757.73166
2026-06-02 09:00:00+00:00,757.7,757.7,757.37,757.37,2330.0,104.0,757.488347
2026-06-02 09:05:00+00:00,757.41,757.5811,757.41,757.57,2785.0,35.0,757.517509
2026-06-02 09:10:00+00:00,757.56,757.56,757.45,757.45,757.0,48.0,757.517383
2026-06-02 09:15:00+00:00,757.54,757.54,757.39,757.5083,1048.0,50.0,757.457742
2026-06-02 09:20:00+00:00,757.51,757.51,757.09,757.09,1275.0,51.0,757.297726
2026-06-02 09:25:00+00:00,757.24,757.2431,757.11,757.17,1706.0,58.0,757.174499
2026-06-02 09:30:00+00:00,757.19,757.3,757.13,757.25,919.0,33.0,757.214183
2026-06-02 09:35:00+00:00,757.24,757.24,757.12,757.15,1922.0,60.0,757.199053
2026-06-02 09:40:00+00:00,757.26,757.68,757.05,757.64,1942.0,104.0,757.39487
2026-06-02 09:45:00+00:00,757.62,757.71,757.6,757.71,1815.0,76.0,757.659477
2026-06-02 09:50:00+00:00,757.71,757.75,757.65,757.68,11883.0,110.0,757.725566
2026-06-02 09:55:00+00:00,757.49,757.51,757.4101,757.42,1330.0,53.0,757.478727
2026-06-02 10:00:00+00:00,757.31,757.31,757.155,757.25,7040.0,116.0,757.202442
2026-06-02 10:05:00+00:00,757.32,757.4,757.28,757.39,6033.0,87.0,757.38638
2026-06-02 10:10:00+00:00,757.4599,757.48,757.3,757.3,464.0,39.0,757.437636
2026-06-02 10:15:00+00:00,757.41,757.41,757.41,757.41,135.0,5.0,757.41
2026-06-02 10:20:00+00:00,757.49,757.49,757.38,757.48,10720.0,60.0,757.443943
2026-06-02 10:25:00+00:00,757.41,757.41,757.27,757.3,1954.0,59.0,757.322696
2026-06-02 10:30:00+00:00,757.34,757.4,757.26,757.26,1654.0,49.0,757.312352
2026-06-02 10:35:00+00:00,757.22,757.23,757.09,757.11,1630.0,68.0,757.177057
2026-06-02 10:40:00+00:00,757.2,757.26,757.17,757.17,1313.0,30.0,757.193734
2026-06-02 10:45:00+00:00,757.23,757.25,757.05,757.11,1386.0,41.0,757.210397
2026-06-02 10:50:00+00:00,757.1001,757.2,757.1,757.15,3110.0,46.0,757.1832
2026-06-02 10:55:00+00:00,757.25,757.27,757.04,757.04,9078.0,108.0,757.212217
2026-06-02 11:00:00+00:00,757.11,757.16,756.83,756.83,13445.0,325.0,757.01933
2026-06-02 11:05:00+00:00,756.8016,756.95,756.8,756.9,15985.0,235.0,756.853882
2026-06-02 11:10:00+00:00,757.04,757.28,756.99,757.0689,8156.0,147.0,757.061736
2026-06-02 11:15:00+00:00,757.02,757.02,756.87,756.969,2985.0,99.0,756.923966
2026-06-02 11:20:00+00:00,756.92,756.92,756.8,756.89,1941.0,113.0,756.869
2026-06-02 11:25:00+00:00,756.87,757.05,756.87,757.05,6013.0,130.0,756.971045
2026-06-02 11:30:00+00:00,757.08,757.49,757.06,757.2201,15408.0,285.0,757.298645
2026-06-02 11:35:00+00:00,757.24,757.3315,757.16,757.3315,2011.0,119.0,757.213649
2026-06-02 11:40:00+00:00,757.17,757.2199,757.14,757.17,2980.0,91.0,757.172436
2026-06-02 11:45:00+00:00,757.06,757.12,756.96,757.01,4254.0,147.0,757.006718
2026-06-02 11:50:00+00:00,756.95,757.08,756.95,757.08,4059.0,152.0,757.019403
2026-06-02 11:55:00+00:00,757.0001,757.01,756.8,756.8,11100.0,219.0,756.874336
2026-06-02 12:00:00+00:00,756.83,756.95,756.7,756.93,18664.0,306.0,756.794675
2026-06-02 12:05:00+00:00,756.93,757.07,756.87,757.069,19159.0,270.0,756.938913
2026-06-02 12:10:00+00:00,757.18,757.18,757.0,757.01,7858.0,172.0,757.113518
2026-06-02 12:15:00+00:00,757.02,757.15,756.9019,756.91,4314.0,169.0,757.075378
2026-06-02 12:20:00+00:00,756.9492,757.41,756.9492,757.4,27334.0,369.0,757.29177
2026-06-02 12:25:00+00:00,757.4126,757.46,757.24,757.34,4464.0,186.0,757.345411
2026-06-02 12:30:00+00:00,757.17,757.2,756.95,757.1489,12716.0,324.0,757.112533
2026-06-02 12:35:00+00:00,757.19,757.19,756.97,757.02,5046.0,182.0,757.066847
2026-06-02 12:40:00+00:00,757.17,757.35,757.15,757.3,7488.0,235.0,757.261065
2026-06-02 12:45:00+00:00,757.25,757.25,757.0865,757.19,5243.0,168.0,757.189133
2026-06-02 12:50:00+00:00,757.12,757.2,756.88,756.91,6434.0,200.0,757.013597
2026-06-02 12:55:00+00:00,756.9,756.95,756.85,756.85,5593.0,174.0,756.901647
2026-06-02 13:00:00+00:00,756.9,757.0,756.79,756.85,15459.0,275.0,756.903728
2026-06-02 13:05:00+00:00,756.87,757.0,755.41,756.35,83370.0,1028.0,756.179109
2026-06-02 13:10:00+00:00,756.31,756.6,756.24,756.4,17936.0,388.0,756.419656
2026-06-02 13:15:00+00:00,756.35,756.76,756.2309,756.62,35510.0,575.0,756.600096
2026-06-02 13:20:00+00:00,756.65,756.92,756.6352,756.92,12219.0,336.0,756.768705
2026-06-02 13:25:00+00:00,756.94,757.12,756.71,757.02,40560.0,652.0,756.926542
2026-06-02 13:30:00+00:00,757.02,757.74,756.86,757.45,787735.0,16254.0,757.310014
2026-06-02 13:35:00+00:00,757.445,757.55,756.9709,756.99,728810.0,7982.0,757.274754
2026-06-02 13:40:00+00:00,756.99,757.33,756.75,757.3106,499623.0,9449.0,757.005205
2026-06-02 13:45:00+00:00,757.31,757.68,757.28,757.66,555768.0,10076.0,757.528043
2026-06-02 13:50:00+00:00,757.66,757.77,757.45,757.53,391598.0,8512.0,757.587741
2026-06-02 13:55:00+00:00,757.53,757.67,757.36,757.62,251769.0,6142.0,757.484678
2026-06-02 14:00:00+00:00,757.63,757.78,757.23,757.775,433065.0,8592.0,757.523259
2026-06-02 14:05:00+00:00,757.78,757.94,757.615,757.915,399333.0,7762.0,757.796659
2026-06-02 14:10:00+00:00,757.92,758.42,757.89,758.18,597257.0,11217.0,758.179363
2026-06-02 14:15:00+00:00,758.199,758.35,758.0201,758.32,366245.0,7961.0,758.194565
2026-06-02 14:20:00+00:00,758.33,758.47,757.92,758.035,352847.0,8072.0,758.181461
2026-06-02 14:25:00+00:00,758.03,758.28,757.54,757.735,466185.0,9040.0,757.814837
2026-06-02 14:30:00+00:00,757.74,758.56,757.72,758.55,328965.0,8150.0,758.239944
2026-06-02 14:35:00+00:00,758.55,758.81,758.4692,758.515,368448.0,7327.0,758.591696
2026-06-02 14:40:00+00:00,758.5,758.935,758.4,758.91,236354.0,6451.0,758.638333
2026-06-02 14:45:00+00:00,758.905,759.3,758.81,759.26,399304.0,8611.0,758.99813
2026-06-02 14:50:00+00:00,759.27,759.6,759.22,759.55,468470.0,8864.0,759.400351
2026-06-02 14:55:00+00:00,759.56,759.73,759.385,759.72,577156.0,7711.0,759.551197
2026-06-02 15:00:00+00:00,759.71,759.78,759.4,759.45,345636.0,8557.0,759.623427
2026-06-02 15:05:00+00:00,759.46,760.115,759.375,760.1099,324475.0,7200.0,759.875371
2026-06-02 15:10:00+00:00,760.1,760.21,759.82,759.96,349406.0,7284.0,759.953592
2026-06-02 15:15:00+00:00,759.9803,760.17,759.94,760.13,435283.0,8961.0,760.068289
2026-06-02 15:20:00+00:00,760.145,760.4,760.07,760.205,506667.0,9455.0,760.236583
2026-06-02 15:25:00+00:00,760.2,760.285,759.85,759.89,212779.0,5570.0,760.046158
2026-06-02 15:30:00+00:00,759.87,759.87,759.68,759.8,185460.0,5334.0,759.767234
2026-06-02 15:35:00+00:00,759.8,760.04,759.74,759.78,218209.0,5696.0,759.892009
2026-06-02 15:40:00+00:00,759.79,759.83,759.6,759.7,267755.0,5737.0,759.709199
2026-06-02 15:45:00+00:00,759.695,759.93,759.6,759.73,167451.0,5906.0,759.759242
2026-06-02 15:50:00+00:00,759.73,759.82,759.59,759.69,175169.0,4863.0,759.720087
2026-06-02 15:55:00+00:00,759.69,759.86,759.6022,759.69,269638.0,5162.0,759.727484
2026-06-02 16:00:00+00:00,759.7,759.75,759.41,759.55,222827.0,6247.0,759.544462
2026-06-02 16:05:00+00:00,759.56,759.9,759.51,759.73,180602.0,5604.0,759.692915
2026-06-02 16:10:00+00:00,759.73,760.01,759.66,759.9,145755.0,4794.0,759.897115
2026-06-02 16:15:00+00:00,759.89,759.89,759.5,759.54,260020.0,4956.0,759.659794
2026-06-02 16:20:00+00:00,759.54,759.62,759.23,759.535,190450.0,5283.0,759.423785
2026-06-02 16:25:00+00:00,759.55,759.565,759.27,759.35,128698.0,3178.0,759.357479
2026-06-02 16:30:00+00:00,759.359,759.55,759.24,759.275,308828.0,3616.0,759.370953
2026-06-02 16:35:00+00:00,759.2789,759.345,759.1,759.25,207739.0,4201.0,759.221732
2026-06-02 16:40:00+00:00,759.245,759.45,759.235,759.33,138324.0,4544.0,759.374989
2026-06-02 16:45:00+00:00,759.32,759.69,759.27,759.665,126231.0,3293.0,759.478066
2026-06-02 16:50:00+00:00,759.67,759.84,759.62,759.68,179756.0,3968.0,759.740199
2026-06-02 16:55:00+00:00,759.66,759.935,759.6273,759.865,131452.0,3237.0,759.829126
2026-06-02 17:00:00+00:00,759.865,759.94,759.7,759.905,226417.0,4073.0,759.856866
2026-06-02 17:05:00+00:00,759.9,759.97,759.645,759.775,196924.0,4105.0,759.830807
2026-06-02 17:10:00+00:00,759.78,759.91,759.62,759.895,125491.0,2819.0,759.761776
2026-06-02 17:15:00+00:00,759.9,759.91,759.28,759.36,206037.0,4165.0,759.477816
2026-06-02 17:20:00+00:00,759.36,759.49,759.1,759.16,245661.0,3679.0,759.307152
2026-06-02 17:25:00+00:00,759.165,759.17,758.925,759.025,236943.0,4321.0,759.026138
2026-06-02 17:30:00+00:00,759.0112,759.319,758.97,759.05,134724.0,4056.0,759.121093
2026-06-02 17:35:00+00:00,759.04,759.09,758.78,758.8235,208376.0,4500.0,758.92287
2026-06-02 17:40:00+00:00,758.82,759.19,758.79,759.09,213015.0,4361.0,759.0511
2026-06-02 17:45:00+00:00,759.09,759.26,759.03,759.23,110956.0,2818.0,759.16046
2026-06-02 17:50:00+00:00,759.235,759.31,759.1,759.12,130078.0,7366.0,759.204738
2026-06-02 17:55:00+00:00,759.11,759.11,758.84,758.875,176822.0,3391.0,758.964496
2026-06-02 18:00:00+00:00,758.88,759.04,758.81,758.89,330028.0,5090.0,758.930606
2026-06-02 18:05:00+00:00,758.885,759.18,758.885,759.14,139145.0,3890.0,759.049309
2026-06-02 18:10:00+00:00,759.148,759.35,759.02,759.07,204285.0,4021.0,759.155059
2026-06-02 18:15:00+00:00,759.06,759.07,758.87,758.94,640185.0,4347.0,758.948513
2026-06-02 18:20:00+00:00,758.95,759.09,758.855,758.99,187338.0,3939.0,758.958076
2026-06-02 18:25:00+00:00,758.98,759.08,758.87,758.9564,121982.0,3414.0,758.964882
2026-06-02 18:30:00+00:00,758.9553,759.23,758.94,759.01,149862.0,3785.0,759.122167
2026-06-02 18:35:00+00:00,759.01,759.01,758.68,758.71,375134.0,4287.0,758.815365
2026-06-02 18:40:00+00:00,758.7,758.885,758.625,758.83,201446.0,4166.0,758.758924
2026-06-02 18:45:00+00:00,758.83,759.0,758.77,758.99,222718.0,4593.0,758.881593
2026-06-02 18:50:00+00:00,758.985,759.06,758.83,758.94,184593.0,4382.0,758.944294
2026-06-02 18:55:00+00:00,758.93,759.17,758.9,759.04,290960.0,5732.0,759.076061
2026-06-02 19:00:00+00:00,759.06,759.39,759.055,759.37,375741.0,6531.0,759.268302
2026-06-02 19:05:00+00:00,759.34,759.41,759.24,759.37,257347.0,5082.0,759.347769
2026-06-02 19:10:00+00:00,759.37,759.45,759.2,759.23,435058.0,6478.0,759.359411
2026-06-02 19:15:00+00:00,759.24,759.375,759.2,759.32,437820.0,5448.0,759.289179
2026-06-02 19:20:00+00:00,759.315,759.555,759.28,759.5497,541664.0,5789.0,759.444844
2026-06-02 19:25:00+00:00,759.55,759.575,759.26,759.33,594098.0,6579.0,759.405023
2026-06-02 19:30:00+00:00,759.33,759.49,759.3,759.44,601028.0,7054.0,759.417149
2026-06-02 19:35:00+00:00,759.43,759.49,759.29,759.3,478525.0,6539.0,759.385718
2026-06-02 19:40:00+00:00,759.3,759.39,759.17,759.17,365082.0,6517.0,759.294802
2026-06-02 19:45:00+00:00,759.18,759.45,759.12,759.435,624202.0,8597.0,759.299495
2026-06-02 19:50:00+00:00,759.43,759.69,759.25,759.515,793970.0,13557.0,759.531303
2026-06-02 19:55:00+00:00,759.51,759.65,759.36,759.45,1770480.0,22581.0,759.492541
2026-06-02 20:00:00+00:00,759.47,759.92,759.47,759.92,2446760.0,1224.0,759.573503
2026-06-02 20:05:00+00:00,759.97,760.14,759.92,759.97,98752.0,728.0,760.033784
2026-06-02 20:10:00+00:00,759.93,760.05,759.84,759.88,447562.0,506.0,759.898407
2026-06-02 20:15:00+00:00,759.84,760.09,759.8285,760.08,14209.0,227.0,759.967672
2026-06-02 20:20:00+00:00,760.06,760.14,759.84,759.851,164694.0,706.0,760.037747
2026-06-02 20:25:00+00:00,759.87,759.87,759.73,759.77,171251.0,354.0,759.780704
2026-06-02 20:30:00+00:00,759.79,759.86,759.72,759.86,23309.0,188.0,759.826057
2026-06-02 20:35:00+00:00,759.83,759.95,759.32,759.93,399151.0,115.0,759.325418
2026-06-02 20:40:00+00:00,759.9,760.0,759.9,760.0,3689.0,109.0,759.975668
2026-06-02 20:45:00+00:00,760.0,760.04,759.9,760.0,23101.0,202.0,759.952051
2026-06-02 20:50:00+00:00,759.9903,760.03,759.9903,760.03,1689.0,74.0,760.01739
2026-06-02 20:55:00+00:00,760.03,760.04,759.95,760.02,487141.0,152.0,760.010956
2026-06-02 21:00:00+00:00,759.91,759.97,759.74,759.75,49186.0,148.0,759.84016
2026-06-02 21:05:00+00:00,759.76,759.87,759.7,759.85,66234.0,200.0,759.759477
2026-06-02 21:10:00+00:00,759.86,759.87,759.8,759.845,12435.0,122.0,759.835559
2026-06-02 21:15:00+00:00,759.86,759.87,759.8,759.84,4643.0,114.0,759.828871
2026-06-02 21:20:00+00:00,759.845,759.97,759.81,759.97,19761.0,174.0,759.933826
2026-06-02 21:25:00+00:00,759.98,759.9934,759.8132,759.89,5875.0,69.0,759.955722
2026-06-02 21:30:00+00:00,759.89,759.91,759.72,759.9,3074.0,97.0,759.864242
2026-06-02 21:35:00+00:00,759.91,759.95,759.9,759.94,4809.0,111.0,759.912509
2026-06-02 21:40:00+00:00,759.9,759.95,759.75,759.93,2147.0,89.0,759.886311
2026-06-02 21:45:00+00:00,759.8057,759.94,759.8,759.89,3334.0,103.0,759.876785
2026-06-02 21:50:00+00:00,759.88,759.95,759.88,759.95,5668.0,43.0,759.93207
2026-06-02 21:55:00+00:00,759.94,759.95,759.81,759.94,2628.0,68.0,759.916004
2026-06-02 22:00:00+00:00,759.95,759.95,759.45,759.52,10389.0,234.0,759.651949
2026-06-02 22:05:00+00:00,759.58,759.76,759.56,759.76,4066.0,102.0,759.652088
2026-06-02 22:10:00+00:00,759.58,759.78,759.4,759.4,1249.0,91.0,759.589442
2026-06-02 22:15:00+00:00,759.56,759.58,759.44,759.5293,14468.0,142.0,759.505127
2026-06-02 22:20:00+00:00,759.6757,759.7006,759.65,759.6791,1225.0,45.0,759.665468
2026-06-02 22:25:00+00:00,759.65,759.76,759.56,759.68,3856.0,92.0,759.687714
2026-06-02 22:30:00+00:00,759.68,759.79,759.68,759.74,3263.0,77.0,759.74047
2026-06-02 22:35:00+00:00,759.74,759.75,759.65,759.66,747.0,36.0,759.682883
2026-06-02 22:40:00+00:00,759.69,759.69,759.69,759.69,71.0,7.0,759.69
2026-06-02 22:45:00+00:00,759.73,759.75,759.6,759.64,944.0,67.0,759.711506
2026-06-02 22:50:00+00:00,759.61,759.69,759.32,759.36,9495.0,197.0,759.511172
2026-06-02 22:55:00+00:00,759.42,759.46,759.25,759.27,2907.0,108.0,759.333331
2026-06-02 23:00:00+00:00,759.34,759.35,758.85,758.89,14358.0,184.0,759.017814
2026-06-02 23:05:00+00:00,758.98,759.04,758.78,758.81,8247.0,128.0,758.907916
2026-06-02 23:10:00+00:00,758.77,758.84,758.6447,758.7008,9240.0,136.0,758.769403
2026-06-02 23:15:00+00:00,758.69,758.69,758.11,758.14,13778.0,312.0,758.380928
2026-06-02 23:20:00+00:00,758.1,758.12,757.514,757.8,16123.0,451.0,757.897797
2026-06-02 23:25:00+00:00,757.66,758.16,757.39,758.11,7983.0,240.0,757.743509
2026-06-02 23:30:00+00:00,758.06,758.4,758.05,758.12,5651.0,171.0,758.163026
2026-06-02 23:35:00+00:00,758.2457,758.82,758.24,758.78,7199.0,192.0,758.609188
2026-06-02 23:40:00+00:00,758.72,759.32,758.72,759.32,11426.0,234.0,758.87747
2026-06-02 23:45:00+00:00,759.35,759.35,759.06,759.15,19073.0,233.0,759.084525
2026-06-02 23:50:00+00:00,759.15,759.4,759.13,759.3403,7900.0,178.0,759.265259
2026-06-02 23:55:00+00:00,759.35,759.75,759.2402,759.63,13755.0,198.0,759.378209
2026-06-03 08:00:00+00:00,759.0,759.79,758.87,759.2,37451.0,1757.0,759.276189
2026-06-03 08:05:00+00:00,759.25,759.26,758.99,759.2,8203.0,114.0,759.153226
2026-06-03 08:10:00+00:00,759.17,759.45,759.17,759.25,6139.0,84.0,759.21311
2026-06-03 08:15:00+00:00,759.31,759.32,759.12,759.15,1207.0,59.0,759.162943
2026-06-03 08:20:00+00:00,759.15,759.15,758.82,758.91,2866.0,77.0,758.939622
2026-06-03 08:25:00+00:00,758.941,759.31,758.94,759.31,2673.0,49.0,759.104038
2026-06-03 08:30:00+00:00,759.32,759.44,759.27,759.37,1316.0,42.0,759.363809
2026-06-03 08:35:00+00:00,759.29,759.29,759.17,759.17,239.0,24.0,759.229542
2026-06-03 08:40:00+00:00,759.17,759.17,759.17,759.17,55.0,5.0,759.17
2026-06-03 08:45:00+00:00,759.15,759.18,759.06,759.09,2580.0,65.0,759.11795
2026-06-03 08:50:00+00:00,759.02,759.1,759.02,759.06,355.0,10.0,759.063871
2026-06-03 08:55:00+00:00,759.06,759.14,759.02,759.12,1509.0,37.0,759.089322
2026-06-03 09:00:00+00:00,759.17,759.17,759.03,759.12,1269.0,45.0,759.112999
2026-06-03 09:05:00+00:00,759.11,759.32,759.11,759.32,509.0,26.0,759.222069
2026-06-03 09:10:00+00:00,759.36,759.43,759.15,759.17,1990.0,69.0,759.266769
2026-06-03 09:15:00+00:00,759.05,759.19,759.05,759.19,858.0,42.0,759.118992
2026-06-03 09:20:00+00:00,759.15,759.19,759.0,759.0,971.0,59.0,759.121131
2026-06-03 09:25:00+00:00,758.99,759.1478,758.99,759.1478,768.0,33.0,759.018637
2026-06-03 09:30:00+00:00,759.15,759.15,759.0,759.03,543.0,29.0,759.069522
2026-06-03 09:35:00+00:00,758.92,758.92,758.82,758.84,8415.0,118.0,758.857653
2026-06-03 09:40:00+00:00,758.86,758.87,758.71,758.71,2649.0,60.0,758.758105
2026-06-03 09:45:00+00:00,758.71,758.71,758.58,758.69,3038.0,92.0,758.644098
2026-06-03 09:50:00+00:00,758.69,758.85,758.6676,758.6676,17150.0,204.0,758.798191
2026-06-03 09:55:00+00:00,758.64,758.73,758.42,758.42,8465.0,132.0,758.695781
2026-06-03 10:00:00+00:00,758.46,758.46,758.34,758.36,6542.0,89.0,758.375832
2026-06-03 10:05:00+00:00,758.4,759.4,758.4,759.0,17559.0,240.0,759.014942
2026-06-03 10:10:00+00:00,759.02,759.13,758.8,758.93,2093.0,57.0,758.961323
2026-06-03 10:15:00+00:00,758.8,758.8,758.65,758.67,2058.0,52.0,758.750537
2026-06-03 10:20:00+00:00,758.68,758.82,758.62,758.82,1339.0,39.0,758.682139
2026-06-03 10:25:00+00:00,758.82,758.88,758.65,758.86,2028.0,64.0,758.729936
2026-06-03 10:30:00+00:00,758.86,759.0,758.83,758.83,1991.0,59.0,758.900483
2026-06-03 10:35:00+00:00,758.83,758.83,758.7,758.74,713.0,35.0,758.775318
2026-06-03 10:40:00+00:00,758.66,758.66,758.38,758.38,1794.0,76.0,758.544099
2026-06-03 10:45:00+00:00,758.421,758.44,758.4,758.41,2310.0,35.0,758.416229
2026-06-03 10:50:00+00:00,758.49,758.6,758.49,758.57,12818.0,161.0,758.56377
2026-06-03 10:55:00+00:00,758.72,758.84,758.72,758.7699,2033.0,59.0,758.782787
2026-06-03 11:00:00+00:00,758.78,759.08,758.73,759.01,22059.0,233.0,758.92826
2026-06-03 11:05:00+00:00,759.0798,759.0798,758.81,758.91,5098.0,129.0,758.919778
2026-06-03 11:10:00+00:00,758.86,759.0,758.86,758.89,1608.0,102.0,758.929147
2026-06-03 11:15:00+00:00,758.95,758.99,758.86,758.88,1561.0,66.0,758.927637
2026-06-03 11:20:00+00:00,759.02,759.05,758.86,758.991,2809.0,112.0,758.994508
2026-06-03 11:25:00+00:00,759.03,759.12,758.94,759.0,2979.0,111.0,759.02455
2026-06-03 11:30:00+00:00,759.099,759.33,759.099,759.21,8068.0,179.0,759.221529
2026-06-03 11:35:00+00:00,759.17,759.23,759.04,759.2033,14291.0,279.0,759.056113
2026-06-03 11:40:00+00:00,759.22,759.22,759.09,759.09,3611.0,131.0,759.165546
2026-06-03 11:45:00+00:00,759.12,759.21,759.02,759.04,3738.0,165.0,759.101141
2026-06-03 11:50:00+00:00,759.05,759.1297,758.96,759.05,5579.0,150.0,759.050174
2026-06-03 11:55:00+00:00,759.049,759.11,758.91,758.91,16888.0,243.0,759.052176
2026-06-03 12:00:00+00:00,758.92,759.1498,758.89,759.08,8501.0,218.0,759.038006
2026-06-03 12:05:00+00:00,759.061,759.12,758.89,758.95,5268.0,189.0,759.010874
2026-06-03 12:10:00+00:00,758.96,759.08,758.9503,759.0491,7070.0,166.0,759.039729
2026-06-03 12:15:00+00:00,759.02,759.02,758.58,758.6885,25387.0,386.0,758.704872
2026-06-03 12:20:00+00:00,758.6404,758.78,758.6,758.6,13378.0,293.0,758.680494
2026-06-03 12:25:00+00:00,758.6,758.62,758.44,758.47,39378.0,467.0,758.550093
2026-06-03 12:30:00+00:00,758.46,758.47,758.06,758.19,18631.0,442.0,758.244609
2026-06-03 12:35:00+00:00,758.15,758.17,757.7,757.8,60499.0,726.0,757.921428
2026-06-03 12:40:00+00:00,757.8,758.12,757.75,758.09,19533.0,353.0,757.909136
2026-06-03 12:45:00+00:00,758.07,758.23,757.99,758.15,20169.0,305.0,758.098737
2026-06-03 12:50:00+00:00,758.15,758.3,758.02,758.02,17650.0,322.0,758.189696
2026-06-03 12:55:00+00:00,757.9885,758.01,757.72,758.0,43127.0,442.0,757.92542
2026-06-03 13:00:00+00:00,757.99,758.13,757.9,758.0895,6336.0,247.0,757.994319
2026-06-03 13:05:00+00:00,758.06,758.19,758.0012,758.14,12730.0,311.0,758.115625
2026-06-03 13:10:00+00:00,758.16,758.17,757.95,758.0696,9606.0,249.0,758.023874
2026-06-03 13:15:00+00:00,758.06,758.14,757.88,757.99,20501.0,394.0,758.00523
2026-06-03 13:20:00+00:00,757.95,758.1678,757.9,758.1,18334.0,301.0,758.080644
2026-06-03 13:25:00+00:00,758.15,758.2,757.94,758.14,8001.0,270.0,758.092209
2026-06-03 13:30:00+00:00,758.14,758.8,757.992,758.27,884306.0,16906.0,758.411709
2026-06-03 13:35:00+00:00,758.24,758.255,757.57,757.8793,652850.0,10719.0,757.832036
2026-06-03 13:40:00+00:00,757.87,757.87,756.475,756.5299,760852.0,15765.0,757.280848
2026-06-03 13:45:00+00:00,756.53,756.72,754.82,755.11,1577060.0,24817.0,755.719199
2026-06-03 13:50:00+00:00,755.11,756.26,754.74,755.81,933687.0,17720.0,755.638081
2026-06-03 13:55:00+00:00,755.795,756.2899,755.75,755.92,552481.0,10712.0,756.026122
2026-06-03 14:00:00+00:00,755.95,756.7,755.8087,756.36,503574.0,10352.0,756.467326
2026-06-03 14:05:00+00:00,756.36,756.555,756.12,756.44,373474.0,8160.0,756.335038
2026-06-03 14:10:00+00:00,756.445,756.94,756.44,756.905,654112.0,8314.0,756.76598
2026-06-03 14:15:00+00:00,756.91,756.98,756.06,756.22,564895.0,11115.0,756.688884
2026-06-03 14:20:00+00:00,756.24,756.61,756.0,756.32,414395.0,8394.0,756.348381
2026-06-03 14:25:00+00:00,756.34,756.83,756.29,756.81,300207.0,7270.0,756.512245
2026-06-03 14:30:00+00:00,756.8,756.99,756.51,756.5925,327654.0,8125.0,756.802903
2026-06-03 14:35:00+00:00,756.59,757.01,756.37,756.89,312824.0,7390.0,756.668942
2026-06-03 14:40:00+00:00,756.9,756.91,756.44,756.46,300538.0,6289.0,756.727199
2026-06-03 14:45:00+00:00,756.44,756.51,755.92,756.03,315419.0,7466.0,756.209278
2026-06-03 14:50:00+00:00,756.02,756.43,755.71,756.2401,418652.0,7969.0,756.08828
2026-06-03 14:55:00+00:00,756.26,756.32,755.96,756.17,159040.0,5599.0,756.08585
2026-06-03 15:00:00+00:00,756.16,756.52,756.15,756.3,187297.0,6228.0,756.353243
2026-06-03 15:05:00+00:00,756.29,756.32,755.855,756.16,178075.0,5558.0,756.056756
2026-06-03 15:10:00+00:00,756.155,756.47,755.97,756.04,383666.0,6395.0,756.243805
2026-06-03 15:15:00+00:00,756.0391,756.2492,755.87,756.09,177438.0,5357.0,756.093055
2026-06-03 15:20:00+00:00,756.09,756.22,755.34,755.54,419100.0,8511.0,755.724306
2026-06-03 15:25:00+00:00,755.54,756.16,755.33,756.12,338495.0,7497.0,755.703921
2026-06-03 15:30:00+00:00,756.125,756.29,755.465,755.62,484835.0,6374.0,755.983531
2026-06-03 15:35:00+00:00,755.62,755.77,755.2,755.35,246936.0,7260.0,755.483895
2026-06-03 15:40:00+00:00,755.35,755.43,755.11,755.2,302088.0,7560.0,755.292587
2026-06-03 15:45:00+00:00,755.2,755.3067,754.79,755.2,346616.0,8563.0,755.082866
2026-06-03 15:50:00+00:00,755.205,755.57,755.02,755.28,362389.0,8236.0,755.310554
2026-06-03 15:55:00+00:00,755.28,755.42,755.08,755.2,222891.0,6121.0,755.238441
2026-06-03 16:00:00+00:00,755.2,755.43,754.98,755.345,268999.0,8497.0,755.176552
2026-06-03 16:05:00+00:00,755.34,755.46,754.98,755.07,357021.0,7011.0,755.207683
2026-06-03 16:10:00+00:00,755.06,755.4,755.04,755.26,240208.0,6031.0,755.259429
2026-06-03 16:15:00+00:00,755.25,755.26,754.59,754.93,340447.0,8238.0,754.897473
2026-06-03 16:20:00+00:00,754.9,754.95,754.08,754.13,282756.0,7201.0,754.574022
2026-06-03 16:25:00+00:00,754.12,754.44,753.88,754.31,361315.0,7421.0,754.173614
2026-06-03 16:30:00+00:00,754.31,754.62,754.24,754.41,351013.0,6605.0,754.461497
2026-06-03 16:35:00+00:00,754.4,754.4,753.89,753.9,311310.0,5916.0,754.071974
2026-06-03 16:40:00+00:00,753.895,754.08,753.57,754.07,335111.0,6317.0,753.831251
2026-06-03 16:45:00+00:00,754.07,754.65,754.05,754.585,808648.0,9334.0,754.339334
2026-06-03 16:50:00+00:00,754.58,754.8,754.39,754.57,483636.0,5913.0,754.604599
2026-06-03 16:55:00+00:00,754.58,755.16,754.44,755.12,397556.0,5750.0,754.896738
2026-06-03 17:00:00+00:00,755.12,755.1322,754.62,754.71,195713.0,4531.0,754.852207
2026-06-03 17:05:00+00:00,754.7,755.18,754.53,754.91,413958.0,5929.0,754.854657
2026-06-03 17:10:00+00:00,754.92,754.96,754.08,754.28,219130.0,4642.0,754.546166
2026-06-03 17:15:00+00:00,754.28,754.38,753.99,754.17,606212.0,5081.0,754.214372
2026-06-03 17:20:00+00:00,754.17,754.54,754.12,754.5375,205819.0,4147.0,754.328859
2026-06-03 17:25:00+00:00,754.54,754.67,754.36,754.6325,198803.0,3677.0,754.547624
2026-06-03 17:30:00+00:00,754.63,754.9312,754.2,754.91,355209.0,5117.0,754.462959
2026-06-03 17:35:00+00:00,754.92,755.18,754.79,755.0,267043.0,4922.0,754.998521
2026-06-03 17:40:00+00:00,755.01,755.39,754.94,755.21,258826.0,5551.0,755.197124
2026-06-03 17:45:00+00:00,755.22,755.35,755.08,755.23,230626.0,4307.0,755.237439
2026-06-03 17:50:00+00:00,755.24,755.635,755.215,755.6175,318980.0,4647.0,755.415487
2026-06-03 17:55:00+00:00,755.62,755.76,755.51,755.565,486317.0,9402.0,755.633511
2026-06-03 18:00:00+00:00,755.57,755.61,755.39,755.53,438200.0,6850.0,755.500747
2026-06-03 18:05:00+00:00,755.53,755.54,755.2301,755.34,259203.0,5710.0,755.385725
2026-06-03 18:10:00+00:00,755.33,755.48,755.135,755.3,280964.0,4856.0,755.335887
2026-06-03 18:15:00+00:00,755.305,755.475,754.99,755.475,517328.0,5630.0,755.159515
2026-06-03 18:20:00+00:00,755.4825,755.72,755.04,755.695,316051.0,6208.0,755.430323
2026-06-03 18:25:00+00:00,755.7,756.04,755.661,755.98,363429.0,6542.0,755.916809
2026-06-03 18:30:00+00:00,755.98,756.05,755.7,755.73,427869.0,6551.0,755.869772
2026-06-03 18:35:00+00:00,755.74,755.87,755.54,755.715,383564.0,6167.0,755.687461
2026-06-03 18:40:00+00:00,755.72,755.76,755.57,755.7,213774.0,4788.0,755.680478
2026-06-03 18:45:00+00:00,755.74,755.89,755.595,755.595,500260.0,4168.0,755.755327
2026-06-03 18:50:00+00:00,755.59,755.73,755.49,755.61,1370973.0,4899.0,755.594394
2026-06-03 18:55:00+00:00,755.605,755.759,755.53,755.583,240646.0,5164.0,755.612513
2026-06-03 19:00:00+00:00,755.585,755.59,754.85,755.05,339386.0,6909.0,755.176421
2026-06-03 19:05:00+00:00,755.05,755.39,755.05,755.13,236308.0,4529.0,755.231363
2026-06-03 19:10:00+00:00,755.125,755.18,754.71,755.04,430784.0,6307.0,754.929917
2026-06-03 19:15:00+00:00,755.025,755.44,754.91,755.13,336130.0,7338.0,755.127366
2026-06-03 19:20:00+00:00,755.13,755.2087,754.68,754.69,562273.0,6740.0,754.902023
2026-06-03 19:25:00+00:00,754.72,754.86,754.61,754.83,635805.0,7882.0,754.710531
2026-06-03 19:30:00+00:00,754.83,754.94,754.62,754.7934,512607.0,8499.0,754.764637
2026-06-03 19:35:00+00:00,754.795,755.41,754.73,755.31,717042.0,11428.0,755.115193
2026-06-03 19:40:00+00:00,755.3,755.48,755.2,755.28,572333.0,8910.0,755.368661
2026-06-03 19:45:00+00:00,755.29,755.44,755.1,755.34,750051.0,10906.0,755.275323
2026-06-03 19:50:00+00:00,755.34,755.39,754.55,754.61,1405339.0,20079.0,754.743718
2026-06-03 19:55:00+00:00,754.595,754.92,753.9,754.19,7741307.0,45607.0,754.422992
2026-06-03 20:00:00+00:00,754.21,754.37,753.84,754.04,2481765.0,2305.0,754.205613
2026-06-03 20:05:00+00:00,754.01,754.04,753.75,753.87,630703.0,1297.0,753.902637
2026-06-03 20:10:00+00:00,753.87,754.1,753.69,753.83,2690246.0,1090.0,753.820697
2026-06-03 20:15:00+00:00,753.66,753.71,752.3,753.1,470191.0,1915.0,752.843014
2026-06-03 20:20:00+00:00,753.05,753.6,753.03,753.3898,296632.0,662.0,753.367183
2026-06-03 20:25:00+00:00,753.33,753.39,752.9,752.93,418228.0,629.0,753.08517
2026-06-03 20:30:00+00:00,752.86,752.92,752.55,752.71,31455.0,526.0,752.721525
2026-06-03 20:35:00+00:00,752.71,752.79,752.15,752.38,40593.0,709.0,752.5188
2026-06-03 20:40:00+00:00,752.27,752.27,751.45,751.48,311096.0,935.0,751.965175
2026-06-03 20:45:00+00:00,751.54,752.0,751.54,751.58,46096.0,486.0,751.753066
2026-06-03 20:50:00+00:00,751.58,751.71,751.43,751.61,30577.0,431.0,751.552629
2026-06-03 20:55:00+00:00,751.58,751.89,751.3,751.83,197037.0,367.0,751.588625
2026-06-03 21:00:00+00:00,751.89,752.27,751.65,751.85,154600.0,382.0,751.973202
2026-06-03 21:05:00+00:00,751.93,751.99,751.3,751.4961,16729.0,460.0,751.7103
2026-06-03 21:10:00+00:00,751.7,751.9,751.0,751.0,804529.0,1110.0,751.308109
2026-06-03 21:15:00+00:00,750.97,751.99,750.85,751.49,81967.0,794.0,751.353374
2026-06-03 21:20:00+00:00,751.5,753.74,751.06,751.06,164738.0,412.0,753.272689
2026-06-03 21:25:00+00:00,751.05,751.1475,750.81,750.81,68797.0,421.0,750.964849
2026-06-03 21:30:00+00:00,750.81,750.81,749.85,750.16,56384.0,1526.0,750.280315
2026-06-03 21:35:00+00:00,750.215,750.2699,749.98,750.16,21187.0,350.0,750.068177
2026-06-03 21:40:00+00:00,750.0786,750.45,750.02,750.45,10794.0,258.0,750.208323
2026-06-03 21:45:00+00:00,750.31,750.47,750.02,750.1,20356.0,306.0,750.259568
2026-06-03 21:50:00+00:00,750.1,750.39,750.0,750.21,32565.0,381.0,750.113787
2026-06-03 21:55:00+00:00,750.22,750.7,750.22,750.7,20163.0,313.0,750.498994
2026-06-03 22:00:00+00:00,750.7,751.54,750.49,751.25,98743.0,1022.0,751.178564
2026-06-03 22:05:00+00:00,751.27,751.34,750.85,751.32,21900.0,285.0,751.053061
2026-06-03 22:10:00+00:00,751.16,751.2,750.67,751.06,6451.0,215.0,750.97104
2026-06-03 22:15:00+00:00,750.98,750.99,750.55,750.56,8537.0,199.0,750.608917
2026-06-03 22:20:00+00:00,750.51,750.98,750.4,750.75,10840.0,274.0,750.677965
2026-06-03 22:25:00+00:00,750.89,751.06,750.8,750.8991,5277.0,185.0,750.945598
2026-06-03 22:30:00+00:00,750.98,751.16,750.98,751.1295,5786.0,164.0,751.08589
2026-06-03 22:35:00+00:00,751.0996,751.12,750.7,750.74,2912.0,124.0,750.80529
2026-06-03 22:40:00+00:00,750.78,750.9,750.59,750.75,7817.0,176.0,750.724407
2026-06-03 22:45:00+00:00,750.78,750.78,750.47,750.5452,8142.0,178.0,750.567031
2026-06-03 22:50:00+00:00,750.5799,750.5799,750.13,750.52,13081.0,210.0,750.428191
2026-06-03 22:55:00+00:00,750.4652,751.63,750.45,751.39,23159.0,419.0,750.97518
2026-06-03 23:00:00+00:00,751.44,751.49,750.94,750.94,7678.0,212.0,751.146032
2026-06-03 23:05:00+00:00,750.961,750.9611,750.58,750.6,4639.0,190.0,750.793765
2026-06-03 23:10:00+00:00,750.64,750.8358,750.5204,750.8358,3328.0,127.0,750.668115
2026-06-03 23:15:00+00:00,750.71,750.71,750.4,750.48,3761.0,153.0,750.498224
2026-06-03 23:20:00+00:00,750.5365,750.5787,750.28,750.29,3213.0,151.0,750.388421
2026-06-03 23:25:00+00:00,750.32,750.625,750.2609,750.56,8552.0,156.0,750.548652
2026-06-03 23:30:00+00:00,750.58,750.83,750.13,750.13,6339.0,178.0,750.500814
2026-06-03 23:35:00+00:00,750.11,750.25,750.07,750.111,5450.0,138.0,750.12439
2026-06-03 23:40:00+00:00,750.2,750.4,750.11,750.16,6060.0,128.0,750.298611
2026-06-03 23:45:00+00:00,750.3,750.3,750.15,750.21,3108.0,105.0,750.224845
2026-06-03 23:50:00+00:00,750.25,750.745,750.25,750.745,2686.0,124.0,750.47964
2026-06-03 23:55:00+00:00,750.79,750.8798,750.5,750.55,5682.0,155.0,750.621841
2026-06-04 08:00:00+00:00,751.72,753.0,751.18,752.4,140301.0,3126.0,752.249142
2026-06-04 08:05:00+00:00,752.25,752.55,751.27,752.1053,67115.0,400.0,752.080381
2026-06-04 08:10:00+00:00,752.08,752.24,751.59,751.59,83096.0,521.0,751.961689
2026-06-04 08:15:00+00:00,751.59,751.87,751.52,751.56,57033.0,308.0,751.619627
2026-06-04 08:20:00+00:00,751.57,751.57,751.09,751.51,28680.0,245.0,751.250107
2026-06-04 08:25:00+00:00,751.51,751.56,751.0,751.56,8622.0,188.0,751.363383
2026-06-04 08:30:00+00:00,751.66,752.24,751.52,751.82,11161.0,167.0,751.796895
2026-06-04 08:35:00+00:00,751.84,752.1279,751.82,751.84,6539.0,74.0,751.945149
2026-06-04 08:40:00+00:00,751.86,751.99,751.66,751.7,1182.0,64.0,751.864337
2026-06-04 08:45:00+00:00,751.7,751.8,751.11,751.12,5959.0,104.0,751.659142
2026-06-04 08:50:00+00:00,751.16,751.4,751.1,751.13,21570.0,238.0,751.183768
2026-06-04 08:55:00+00:00,751.11,751.48,751.09,751.45,12489.0,90.0,751.325602
2026-06-04 09:00:00+00:00,751.1,751.27,750.9,751.06,12304.0,205.0,751.06672
2026-06-04 09:05:00+00:00,751.0,751.1204,750.69,751.03,8730.0,185.0,750.935271
2026-06-04 09:10:00+00:00,750.83,750.87,750.58,750.76,6792.0,137.0,750.738131
2026-06-04 09:15:00+00:00,750.62,750.85,750.54,750.8415,3143.0,105.0,750.713507
2026-06-04 09:20:00+00:00,751.03,751.3,751.03,751.16,12211.0,158.0,751.12576
2026-06-04 09:25:00+00:00,751.11,751.32,751.11,751.3,4245.0,90.0,751.251101
2026-06-04 09:30:00+00:00,751.27,751.67,751.19,751.67,8420.0,115.0,751.423996
2026-06-04 09:35:00+00:00,751.79,751.98,751.69,751.87,7461.0,146.0,751.867386
2026-06-04 09:40:00+00:00,751.75,751.75,751.58,751.65,5388.0,82.0,751.688342
2026-06-04 09:45:00+00:00,751.82,752.1,751.82,752.07,4734.0,101.0,752.020321
2026-06-04 09:50:00+00:00,752.09,752.22,751.96,752.21,9430.0,141.0,752.082226
2026-06-04 09:55:00+00:00,752.21,752.21,751.99,751.99,5405.0,69.0,752.165454
2026-06-04 10:00:00+00:00,752.05,752.0699,751.81,751.86,2106.0,66.0,751.928374
2026-06-04 10:05:00+00:00,751.85,751.92,751.75,751.92,4327.0,78.0,751.813018
2026-06-04 10:10:00+00:00,751.62,751.7,751.47,751.7,2745.0,55.0,751.581314
2026-06-04 10:15:00+00:00,751.48,751.48,751.28,751.38,2649.0,100.0,751.379855
2026-06-04 10:20:00+00:00,751.3,751.49,751.28,751.46,1982.0,67.0,751.435392
2026-06-04 10:25:00+00:00,751.46,751.46,751.1,751.1,12393.0,146.0,751.23847
2026-06-04 10:30:00+00:00,751.07,751.33,751.07,751.15,6777.0,97.0,751.219787
2026-06-04 10:35:00+00:00,751.16,751.18,750.97,750.98,5688.0,131.0,751.051626
2026-06-04 10:40:00+00:00,750.94,750.9524,750.79,750.84,11735.0,175.0,750.867414
2026-06-04 10:45:00+00:00,750.89,750.9,750.72,750.77,3848.0,94.0,750.837526
2026-06-04 10:50:00+00:00,750.73,750.73,750.12,750.62,9697.0,255.0,750.414448
2026-06-04 10:55:00+00:00,750.57,750.7,750.2,750.67,7325.0,139.0,750.414233
2026-06-04 11:00:00+00:00,750.63,751.1,750.62,751.1,33725.0,411.0,750.887305
2026-06-04 11:05:00+00:00,751.05,751.08,750.73,750.8,10475.0,213.0,750.891673
2026-06-04 11:10:00+00:00,750.7,751.03,750.64,750.97,22101.0,206.0,750.94411
2026-06-04 11:15:00+00:00,750.9979,751.63,750.9979,751.4,31614.0,369.0,751.436447
2026-06-04 11:20:00+00:00,751.38,751.5,750.9,751.26,22091.0,307.0,751.229483
2026-06-04 11:25:00+00:00,751.28,751.63,751.225,751.3661,25050.0,368.0,751.439728
2026-06-04 11:30:00+00:00,751.37,751.64,751.0,751.03,50886.0,617.0,751.478417
2026-06-04 11:35:00+00:00,750.98,750.98,749.8,750.63,62294.0,1001.0,750.329115
2026-06-04 11:40:00+00:00,750.6021,750.72,750.22,750.62,48144.0,690.0,750.412138
2026-06-04 11:45:00+00:00,750.65,751.1,750.4,751.1,33560.0,412.0,750.620973
2026-06-04 11:50:00+00:00,751.14,751.68,751.06,751.62,32377.0,396.0,751.480343
2026-06-04 11:55:00+00:00,751.58,751.9,751.39,751.73,133485.0,818.0,751.574074
2026-06-04 12:00:00+00:00,751.7235,751.8,751.33,751.49,23713.0,411.0,751.605196
2026-06-04 12:05:00+00:00,751.43,752.03,751.36,751.59,34152.0,566.0,751.839013
2026-06-04 12:10:00+00:00,751.64,751.72,751.06,751.12,23214.0,345.0,751.262181
2026-06-04 12:15:00+00:00,751.24,751.39,751.08,751.19,18281.0,313.0,751.2154
2026-06-04 12:20:00+00:00,751.21,751.6,751.16,751.42,25667.0,509.0,751.320279
2026-06-04 12:25:00+00:00,751.44,751.64,751.26,751.44,27190.0,487.0,751.469409
2026-06-04 12:30:00+00:00,751.65,752.0,751.53,751.67,58744.0,611.0,751.862357
2026-06-04 12:35:00+00:00,751.57,752.15,751.57,751.99,58460.0,463.0,751.926185
2026-06-04 12:40:00+00:00,752.0,752.29,751.87,752.25,63780.0,413.0,752.106147
2026-06-04 12:45:00+00:00,752.27,752.32,751.81,752.27,47330.0,485.0,752.12667
2026-06-04 12:50:00+00:00,752.26,752.54,752.16,752.31,32165.0,481.0,752.314988
2026-06-04 12:55:00+00:00,752.31,752.365,752.02,752.3035,42991.0,525.0,752.221953
2026-06-04 13:00:00+00:00,752.22,752.44,752.05,752.2,55882.0,587.0,752.222855
2026-06-04 13:05:00+00:00,752.2,752.4,752.09,752.22,23630.0,348.0,752.241929
2026-06-04 13:10:00+00:00,752.22,752.25,752.03,752.21,44279.0,390.0,752.162315
2026-06-04 13:15:00+00:00,752.19,752.77,752.19,752.69,41639.0,578.0,752.491309
2026-06-04 13:20:00+00:00,752.62,752.65,752.36,752.52,80991.0,750.0,752.45612
2026-06-04 13:25:00+00:00,752.49,752.49,751.87,752.11,137238.0,1333.0,752.064875
2026-06-04 13:30:00+00:00,752.1,752.99,751.47,752.915,1352372.0,23246.0,752.086469
2026-06-04 13:35:00+00:00,752.87,753.39,752.43,752.91,695842.0,11164.0,752.901646
2026-06-04 13:40:00+00:00,752.92,752.98,751.96,752.025,701329.0,11220.0,752.394615
2026-06-04 13:45:00+00:00,752.04,752.8398,751.61,752.56,636345.0,10802.0,752.219693
2026-06-04 13:50:00+00:00,752.57,753.39,752.23,752.81,488066.0,8829.0,752.884516
2026-06-04 13:55:00+00:00,752.8,753.7,752.59,753.2,560414.0,9508.0,753.221711
2026-06-04 14:00:00+00:00,753.18,753.48,752.595,752.595,392707.0,7621.0,753.031277
2026-06-04 14:05:00+00:00,752.59,752.85,752.23,752.7,382439.0,7607.0,752.508596
2026-06-04 14:10:00+00:00,752.7,753.67,752.66,753.38,850741.0,10342.0,753.29523
2026-06-04 14:15:00+00:00,753.38,753.7,753.18,753.19,296494.0,8140.0,753.445287
2026-06-04 14:20:00+00:00,753.19,754.195,753.08,754.18,494216.0,10197.0,753.698672
2026-06-04 14:25:00+00:00,754.19,754.29,753.92,754.02,445981.0,8387.0,754.08643
2026-06-04 14:30:00+00:00,754.02,754.155,753.61,754.0,451194.0,8987.0,753.820699
2026-06-04 14:35:00+00:00,753.99,754.02,753.5,753.68,413537.0,7826.0,753.758283
2026-06-04 14:40:00+00:00,753.68,754.2,753.675,753.84,261732.0,6573.0,753.994979
2026-06-04 14:45:00+00:00,753.84,754.24,753.38,753.72,329663.0,7990.0,753.844365
2026-06-04 14:50:00+00:00,753.73,753.95,753.54,753.86,367376.0,7551.0,753.712927
2026-06-04 14:55:00+00:00,753.86,754.215,753.79,754.21,236838.0,6592.0,754.037032
2026-06-04 15:00:00+00:00,754.215,754.73,754.2,754.515,2432926.0,8861.0,754.500458
2026-06-04 15:05:00+00:00,754.51,755.495,754.4707,755.37,653058.0,10141.0,755.079263
2026-06-04 15:10:00+00:00,755.37,755.62,755.1675,755.565,535452.0,9519.0,755.468884
2026-06-04 15:15:00+00:00,755.57,755.97,755.51,755.65,517927.0,9850.0,755.735247
2026-06-04 15:20:00+00:00,755.65,755.78,755.34,755.72,419042.0,7901.0,755.490329
2026-06-04 15:25:00+00:00,755.72,755.87,755.54,755.865,318283.0,6856.0,755.685965
2026-06-04 15:30:00+00:00,755.86,755.95,755.5,755.64,271750.0,6471.0,755.708621
2026-06-04 15:35:00+00:00,755.63,755.75,755.44,755.64,220178.0,6086.0,755.597848
2026-06-04 15:40:00+00:00,755.64,755.73,755.17,755.28,318771.0,6964.0,755.438061
2026-06-04 15:45:00+00:00,755.28,755.43,754.82,754.92,285088.0,7081.0,755.151192
2026-06-04 15:50:00+00:00,754.93,755.42,754.8,755.26,505800.0,7955.0,755.166581
2026-06-04 15:55:00+00:00,755.24,755.48,755.1,755.34,275387.0,6588.0,755.288903
2026-06-04 16:00:00+00:00,755.35,755.551,755.2,755.4601,250806.0,6226.0,755.439313
2026-06-04 16:05:00+00:00,755.45,756.36,755.42,756.21,447410.0,10271.0,755.954578
2026-06-04 16:10:00+00:00,756.23,756.3999,756.13,756.21,335254.0,6603.0,756.269067
2026-06-04 16:15:00+00:00,756.22,756.6,756.21,756.385,348964.0,7194.0,756.425026
2026-06-04 16:20:00+00:00,756.38,756.67,756.3,756.61,527265.0,7100.0,756.511595
2026-06-04 16:25:00+00:00,756.61,756.62,756.36,756.5,358666.0,6342.0,756.522558
2026-06-04 16:30:00+00:00,756.52,756.53,756.05,756.33,548382.0,6721.0,756.27193
2026-06-04 16:35:00+00:00,756.33,756.81,756.2601,756.7,251692.0,5326.0,756.527269
2026-06-04 16:40:00+00:00,756.7,756.87,756.58,756.78,203371.0,3827.0,756.717024
2026-06-04 16:45:00+00:00,756.78,756.825,756.56,756.73,306430.0,3576.0,756.684563
2026-06-04 16:50:00+00:00,756.71,756.93,756.71,756.85,276067.0,4416.0,756.845297
2026-06-04 16:55:00+00:00,756.85,756.925,756.77,756.795,221676.0,4276.0,756.855807
2026-06-04 17:00:00+00:00,756.79,756.91,756.59,756.71,231047.0,4603.0,756.755703
2026-06-04 17:05:00+00:00,756.71,756.94,756.6,756.91,135121.0,3345.0,756.769041
2026-06-04 17:10:00+00:00,756.9,756.99,756.7,756.84,230421.0,4184.0,756.870039
2026-06-04 17:15:00+00:00,756.85,756.91,756.69,756.86,419163.0,3274.0,756.806103
2026-06-04 17:20:00+00:00,756.87,756.88,756.62,756.8201,304655.0,3688.0,756.769414
2026-06-04 17:25:00+00:00,756.83,757.18,756.8,757.11,209816.0,4111.0,757.021219
2026-06-04 17:30:00+00:00,757.11,757.43,757.04,757.21,594769.0,5631.0,757.269562
2026-06-04 17:35:00+00:00,757.2003,757.26,757.02,757.1,219094.0,3717.0,757.157054
2026-06-04 17:40:00+00:00,757.11,757.32,757.105,757.2606,170165.0,3232.0,757.213457
2026-06-04 17:45:00+00:00,757.2601,757.42,757.13,757.42,250381.0,6593.0,757.249025
2026-06-04 17:50:00+00:00,757.43,757.49,757.3,757.37,196115.0,3784.0,757.381743
2026-06-04 17:55:00+00:00,757.38,757.74,757.34,757.685,377548.0,4142.0,757.600697
2026-06-04 18:00:00+00:00,757.68,757.84,757.58,757.77,591643.0,8975.0,757.710998
2026-06-04 18:05:00+00:00,757.76,757.87,757.66,757.74,253805.0,5429.0,757.785456
2026-06-04 18:10:00+00:00,757.74,757.86,757.66,757.68,414293.0,4913.0,757.758821
2026-06-04 18:15:00+00:00,757.68,757.88,757.531,757.85,327654.0,4914.0,757.658497
2026-06-04 18:20:00+00:00,757.84,757.93,757.73,757.8,566159.0,5567.0,757.843959
2026-06-04 18:25:00+00:00,757.81,757.93,757.74,757.81,310083.0,5250.0,757.827726
2026-06-04 18:30:00+00:00,757.8,757.9,757.62,757.8,401309.0,5456.0,757.71828
2026-06-04 18:35:00+00:00,757.8,757.95,757.7,757.8,442105.0,6387.0,757.831892
2026-06-04 18:40:00+00:00,757.81,757.85,757.69,757.79,227216.0,4668.0,757.783513
2026-06-04 18:45:00+00:00,757.79,758.0,757.69,757.8801,232680.0,4533.0,757.86043
2026-06-04 18:50:00+00:00,757.89,757.94,757.82,757.84,176912.0,3810.0,757.893581
2026-06-04 18:55:00+00:00,757.85,757.86,757.5,757.62,333957.0,6774.0,757.674186
2026-06-04 19:00:00+00:00,757.64,757.92,757.61,757.89,517878.0,5741.0,757.788319
2026-06-04 19:05:00+00:00,757.89,758.09,757.87,757.9201,424485.0,7070.0,757.988701
2026-06-04 19:10:00+00:00,757.92,757.96,757.68,757.78,720932.0,7780.0,757.801787
2026-06-04 19:15:00+00:00,757.785,757.81,757.59,757.695,381750.0,7264.0,757.69671
2026-06-04 19:20:00+00:00,757.695,758.02,757.65,757.97,676767.0,9453.0,757.845571
2026-06-04 19:25:00+00:00,757.98,758.3,757.93,758.29,735922.0,8383.0,758.098198
2026-06-04 19:30:00+00:00,758.29,758.31,758.08,758.135,1020949.0,10233.0,758.209075
2026-06-04 19:35:00+00:00,758.13,758.27,758.04,758.15,1754229.0,10176.0,758.12698
2026-06-04 19:40:00+00:00,758.16,758.17,757.75,757.8,888422.0,8765.0,757.926613
2026-06-04 19:45:00+00:00,757.8,757.9,757.6,757.84,959968.0,12665.0,757.73193
2026-06-04 19:50:00+00:00,757.82,757.98,757.4,757.55,1334746.0,16315.0,757.6109
2026-06-04 19:55:00+00:00,757.54,757.54,756.8,757.06,4548232.0,37286.0,757.265838
2026-06-04 20:00:00+00:00,757.05,757.31,756.55,756.64,2029238.0,1666.0,757.063823
2026-06-04 20:05:00+00:00,756.63,756.9199,756.42,756.65,409902.0,1560.0,756.673632
2026-06-04 20:10:00+00:00,756.65,756.7122,756.43,756.54,2495394.0,901.0,756.572591
2026-06-04 20:15:00+00:00,756.49,756.6461,756.22,756.31,320251.0,605.0,756.469853
2026-06-04 20:20:00+00:00,756.25,756.32,756.12,756.26,79806.0,663.0,756.199971
2026-06-04 20:25:00+00:00,756.27,756.27,755.9,755.98,45882.0,484.0,756.007546
2026-06-04 20:30:00+00:00,756.0047,756.2,755.99,756.1,36811.0,354.0,756.040428
2026-06-04 20:35:00+00:00,756.09,756.18,756.0,756.09,36944.0,306.0,756.103836
2026-06-04 20:40:00+00:00,756.09,756.26,756.02,756.0385,58681.0,358.0,756.198546
2026-06-04 20:45:00+00:00,756.09,756.09,755.88,755.89,10846.0,185.0,755.948885
2026-06-04 20:50:00+00:00,755.91,756.14,755.9,756.1,7378.0,108.0,756.04437
2026-06-04 20:55:00+00:00,756.07,756.16,756.03,756.0999,17706.0,181.0,756.106268
2026-06-04 21:00:00+00:00,756.0,756.8,755.94,756.0,536433.0,100.0,756.70248
2026-06-04 21:05:00+00:00,755.96,756.11,755.94,756.11,29673.0,130.0,755.967953
2026-06-04 21:10:00+00:00,756.0935,756.0935,756.02,756.0552,2851.0,85.0,756.046192
2026-06-04 21:15:00+00:00,756.06,756.06,755.99,756.05,8080.0,129.0,756.011056
2026-06-04 21:20:00+00:00,756.07,756.08,756.02,756.02,1492.0,42.0,756.067184
2026-06-04 21:25:00+00:00,756.0682,756.07,756.01,756.05,2282.0,62.0,756.060919
2026-06-04 21:30:00+00:00,756.07,756.07,756.01,756.04,4080.0,94.0,756.043155
2026-06-04 21:35:00+00:00,756.08,756.08,756.0327,756.06,3183.0,70.0,756.066533
2026-06-04 21:40:00+00:00,756.07,756.08,756.06,756.06,2326.0,41.0,756.067815
2026-06-04 21:45:00+00:00,756.0501,756.07,756.05,756.07,454.0,35.0,756.05792
2026-06-04 21:50:00+00:00,756.02,756.0599,756.0165,756.0165,386.0,27.0,756.042899
2026-06-04 21:55:00+00:00,756.04,756.08,756.0003,756.0003,2180.0,71.0,756.049403
2026-06-04 22:00:00+00:00,756.08,756.15,755.73,755.73,27393.0,296.0,755.970257
2026-06-04 22:05:00+00:00,755.76,755.88,755.7,755.85,7413.0,145.0,755.832889
2026-06-04 22:10:00+00:00,755.77,755.81,755.6,755.6003,14011.0,202.0,755.725044
2026-06-04 22:15:00+00:00,755.6,755.7,755.49,755.69,4710.0,121.0,755.532781
2026-06-04 22:20:00+00:00,755.66,755.79,755.31,755.33,6289.0,150.0,755.541119
2026-06-04 22:25:00+00:00,755.264,755.4184,755.07,755.4109,4174.0,113.0,755.272363
2026-06-04 22:30:00+00:00,755.35,755.56,755.35,755.36,4822.0,99.0,755.473408
2026-06-04 22:35:00+00:00,755.32,755.43,755.3,755.42,4203.0,94.0,755.391149
2026-06-04 22:40:00+00:00,755.47,755.56,755.46,755.52,3029.0,87.0,755.500769
2026-06-04 22:45:00+00:00,755.45,755.59,755.4499,755.59,1969.0,52.0,755.545637
2026-06-04 22:50:00+00:00,755.68,755.73,755.67,755.68,1529.0,63.0,755.690566
2026-06-04 22:55:00+00:00,755.73,755.84,755.73,755.84,2278.0,64.0,755.75093
2026-06-04 23:00:00+00:00,755.85,755.85,755.63,755.66,3751.0,82.0,755.740047
2026-06-04 23:05:00+00:00,755.62,755.62,755.47,755.47,766.0,69.0,755.533303
2026-06-04 23:10:00+00:00,755.36,755.39,755.3,755.31,2337.0,77.0,755.334829
2026-06-04 23:15:00+00:00,755.3,755.3,755.05,755.1,4581.0,133.0,755.180343
2026-06-04 23:20:00+00:00,755.07,755.119,754.93,755.06,8777.0,185.0,755.005339
2026-06-04 23:25:00+00:00,755.02,755.21,755.017,755.2031,2652.0,75.0,755.141472
2026-06-04 23:30:00+00:00,755.14,755.17,754.98,755.03,2218.0,91.0,755.067526
2026-06-04 23:35:00+00:00,755.01,755.01,754.85,754.86,2616.0,87.0,754.906341
2026-06-04 23:40:00+00:00,754.9201,754.99,754.88,754.89,2147.0,69.0,754.924541
2026-06-04 23:45:00+00:00,754.855,754.86,754.58,754.61,3747.0,168.0,754.745941
2026-06-04 23:50:00+00:00,754.78,754.89,754.71,754.87,4025.0,109.0,754.812589
2026-06-04 23:55:00+00:00,754.82,754.82,754.56,754.56,5998.0,145.0,754.648994
2026-06-05 08:00:00+00:00,753.11,754.01,752.32,753.1,120853.0,2739.0,753.213424
2026-06-05 08:05:00+00:00,753.05,753.96,753.03,753.28,7442.0,163.0,753.264069
2026-06-05 08:10:00+00:00,753.36,753.5,753.35,753.39,5603.0,72.0,753.387192
2026-06-05 08:15:00+00:00,753.28,753.51,753.23,753.46,2712.0,55.0,753.463106
2026-06-05 08:20:00+00:00,753.45,753.73,753.38,753.7046,2921.0,47.0,753.645681
2026-06-05 08:25:00+00:00,753.73,754.1,753.65,754.1,4604.0,90.0,753.818933
2026-06-05 08:30:00+00:00,754.12,754.31,754.01,754.12,8185.0,110.0,754.159262
2026-06-05 08:35:00+00:00,754.1,754.15,753.94,753.94,1899.0,57.0,754.115244
2026-06-05 08:40:00+00:00,754.03,754.03,753.68,753.68,1431.0,42.0,753.805231
2026-06-05 08:45:00+00:00,753.64,753.74,753.58,753.74,1295.0,30.0,753.686848
2026-06-05 08:50:00+00:00,753.65,753.66,753.54,753.65,956.0,32.0,753.588907
2026-06-05 08:55:00+00:00,753.62,753.64,753.42,753.56,4476.0,63.0,753.581482
2026-06-05 09:00:00+00:00,753.52,753.62,753.52,753.62,3202.0,61.0,753.589602
2026-06-05 09:05:00+00:00,753.73,753.73,753.49,753.53,1347.0,40.0,753.621559
2026-06-05 09:10:00+00:00,753.55,755.38,753.5,754.67,41081.0,410.0,754.508208
2026-06-05 09:15:00+00:00,754.85,754.93,754.43,754.5,3723.0,98.0,754.624427
2026-06-05 09:20:00+00:00,754.36,754.419,754.33,754.35,2293.0,47.0,754.352452
2026-06-05 09:25:00+00:00,754.33,754.33,754.175,754.175,421.0,39.0,754.266153
2026-06-05 09:30:00+00:00,754.11,754.27,753.9901,754.09,6700.0,91.0,754.123372
2026-06-05 09:35:00+00:00,754.05,754.11,753.99,753.99,11973.0,18.0,753.991099
2026-06-05 09:40:00+00:00,753.99,753.99,753.97,753.97,8316.0,42.0,753.98983
2026-06-05 09:45:00+00:00,754.03,754.25,754.02,754.22,1245.0,37.0,754.147255
2026-06-05 09:50:00+00:00,754.3,754.35,754.3,754.31,543.0,18.0,754.318219
2026-06-05 09:55:00+00:00,754.34,754.34,754.29,754.29,351.0,20.0,754.315
2026-06-05 10:00:00+00:00,754.33,754.33,754.28,754.28,480.0,24.0,754.301698
2026-06-05 10:05:00+00:00,754.28,754.34,754.28,754.33,2853.0,44.0,754.297689
2026-06-05 10:10:00+00:00,754.4,754.49,754.4,754.49,1801.0,47.0,754.415263
2026-06-05 10:15:00+00:00,754.51,754.6,754.5,754.5905,2103.0,28.0,754.570862
2026-06-05 10:20:00+00:00,754.6,754.84,754.6,754.84,23274.0,110.0,754.627173
2026-06-05 10:25:00+00:00,754.85,754.87,754.72,754.74,2343.0,74.0,754.74892
2026-06-05 10:30:00+00:00,754.79,754.81,754.7,754.8,1076.0,39.0,754.779907
2026-06-05 10:35:00+00:00,754.8,754.8,754.58,754.63,550.0,34.0,754.673684
2026-06-05 10:40:00+00:00,754.7,754.72,754.5662,754.72,7495.0,67.0,754.627382
2026-06-05 10:45:00+00:00,754.72,754.77,754.61,754.61,8050.0,84.0,754.729183
2026-06-05 10:50:00+00:00,754.56,754.56,754.4,754.4,4061.0,57.0,754.438152
2026-06-05 10:55:00+00:00,754.37,754.45,754.35,754.35,455.0,20.0,754.375282
2026-06-05 11:00:00+00:00,754.29,754.35,754.2196,754.32,10989.0,216.0,754.298073
2026-06-05 11:05:00+00:00,754.37,754.37,754.22,754.2511,2772.0,107.0,754.300911
2026-06-05 11:10:00+00:00,754.23,754.43,754.23,754.3,17755.0,129.0,754.308872
2026-06-05 11:15:00+00:00,754.3,754.32,753.99,754.12,66767.0,359.0,754.258066
2026-06-05 11:20:00+00:00,754.15,754.22,753.45,753.7,24421.0,372.0,753.804661
2026-06-05 11:25:00+00:00,753.7,754.38,753.7,754.27,54369.0,380.0,754.128903
2026-06-05 11:30:00+00:00,754.35,754.63,754.35,754.56,10802.0,232.0,754.54297
2026-06-05 11:35:00+00:00,754.53,754.61,754.2,754.27,10432.0,273.0,754.46903
2026-06-05 11:40:00+00:00,754.24,754.4134,754.24,754.3046,3914.0,155.0,754.291247
2026-06-05 11:45:00+00:00,754.25,754.37,754.08,754.15,2584.0,101.0,754.240158
2026-06-05 11:50:00+00:00,754.16,754.18,754.07,754.1,14985.0,189.0,754.116723
2026-06-05 11:55:00+00:00,754.05,754.06,753.8001,753.8001,11937.0,213.0,753.879543
2026-06-05 12:00:00+00:00,753.829,753.84,753.57,753.6052,21758.0,409.0,753.686525
2026-06-05 12:05:00+00:00,753.6,753.69,753.58,753.62,8290.0,210.0,753.61907
2026-06-05 12:10:00+00:00,753.57,753.64,753.27,753.3997,9799.0,262.0,753.441944
2026-06-05 12:15:00+00:00,753.3538,753.82,753.31,753.75,44196.0,470.0,753.627267
2026-06-05 12:20:00+00:00,753.769,753.94,753.65,753.76,32305.0,321.0,753.817872
2026-06-05 12:25:00+00:00,753.75,753.75,753.25,753.25,46135.0,507.0,753.633221
2026-06-05 12:30:00+00:00,753.25,754.5,752.47,752.54,168741.0,1832.0,753.231889
2026-06-05 12:35:00+00:00,752.6,753.1,752.15,752.94,175144.0,1607.0,752.745416
2026-06-05 12:40:00+00:00,752.9,753.55,752.9,753.4861,64791.0,936.0,753.226461
2026-06-05 12:45:00+00:00,753.4607,753.78,753.439,753.7109,32380.0,576.0,753.583512
2026-06-05 12:50:00+00:00,753.68,753.69,752.58,752.69,81254.0,779.0,753.159132
2026-06-05 12:55:00+00:00,752.66,752.79,752.43,752.53,62046.0,653.0,752.616423
2026-06-05 13:00:00+00:00,752.54,752.71,752.2,752.42,55297.0,665.0,752.363974
2026-06-05 13:05:00+00:00,752.33,753.34,751.97,752.43,49066.0,679.0,752.423017
2026-06-05 13:10:00+00:00,752.45,752.54,752.11,752.16,34035.0,653.0,752.444829
2026-06-05 13:15:00+00:00,752.1,752.46,752.01,752.34,41651.0,666.0,752.366973
2026-06-05 13:20:00+00:00,752.31,752.5,752.05,752.14,18176.0,576.0,752.257218
2026-06-05 13:25:00+00:00,752.2,752.52,751.94,752.32,63676.0,872.0,752.309199
2026-06-05 13:30:00+00:00,752.31,752.82,751.61,752.5917,1065341.0,20192.0,752.311657
2026-06-05 13:35:00+00:00,752.58,752.6,751.2,751.6,709764.0,12342.0,751.821362
2026-06-05 13:40:00+00:00,751.595,751.6593,750.27,750.31,862879.0,12851.0,751.018252
2026-06-05 13:45:00+00:00,750.31,750.64,749.36,749.45,1326096.0,19471.0,749.93095
2026-06-05 13:50:00+00:00,749.46,750.16,749.42,750.01,1324567.0,19204.0,749.787586
2026-06-05 13:55:00+00:00,750.03,750.08,748.67,748.73,746553.0,13142.0,749.392886
2026-06-05 14:00:00+00:00,748.76,749.64,748.225,749.02,1326659.0,18540.0,748.957843
2026-06-05 14:05:00+00:00,749.005,749.85,748.51,749.81,699580.0,12776.0,749.207217
2026-06-05 14:10:00+00:00,749.845,750.3,749.32,750.11,799626.0,13756.0,749.855651
2026-06-05 14:15:00+00:00,750.11,750.96,750.1,750.9001,865846.0,11823.0,750.542882
2026-06-05 14:20:00+00:00,750.93,750.94,749.71,749.745,594695.0,11071.0,750.278252
2026-06-05 14:25:00+00:00,749.74,749.77,748.87,749.22,482699.0,8917.0,749.176106
2026-06-05 14:30:00+00:00,749.21,750.48,749.11,750.4275,556386.0,11975.0,749.854327
2026-06-05 14:35:00+00:00,750.44,750.7399,750.08,750.17,495054.0,11707.0,750.441075
2026-06-05 14:40:00+00:00,750.18,750.32,749.24,749.56,409999.0,9333.0,749.819809
2026-06-05 14:45:00+00:00,749.53,749.82,749.12,749.39,354974.0,8300.0,749.393212
2026-06-05 14:50:00+00:00,749.38,749.8,749.23,749.634,288414.0,7811.0,749.522399
2026-06-05 14:55:00+00:00,749.61,750.1,749.46,749.88,343572.0,8357.0,749.821552
2026-06-05 15:00:00+00:00,749.89,750.18,749.17,749.5,368610.0,9143.0,749.624423
2026-06-05 15:05:00+00:00,749.51,749.65,748.82,748.93,309963.0,8160.0,749.087975
2026-06-05 15:10:00+00:00,748.9102,749.2,748.29,748.3,310395.0,8460.0,748.66111
2026-06-05 15:15:00+00:00,748.31,748.73,748.19,748.64,366672.0,8457.0,748.459973
2026-06-05 15:20:00+00:00,748.64,748.76,747.54,747.88,765844.0,12677.0,748.049125
2026-06-05 15:25:00+00:00,747.89,748.33,747.84,748.148,672874.0,11490.0,748.046249
2026-06-05 15:30:00+00:00,748.11,748.42,747.66,747.67,449825.0,9326.0,747.961537
2026-06-05 15:35:00+00:00,747.66,747.91,746.73,746.79,652915.0,12554.0,747.18468
2026-06-05 15:40:00+00:00,746.8,747.0601,746.39,746.58,665982.0,13008.0,746.772526
2026-06-05 15:45:00+00:00,746.56,746.9599,746.19,746.36,481677.0,10645.0,746.542084
2026-06-05 15:50:00+00:00,746.38,746.87,746.28,746.74,461489.0,11171.0,746.581516
2026-06-05 15:55:00+00:00,746.725,746.91,746.42,746.58,477214.0,10961.0,746.686757
2026-06-05 16:00:00+00:00,746.5681,746.59,745.98,746.11,694726.0,13952.0,746.21641
2026-06-05 16:05:00+00:00,746.1,746.1,745.07,745.23,754795.0,15880.0,745.464395
2026-06-05 16:10:00+00:00,745.22,745.89,745.02,745.475,661930.0,13831.0,745.511145
2026-06-05 16:15:00+00:00,745.44,745.47,744.62,744.81,642737.0,13619.0,744.926454
2026-06-05 16:20:00+00:00,744.8,745.44,744.68,745.1202,755282.0,14706.0,745.044665
2026-06-05 16:25:00+00:00,745.13,745.55,744.72,744.7401,545154.0,9881.0,745.212237
2026-06-05 16:30:00+00:00,744.74,744.81,743.87,744.24,899978.0,11469.0,744.225809
2026-06-05 16:35:00+00:00,744.24,744.55,743.74,744.23,1078026.0,13467.0,744.223414
2026-06-05 16:40:00+00:00,744.22,744.385,742.92,743.24,731327.0,12790.0,743.472942
2026-06-05 16:45:00+00:00,743.22,743.57,742.46,743.56,993646.0,18034.0,742.96922
2026-06-05 16:50:00+00:00,743.55,744.62,743.255,744.56,1052904.0,15308.0,743.810976
2026-06-05 16:55:00+00:00,744.53,744.67,743.97,744.54,724618.0,14329.0,744.288369
2026-06-05 17:00:00+00:00,744.54,744.56,743.31,743.9,911385.0,12397.0,743.845781
2026-06-05 17:05:00+00:00,743.86,743.88,743.31,743.5,367330.0,9047.0,743.540355
2026-06-05 17:10:00+00:00,743.48,743.65,742.96,743.41,1045796.0,13266.0,743.282411
2026-06-05 17:15:00+00:00,743.42,743.525,742.82,743.28,854725.0,13656.0,743.138792
2026-06-05 17:20:00+00:00,743.27,744.14,742.81,744.07,1108146.0,16344.0,743.580775
2026-06-05 17:25:00+00:00,744.05,744.0999,743.39,744.03,668752.0,13562.0,743.86296
2026-06-05 17:30:00+00:00,744.02,744.245,743.56,744.24,646510.0,11199.0,743.935027
2026-06-05 17:35:00+00:00,744.24,744.96,744.22,744.93,861614.0,10838.0,744.607273
2026-06-05 17:40:00+00:00,744.94,745.295,743.65,743.815,894327.0,14997.0,744.505572
2026-06-05 17:45:00+00:00,743.82,744.34,743.64,743.96,551663.0,19969.0,744.016612
2026-06-05 17:50:00+00:00,743.97,744.17,743.755,744.12,799529.0,10403.0,743.94439
2026-06-05 17:55:00+00:00,744.12,744.7,744.0,744.67,491697.0,10553.0,744.422955
2026-06-05 18:00:00+00:00,744.68,744.79,743.4,743.4,1067910.0,15201.0,744.167194
2026-06-05 18:05:00+00:00,743.41,743.65,743.11,743.2399,748250.0,10877.0,743.361133
2026-06-05 18:10:00+00:00,743.23,743.42,742.12,742.18,830349.0,13262.0,742.745002
2026-06-05 18:15:00+00:00,742.14,742.16,741.295,741.42,1285868.0,19415.0,741.610809
2026-06-05 18:20:00+00:00,741.43,741.97,741.35,741.5,1066663.0,14530.0,741.661829
2026-06-05 18:25:00+00:00,741.49,741.54,740.5,740.9,1051860.0,18987.0,740.98045
2026-06-05 18:30:00+00:00,740.9,741.14,740.41,740.64,1069049.0,12844.0,740.702932
2026-06-05 18:35:00+00:00,740.65,740.8,740.1,740.575,749021.0,13475.0,740.466825
2026-06-05 18:40:00+00:00,740.58,740.64,739.72,740.03,1112771.0,15678.0,740.12251
2026-06-05 18:45:00+00:00,740.02,740.03,738.59,739.63,1714726.0,19197.0,739.247042
2026-06-05 18:50:00+00:00,739.64,739.87,738.48,738.95,2062607.0,13776.0,739.047021
2026-06-05 18:55:00+00:00,738.96,740.25,738.75,739.23,2105649.0,22466.0,739.34819
2026-06-05 19:00:00+00:00,739.23,739.4,738.3,739.11,1065456.0,16491.0,738.811062
2026-06-05 19:05:00+00:00,739.1,739.16,737.54,738.0136,817895.0,13838.0,738.375367
2026-06-05 19:10:00+00:00,738.025,738.09,736.91,737.23,955466.0,16570.0,737.379514
2026-06-05 19:15:00+00:00,737.23,737.23,735.525,736.35,1222217.0,18794.0,736.288332
2026-06-05 19:20:00+00:00,736.315,736.9,735.87,736.9,1699245.0,19013.0,736.479694
2026-06-05 19:25:00+00:00,736.9,738.47,736.88,738.45,1463720.0,19809.0,737.652011
2026-06-05 19:30:00+00:00,738.45,738.51,737.22,737.92,1760050.0,17648.0,737.69597
2026-06-05 19:35:00+00:00,737.92,738.8,737.75,738.68,1411895.0,22364.0,738.265351
2026-06-05 19:40:00+00:00,738.68,738.74,736.96,737.81,1567982.0,22421.0,737.588038
2026-06-05 19:45:00+00:00,737.78,738.95,737.6,738.72,1775592.0,24128.0,738.426248
2026-06-05 19:50:00+00:00,738.73,739.8,738.42,739.115,2946212.0,41436.0,739.160638
2026-06-05 19:55:00+00:00,739.1,739.1,737.0,737.42,5476255.0,59604.0,738.171121
2026-06-05 20:00:00+00:00,737.44,740.4489,734.9,735.33,3317606.0,5187.0,737.182726
2026-06-05 20:05:00+00:00,735.2895,735.45,734.61,735.07,753073.0,2824.0,735.043546
2026-06-05 20:10:00+00:00,735.04,735.04,734.0,734.43,3188415.0,3202.0,734.318101
2026-06-05 20:15:00+00:00,734.36,734.57,733.6,733.83,5835840.0,1860.0,733.975389
2026-06-05 20:20:00+00:00,733.83,734.35,733.83,734.18,509698.0,1649.0,734.120295
2026-06-05 20:25:00+00:00,734.16,734.67,734.12,734.44,185416.0,1599.0,734.37159
2026-06-05 20:30:00+00:00,734.47,734.47,733.68,733.8263,253530.0,1217.0,733.854133
2026-06-05 20:35:00+00:00,733.83,734.02,733.48,733.95,72140.0,880.0,733.801534
2026-06-05 20:40:00+00:00,733.98,734.05,733.7,734.0,124601.0,949.0,733.813018
2026-06-05 20:45:00+00:00,733.97,734.2,733.74,734.12,144275.0,1208.0,733.990097
2026-06-05 20:50:00+00:00,734.13,734.73,734.08,734.47,137399.0,898.0,734.38094
2026-06-05 20:55:00+00:00,734.46,734.5,734.13,734.43,91849.0,731.0,734.381268
2026-06-05 21:00:00+00:00,734.36,734.6502,733.98,734.0,44596.0,603.0,734.162172
2026-06-05 21:05:00+00:00,734.03,734.29,733.96,734.15,35467.0,463.0,734.127897
2026-06-05 21:10:00+00:00,734.15,734.88,733.98,734.18,91731.0,928.0,734.327976
2026-06-05 21:15:00+00:00,734.36,735.17,734.0,735.025,142626.0,1714.0,734.563066
2026-06-05 21:20:00+00:00,735.0,735.01,734.22,734.99,93980.0,999.0,734.752586
2026-06-05 21:25:00+00:00,734.89,736.16,734.89,735.15,66157.0,828.0,735.438486
2026-06-05 21:30:00+00:00,735.18,735.63,735.05,735.52,453316.0,507.0,735.393458
2026-06-05 21:35:00+00:00,735.52,736.09,735.3,735.54,40513.0,832.0,735.849918
2026-06-05 21:40:00+00:00,735.68,735.68,735.3,735.35,24636.0,593.0,735.415253
2026-06-05 21:45:00+00:00,735.35,735.42,735.0,735.0513,12222.0,322.0,735.213797
2026-06-05 21:50:00+00:00,735.06,735.48,735.06,735.07,10925.0,324.0,735.300302
2026-06-05 21:55:00+00:00,735.1,735.1,734.99,735.1,1452425.0,364.0,735.087027
2026-06-05 22:00:00+00:00,735.02,735.15,734.91,735.15,13185.0,356.0,735.09201
2026-06-05 22:05:00+00:00,735.21,737.04,735.07,735.19,121029.0,175.0,736.886777
2026-06-05 22:10:00+00:00,735.13,735.18,734.99,735.11,10964.0,267.0,735.09502
2026-06-05 22:15:00+00:00,735.18,735.75,735.14,735.7,25547.0,374.0,735.376414
2026-06-05 22:20:00+00:00,735.71,736.06,735.3397,735.88,17401.0,254.0,735.865089
2026-06-05 22:25:00+00:00,735.54,736.72,735.54,736.68,22424.0,408.0,736.280885
2026-06-05 22:30:00+00:00,736.26,736.41,736.05,736.18,10481.0,214.0,736.202849
2026-06-05 22:35:00+00:00,736.23,736.27,735.7,735.7,4976.0,171.0,736.121484
2026-06-05 22:40:00+00:00,735.76,735.948,735.49,735.7,6750.0,224.0,735.59698
2026-06-05 22:45:00+00:00,735.74,735.91,735.7,735.9,5654.0,225.0,735.813152
2026-06-05 22:50:00+00:00,735.91,736.5,735.72,736.41,16185.0,294.0,736.183101
2026-06-05 22:55:00+00:00,736.56,737.18,736.48,736.78,17125.0,456.0,736.826358
2026-06-05 23:00:00+00:00,736.73,736.73,736.09,736.36,2846.0,181.0,736.435139
2026-06-05 23:05:00+00:00,736.35,736.92,736.22,736.85,29620.0,367.0,736.700353
2026-06-05 23:10:00+00:00,736.86,737.5,736.4,736.92,12424.0,320.0,737.203099
2026-06-05 23:15:00+00:00,737.27,737.32,736.74,736.76,6316.0,237.0,737.137495
2026-06-05 23:20:00+00:00,736.72,736.8,736.51,736.8,49653.0,223.0,736.763972
2026-06-05 23:25:00+00:00,736.41,736.41,736.0998,736.27,4452.0,214.0,736.279823
2026-06-05 23:30:00+00:00,736.45,736.65,736.04,736.33,5957.0,176.0,736.356201
2026-06-05 23:35:00+00:00,736.28,736.28,735.66,735.6768,16841.0,320.0,735.949575
2026-06-05 23:40:00+00:00,735.63,735.87,735.63,735.87,5514.0,159.0,735.819707
2026-06-05 23:45:00+00:00,735.87,735.87,734.99,735.11,23901.0,421.0,735.173094
2026-06-05 23:50:00+00:00,735.2,735.37,734.98,735.3,15364.0,308.0,735.187182
2026-06-05 23:55:00+00:00,735.24,735.3639,734.61,735.3639,12200.0,328.0,735.047611
2026-06-08 08:00:00+00:00,739.17,740.52,736.32,739.79,167455.0,3692.0,738.3286
2026-06-08 08:05:00+00:00,739.8,740.42,736.57,739.89,27557.0,408.0,739.500949
2026-06-08 08:10:00+00:00,739.81,739.81,739.4,739.52,6880.0,112.0,739.598268
2026-06-08 08:15:00+00:00,739.64,739.79,739.31,739.78,3293.0,66.0,739.597762
2026-06-08 08:20:00+00:00,739.69,739.69,739.0,739.31,10577.0,163.0,739.304007
2026-06-08 08:25:00+00:00,739.32,739.5,739.2,739.29,808.0,43.0,739.276541
2026-06-08 08:30:00+00:00,739.43,739.77,739.39,739.72,5508.0,102.0,739.644435
2026-06-08 08:35:00+00:00,739.72,739.72,739.25,739.28,4135.0,76.0,739.34606
2026-06-08 08:40:00+00:00,739.12,739.17,738.76,739.1005,10786.0,159.0,738.937645
2026-06-08 08:45:00+00:00,739.11,739.25,738.6,739.25,3961.0,109.0,738.840769
2026-06-08 08:50:00+00:00,739.25,739.35,738.72,738.95,6116.0,91.0,738.944494
2026-06-08 08:55:00+00:00,738.74,739.16,738.74,739.16,7616.0,111.0,738.957894
2026-06-08 09:00:00+00:00,739.04,739.39,739.02,739.34,4107.0,75.0,739.237268
2026-06-08 09:05:00+00:00,738.78,738.81,738.47,738.54,2331.0,76.0,738.733499
2026-06-08 09:10:00+00:00,738.75,739.19,738.75,739.19,1462.0,36.0,738.87728
2026-06-08 09:15:00+00:00,739.2837,739.44,739.27,739.29,2238.0,48.0,739.369657
2026-06-08 09:20:00+00:00,739.44,739.68,739.44,739.53,2793.0,109.0,739.593069
2026-06-08 09:25:00+00:00,739.44,739.46,739.26,739.38,5505.0,65.0,739.370348
2026-06-08 09:30:00+00:00,739.28,739.47,739.23,739.26,2425.0,48.0,739.293762
2026-06-08 09:35:00+00:00,739.1,740.64,739.06,739.71,54893.0,823.0,739.954995
2026-06-08 09:40:00+00:00,739.6,740.05,739.53,740.05,9123.0,83.0,739.628066
2026-06-08 09:45:00+00:00,740.07,740.289,740.07,740.27,2940.0,43.0,740.172898
2026-06-08 09:50:00+00:00,740.05,740.3,740.0,740.1202,1783.0,40.0,740.149411
2026-06-08 09:55:00+00:00,740.23,740.36,740.19,740.36,3102.0,48.0,740.242305
2026-06-08 10:00:00+00:00,740.4,740.4,739.38,739.98,8943.0,170.0,739.990876
2026-06-08 10:05:00+00:00,740.02,740.38,740.02,740.33,8375.0,124.0,740.219591
2026-06-08 10:10:00+00:00,740.15,740.33,740.13,740.13,5000.0,76.0,740.209476
2026-06-08 10:15:00+00:00,740.09,740.09,739.6,739.6,2549.0,54.0,739.857296
2026-06-08 10:20:00+00:00,739.5,739.66,739.15,739.57,17396.0,204.0,739.380164
2026-06-08 10:25:00+00:00,739.57,739.72,739.44,739.66,25307.0,234.0,739.520646
2026-06-08 10:30:00+00:00,739.65,741.2,739.5804,740.83,44543.0,592.0,740.663975
2026-06-08 10:35:00+00:00,740.82,740.82,740.45,740.48,17439.0,162.0,740.596009
2026-06-08 10:40:00+00:00,740.46,740.75,740.3801,740.58,5677.0,117.0,740.585573
2026-06-08 10:45:00+00:00,740.6,740.7,740.32,740.5,3639.0,85.0,740.535751
2026-06-08 10:50:00+00:00,740.4,740.69,740.12,740.54,1954.0,75.0,740.49961
2026-06-08 10:55:00+00:00,740.51,740.56,740.2,740.47,10054.0,134.0,740.388224
2026-06-08 11:00:00+00:00,740.441,740.45,739.92,740.23,47189.0,568.0,740.124882
2026-06-08 11:05:00+00:00,740.23,740.68,740.08,740.68,99287.0,674.0,740.265085
2026-06-08 11:10:00+00:00,740.67,742.5,740.63,742.4,87769.0,1027.0,741.627948
2026-06-08 11:15:00+00:00,742.53,742.8,741.89,742.53,91984.0,964.0,742.314261
2026-06-08 11:20:00+00:00,742.49,743.0,742.1,742.3,62784.0,872.0,742.451189
2026-06-08 11:25:00+00:00,742.3091,742.87,742.28,742.87,37626.0,523.0,742.445674
2026-06-08 11:30:00+00:00,742.88,743.3,742.82,743.05,56253.0,755.0,743.132604
2026-06-08 11:35:00+00:00,743.07,743.32,742.96,743.17,19997.0,398.0,743.183172
2026-06-08 11:40:00+00:00,743.2,743.35,742.71,742.82,29473.0,478.0,743.155406
2026-06-08 11:45:00+00:00,742.76,742.89,742.15,742.4,29094.0,653.0,742.459632
2026-06-08 11:50:00+00:00,742.53,742.56,742.23,742.29,12166.0,395.0,742.368482
2026-06-08 11:55:00+00:00,742.29,742.54,742.15,742.33,10624.0,317.0,742.365848
2026-06-08 12:00:00+00:00,742.29,742.78,742.16,742.59,137826.0,1529.0,742.329554
2026-06-08 12:05:00+00:00,742.59,743.2,742.47,743.2,33981.0,531.0,742.705524
2026-06-08 12:10:00+00:00,743.2,743.29,742.77,742.9678,51643.0,738.0,743.039137
2026-06-08 12:15:00+00:00,742.96,743.11,742.77,743.03,38289.0,545.0,742.984667
2026-06-08 12:20:00+00:00,743.0,743.47,742.99,743.29,69441.0,999.0,743.23323
2026-06-08 12:25:00+00:00,743.3,743.46,743.25,743.38,40774.0,724.0,743.376739
2026-06-08 12:30:00+00:00,743.42,743.93,743.39,743.62,88528.0,997.0,743.708747
2026-06-08 12:35:00+00:00,743.612,743.94,743.5,743.52,39603.0,680.0,743.769487
2026-06-08 12:40:00+00:00,743.62,744.42,743.5052,743.86,66789.0,1080.0,743.946475
2026-06-08 12:45:00+00:00,743.92,743.92,743.57,743.76,45195.0,701.0,743.706042
2026-06-08 12:50:00+00:00,743.79,743.82,743.26,743.59,44290.0,661.0,743.456369
2026-06-08 12:55:00+00:00,743.6,743.7,743.41,743.53,18927.0,482.0,743.551222
2026-06-08 13:00:00+00:00,743.55,744.02,743.54,743.83,60590.0,798.0,743.834009
2026-06-08 13:05:00+00:00,743.82,744.1,743.6,743.97,25416.0,591.0,743.807822
2026-06-08 13:10:00+00:00,743.96,744.0,743.72,743.9,26774.0,593.0,743.884245
2026-06-08 13:15:00+00:00,743.87,743.99,743.65,743.95,39375.0,697.0,743.833417
2026-06-08 13:20:00+00:00,743.94,744.73,743.94,744.18,74889.0,1059.0,744.317624
2026-06-08 13:25:00+00:00,744.21,744.2767,743.28,743.31,96671.0,1374.0,743.573941
2026-06-08 13:30:00+00:00,743.36,744.51,742.15,742.185,1979377.0,39627.0,743.607536
2026-06-08 13:35:00+00:00,742.19,742.66,741.58,741.595,1107558.0,16877.0,742.167036
2026-06-08 13:40:00+00:00,741.62,743.1,741.48,742.72,815861.0,14150.0,742.194392
2026-06-08 13:45:00+00:00,742.73,743.52,742.1,742.58,837670.0,15105.0,742.879743
2026-06-08 13:50:00+00:00,742.56,743.725,741.91,743.2,483214.0,10032.0,742.852726
2026-06-08 13:55:00+00:00,743.215,743.33,740.8,740.85,768859.0,13706.0,741.757461
2026-06-08 14:00:00+00:00,740.8,742.3301,740.6,741.18,768522.0,12577.0,741.573062
2026-06-08 14:05:00+00:00,741.17,742.52,741.06,742.32,469327.0,8530.0,741.854365
2026-06-08 14:10:00+00:00,742.32,742.46,741.42,741.6399,471972.0,9983.0,741.916658
2026-06-08 14:15:00+00:00,741.625,741.8,740.85,741.55,427729.0,9891.0,741.277381
2026-06-08 14:20:00+00:00,741.48,742.3662,741.1751,742.1401,430758.0,9828.0,741.783897
2026-06-08 14:25:00+00:00,742.16,743.02,741.95,742.48,549160.0,11422.0,742.545461
2026-06-08 14:30:00+00:00,742.44,742.98,742.3,742.87,447787.0,10480.0,742.680772
2026-06-08 14:35:00+00:00,742.9,743.67,742.72,743.27,659990.0,13089.0,743.165132
2026-06-08 14:40:00+00:00,743.27,743.5,741.97,742.57,776088.0,12305.0,742.705025
2026-06-08 14:45:00+00:00,742.58,744.35,742.58,743.5401,618925.0,12553.0,743.807998
2026-06-08 14:50:00+00:00,743.58,744.345,743.3,744.11,428477.0,9156.0,743.96003
2026-06-08 14:55:00+00:00,744.13,745.02,743.65,744.995,456792.0,9642.0,744.42487
2026-06-08 15:00:00+00:00,744.98,745.27,744.62,744.64,484659.0,9647.0,744.984107
2026-06-08 15:05:00+00:00,744.63,745.34,744.57,745.12,352985.0,7317.0,745.028881
2026-06-08 15:10:00+00:00,745.12,745.2,744.68,744.72,270388.0,7258.0,745.015223
2026-06-08 15:15:00+00:00,744.7701,745.16,744.39,744.844,388675.0,8963.0,744.812691
2026-06-08 15:20:00+00:00,744.84,745.08,744.14,744.93,387922.0,8637.0,744.617032
2026-06-08 15:25:00+00:00,744.93,744.93,743.11,743.23,431536.0,8996.0,743.889393
2026-06-08 15:30:00+00:00,743.25,743.38,741.87,742.16,552318.0,10724.0,742.505991
2026-06-08 15:35:00+00:00,742.16,743.63,741.91,743.5,456537.0,9329.0,742.618238
2026-06-08 15:40:00+00:00,743.475,743.9,743.16,743.69,351846.0,7504.0,743.535876
2026-06-08 15:45:00+00:00,743.71,744.35,743.28,743.365,458298.0,7832.0,743.852686
2026-06-08 15:50:00+00:00,743.34,744.1636,743.34,743.53,249260.0,7133.0,743.816409
2026-06-08 15:55:00+00:00,743.5,743.52,742.49,742.765,423364.0,7489.0,742.901215
2026-06-08 16:00:00+00:00,742.75,743.26,742.16,742.853,483019.0,9782.0,742.779184
2026-06-08 16:05:00+00:00,742.88,743.23,742.49,742.63,281068.0,6543.0,742.82937
2026-06-08 16:10:00+00:00,742.67,743.25,742.35,743.07,238183.0,6723.0,742.843353
2026-06-08 16:15:00+00:00,743.095,743.73,743.02,743.7,264129.0,6581.0,743.53001
2026-06-08 16:20:00+00:00,743.69,743.97,742.86,743.03,332881.0,7942.0,743.473107
2026-06-08 16:25:00+00:00,743.02,743.46,742.115,742.14,229295.0,6408.0,742.758439
2026-06-08 16:30:00+00:00,742.16,742.62,741.9,741.96,250328.0,6693.0,742.295988
2026-06-08 16:35:00+00:00,741.96,742.4399,741.51,741.79,355378.0,7577.0,741.962766
2026-06-08 16:40:00+00:00,741.78,742.34,741.615,742.13,257845.0,4948.0,741.946945
2026-06-08 16:45:00+00:00,742.16,742.97,742.01,742.49,235486.0,4775.0,742.472238
2026-06-08 16:50:00+00:00,742.49,742.7,742.22,742.43,230949.0,4365.0,742.47906
2026-06-08 16:55:00+00:00,742.43,742.48,741.89,741.91,424208.0,4753.0,742.153379
2026-06-08 17:00:00+00:00,741.92,741.975,740.34,740.76,670341.0,10778.0,741.043479
2026-06-08 17:05:00+00:00,740.76,741.51,740.615,740.845,352696.0,6476.0,741.138321
2026-06-08 17:10:00+00:00,740.84,740.99,740.11,740.94,995961.0,8789.0,740.538112
2026-06-08 17:15:00+00:00,740.95,741.13,740.08,740.38,380089.0,7267.0,740.62102
2026-06-08 17:20:00+00:00,740.395,740.87,740.14,740.49,261670.0,5361.0,740.489588
2026-06-08 17:25:00+00:00,740.48,742.06,740.37,742.03,533981.0,6692.0,741.067639
2026-06-08 17:30:00+00:00,742.01,742.39,741.03,741.62,610935.0,10041.0,741.654726
2026-06-08 17:35:00+00:00,741.6,741.73,740.5701,741.18,316794.0,6769.0,741.072708
2026-06-08 17:40:00+00:00,741.2,741.33,740.4,740.43,264097.0,5652.0,740.782412
2026-06-08 17:45:00+00:00,740.425,741.4,740.4,741.4,285517.0,13036.0,740.940536
2026-06-08 17:50:00+00:00,741.375,741.745,741.01,741.52,235747.0,5612.0,741.378024
2026-06-08 17:55:00+00:00,741.505,741.58,740.89,741.13,227347.0,5276.0,741.268382
2026-06-08 18:00:00+00:00,741.13,741.93,741.12,741.62,437339.0,8634.0,741.646589
2026-06-08 18:05:00+00:00,741.62,742.3,741.57,741.91,542357.0,10364.0,741.931186
2026-06-08 18:10:00+00:00,741.93,742.09,741.06,741.28,351774.0,7367.0,741.546962
2026-06-08 18:15:00+00:00,741.3,741.81,741.25,741.62,503889.0,6478.0,741.605289
2026-06-08 18:20:00+00:00,741.615,741.91,741.29,741.79,296958.0,4996.0,741.63192
2026-06-08 18:25:00+00:00,741.78,742.1,741.59,741.96,233888.0,5048.0,741.859043
2026-06-08 18:30:00+00:00,741.97,742.45,741.77,741.82,329192.0,6446.0,742.18268
2026-06-08 18:35:00+00:00,741.8,742.1,740.88,740.99,680326.0,5527.0,741.500847
2026-06-08 18:40:00+00:00,740.99,741.35,740.75,740.89,330643.0,5951.0,741.026299
2026-06-08 18:45:00+00:00,740.9,741.56,740.9,740.99,271268.0,5313.0,741.210152
2026-06-08 18:50:00+00:00,741.01,741.37,740.91,741.26,256508.0,5010.0,741.152026
2026-06-08 18:55:00+00:00,741.265,741.53,740.87,740.97,230516.0,5521.0,741.203256
2026-06-08 19:00:00+00:00,740.97,741.16,740.5,740.97,369202.0,7255.0,740.83007
2026-06-08 19:05:00+00:00,740.97,741.15,740.18,740.18,415237.0,7242.0,740.772042
2026-06-08 19:10:00+00:00,740.175,740.2,739.26,739.2601,1084834.0,10502.0,739.695888
2026-06-08 19:15:00+00:00,739.27,739.62,738.96,739.25,478215.0,8145.0,739.268406
2026-06-08 19:20:00+00:00,739.25,739.69,738.41,738.54,492790.0,8466.0,739.039401
2026-06-08 19:25:00+00:00,738.54,739.23,738.19,739.2,610843.0,9667.0,738.830859
2026-06-08 19:30:00+00:00,739.21,740.18,739.12,739.47,545617.0,9724.0,739.697918
2026-06-08 19:35:00+00:00,739.49,739.9,739.07,739.41,459512.0,7798.0,739.501082
2026-06-08 19:40:00+00:00,739.385,739.73,738.92,739.35,447230.0,8364.0,739.314121
2026-06-08 19:45:00+00:00,739.34,739.9,739.13,739.3,692009.0,12077.0,739.561045
2026-06-08 19:50:00+00:00,739.34,739.97,738.77,739.21,1239757.0,19991.0,739.230009
2026-06-08 19:55:00+00:00,739.21,739.53,738.905,739.31,2498768.0,31641.0,739.244464
2026-06-08 20:00:00+00:00,739.3,739.55,738.65,739.46,1975852.0,2575.0,739.221684
2026-06-08 20:05:00+00:00,739.38,739.58,739.06,739.34,505688.0,1142.0,739.40571
2026-06-08 20:10:00+00:00,739.33,739.48,738.965,739.09,3871631.0,703.0,739.172652
2026-06-08 20:15:00+00:00,739.07,739.18,738.77,738.8693,126971.0,902.0,739.00402
2026-06-08 20:20:00+00:00,738.84,738.92,738.47,738.92,38744.0,375.0,738.752098
2026-06-08 20:25:00+00:00,738.92,739.06,738.52,739.0,134922.0,720.0,738.893978
2026-06-08 20:30:00+00:00,739.0,739.08,738.85,738.98,97064.0,652.0,738.951989
2026-06-08 20:35:00+00:00,739.01,739.06,738.88,738.97,38506.0,206.0,738.980702
2026-06-08 20:40:00+00:00,738.9,738.94,738.88,738.9,5130.0,97.0,738.909574
2026-06-08 20:45:00+00:00,738.9346,738.9346,738.72,738.87,23343.0,211.0,738.793841
2026-06-08 20:50:00+00:00,738.92,739.06,738.83,738.96,14802.0,181.0,738.944779
2026-06-08 20:55:00+00:00,738.89,739.04,738.87,739.04,5145.0,118.0,738.997546
2026-06-08 21:00:00+00:00,739.05,739.06,739.0014,739.04,7244.0,114.0,739.046284
2026-06-08 21:05:00+00:00,739.0065,739.05,738.95,739.05,7491.0,77.0,738.994489
2026-06-08 21:10:00+00:00,739.04,739.05,738.95,739.04,375689.0,79.0,739.043735
2026-06-08 21:15:00+00:00,739.0,739.05,738.96,738.96,1788.0,48.0,739.013167
2026-06-08 21:20:00+00:00,739.01,739.09,739.01,739.0775,14466.0,128.0,739.052395
2026-06-08 21:25:00+00:00,739.04,739.05,739.02,739.05,6273.0,57.0,739.031192
2026-06-08 21:30:00+00:00,739.0691,739.0691,738.96,739.03,683.0,71.0,739.022152
2026-06-08 21:35:00+00:00,739.07,739.07,739.0,739.0,1090.0,39.0,739.041845
2026-06-08 21:40:00+00:00,739.05,739.06,739.02,739.0498,820.0,68.0,739.044549
2026-06-08 21:45:00+00:00,739.05,739.06,739.03,739.0574,1865.0,93.0,739.038307
2026-06-08 21:50:00+00:00,739.06,739.13,739.06,739.13,1293.0,47.0,739.085156
2026-06-08 21:55:00+00:00,739.0999,739.11,739.05,739.1,2162.0,62.0,739.090884
2026-06-08 22:00:00+00:00,739.02,739.4,738.38,738.38,36745.0,346.0,738.96525
2026-06-08 22:05:00+00:00,738.51,738.52,737.57,737.96,25494.0,479.0,738.043315
2026-06-08 22:10:00+00:00,737.85,737.85,737.338,737.48,10299.0,255.0,737.541338
2026-06-08 22:15:00+00:00,737.5113,737.5113,736.91,737.32,10521.0,300.0,737.106864
2026-06-08 22:20:00+00:00,737.29,737.71,737.29,737.61,5623.0,123.0,737.543212
2026-06-08 22:25:00+00:00,737.7091,737.81,737.31,737.31,10830.0,156.0,737.583899
2026-06-08 22:30:00+00:00,737.74,737.9,737.6099,737.85,8164.0,140.0,737.761266
2026-06-08 22:35:00+00:00,737.86,738.11,737.86,738.09,5356.0,138.0,737.936229
2026-06-08 22:40:00+00:00,738.06,738.1996,738.03,738.1996,3319.0,79.0,738.111539
2026-06-08 22:45:00+00:00,738.03,738.36,737.96,738.3,4184.0,118.0,738.13558
2026-06-08 22:50:00+00:00,738.29,738.4329,738.25,738.4329,1575.0,75.0,738.343149
2026-06-08 22:55:00+00:00,738.5,738.9585,738.5,738.8401,6572.0,223.0,738.788506
2026-06-08 23:00:00+00:00,738.9096,738.9096,738.64,738.6614,2724.0,84.0,738.754676
2026-06-08 23:05:00+00:00,738.85,738.86,738.64,738.83,1965.0,84.0,738.759423
2026-06-08 23:10:00+00:00,738.78,739.39,738.78,739.29,6169.0,190.0,739.191955
2026-06-08 23:15:00+00:00,739.21,739.21,738.89,738.93,3093.0,104.0,738.974577
2026-06-08 23:20:00+00:00,738.97,739.19,738.92,739.16,1118.0,54.0,739.052876
2026-06-08 23:25:00+00:00,739.04,739.14,739.0,739.0,1658.0,46.0,739.044658
2026-06-08 23:30:00+00:00,738.93,739.14,738.84,739.0162,2504.0,53.0,738.979685
2026-06-08 23:35:00+00:00,739.25,739.5,739.25,739.5,8418.0,125.0,739.399157
2026-06-08 23:40:00+00:00,739.3,739.3,739.05,739.05,2281.0,52.0,739.140396
2026-06-08 23:45:00+00:00,739.01,739.01,738.53,738.53,5775.0,104.0,738.772058
2026-06-08 23:50:00+00:00,738.65,738.65,738.27,738.32,5715.0,128.0,738.429242
2026-06-08 23:55:00+00:00,738.21,738.77,738.1,738.72,7954.0,147.0,738.54441
2026-06-09 08:00:00+00:00,741.12,742.42,740.7,741.2,63151.0,2567.0,741.419566
2026-06-09 08:05:00+00:00,741.17,741.69,740.88,741.6,10174.0,157.0,741.130932
2026-06-09 08:10:00+00:00,741.76,742.33,741.735,742.25,9008.0,187.0,742.087612
2026-06-09 08:15:00+00:00,742.22,742.38,742.05,742.12,6872.0,87.0,742.187831
2026-06-09 08:20:00+00:00,742.04,742.1,741.79,742.01,10520.0,115.0,741.954311
2026-06-09 08:25:00+00:00,741.96,742.28,741.96,742.1,6229.0,67.0,742.109171
2026-06-09 08:30:00+00:00,742.25,742.43,742.2104,742.3,5228.0,54.0,742.288841
2026-06-09 08:35:00+00:00,742.09,742.61,742.0,742.61,7156.0,154.0,742.398553
2026-06-09 08:40:00+00:00,742.48,742.62,742.39,742.6,2139.0,60.0,742.51994
2026-06-09 08:45:00+00:00,742.55,742.55,742.37,742.37,562.0,23.0,742.515173
2026-06-09 08:50:00+00:00,742.27,742.27,741.9093,741.9836,5388.0,112.0,742.082452
2026-06-09 08:55:00+00:00,741.99,742.05,741.93,742.05,3060.0,43.0,741.987641
2026-06-09 09:00:00+00:00,741.94,742.38,741.94,742.3,1168.0,44.0,742.15376
2026-06-09 09:05:00+00:00,742.25,742.42,742.16,742.42,1340.0,35.0,742.231475
2026-06-09 09:10:00+00:00,742.44,742.54,742.43,742.54,4319.0,61.0,742.443044
2026-06-09 09:15:00+00:00,742.6,742.65,742.53,742.53,1125.0,32.0,742.609602
2026-06-09 09:20:00+00:00,742.53,742.6,742.41,742.6,2116.0,12.0,742.576743
2026-06-09 09:25:00+00:00,742.63,742.82,742.63,742.77,1041.0,38.0,742.772939
2026-06-09 09:30:00+00:00,742.47,742.48,742.3,742.3,693.0,18.0,742.456129
2026-06-09 09:35:00+00:00,742.35,742.59,742.35,742.59,234.0,20.0,742.504783
2026-06-09 09:40:00+00:00,742.72,742.72,742.6,742.65,540.0,27.0,742.642384
2026-06-09 09:45:00+00:00,742.67,742.71,742.64,742.7,1367.0,25.0,742.664341
2026-06-09 09:50:00+00:00,742.7978,742.875,742.7978,742.82,1465.0,56.0,742.857039
2026-06-09 09:55:00+00:00,742.84,742.84,742.72,742.72,592.0,33.0,742.771202
2026-06-09 10:00:00+00:00,742.75,742.92,742.74,742.74,3975.0,61.0,742.818043
2026-06-09 10:05:00+00:00,742.91,742.94,741.21,741.84,44328.0,675.0,741.912998
2026-06-09 10:10:00+00:00,741.91,742.99,741.91,742.64,15033.0,184.0,742.624929
2026-06-09 10:15:00+00:00,742.63,742.65,742.56,742.61,5982.0,53.0,742.600431
2026-06-09 10:20:00+00:00,742.31,742.43,742.3,742.43,13698.0,81.0,742.346826
2026-06-09 10:25:00+00:00,742.45,742.75,742.45,742.73,1460.0,46.0,742.612306
2026-06-09 10:30:00+00:00,742.72,742.75,742.45,742.45,10302.0,105.0,742.723463
2026-06-09 10:35:00+00:00,742.37,742.5,742.37,742.44,871.0,44.0,742.435878
2026-06-09 10:40:00+00:00,742.4,742.5,742.33,742.48,1161.0,44.0,742.431198
2026-06-09 10:45:00+00:00,742.5,742.5,742.5,742.5,302.0,11.0,742.5
2026-06-09 10:50:00+00:00,742.65,743.39,742.6499,742.83,12580.0,213.0,743.004903
2026-06-09 10:55:00+00:00,742.92,743.03,742.78,742.95,12245.0,145.0,742.898169
2026-06-09 11:00:00+00:00,742.86,743.19,742.79,742.82,14149.0,387.0,742.982864
2026-06-09 11:05:00+00:00,742.83,743.1189,742.77,743.08,7001.0,166.0,742.960865
2026-06-09 11:10:00+00:00,743.0,743.03,742.66,742.7864,26673.0,288.0,742.836384
2026-06-09 11:15:00+00:00,742.84,742.85,742.45,742.71,19701.0,260.0,742.606835
2026-06-09 11:20:00+00:00,742.65,742.65,742.32,742.32,8946.0,139.0,742.416183
2026-06-09 11:25:00+00:00,742.3,742.5,742.25,742.43,8478.0,148.0,742.317432
2026-06-09 11:30:00+00:00,742.43,742.75,742.4,742.62,13029.0,196.0,742.575961
2026-06-09 11:35:00+00:00,742.63,742.7,742.3,742.3,2774.0,170.0,742.490984
2026-06-09 11:40:00+00:00,742.42,742.85,742.42,742.76,8177.0,200.0,742.728359
2026-06-09 11:45:00+00:00,742.67,742.82,742.35,742.35,3113.0,135.0,742.642968
2026-06-09 11:50:00+00:00,742.4,742.85,742.2934,742.2934,16332.0,216.0,742.50883
2026-06-09 11:55:00+00:00,742.26,742.27,742.11,742.149,13903.0,149.0,742.193708
2026-06-09 12:00:00+00:00,742.22,742.54,742.07,742.38,8006.0,159.0,742.200145
2026-06-09 12:05:00+00:00,742.24,742.56,742.18,742.54,7384.0,168.0,742.340126
2026-06-09 12:10:00+00:00,742.52,742.52,742.12,742.15,9441.0,173.0,742.283713
2026-06-09 12:15:00+00:00,742.16,742.25,742.04,742.19,13011.0,266.0,742.127058
2026-06-09 12:20:00+00:00,742.14,742.28,741.99,742.05,16224.0,331.0,742.184229
2026-06-09 12:25:00+00:00,742.09,742.34,741.96,742.15,19332.0,331.0,742.185026
2026-06-09 12:30:00+00:00,742.19,743.1122,742.19,743.05,30327.0,503.0,742.779736
2026-06-09 12:35:00+00:00,742.99,743.35,742.88,742.9,26350.0,349.0,743.071312
2026-06-09 12:40:00+00:00,742.92,743.0,742.67,742.78,9602.0,226.0,742.768956
2026-06-09 12:45:00+00:00,742.61,742.7,742.44,742.61,11487.0,262.0,742.549822
2026-06-09 12:50:00+00:00,742.6,742.71,742.54,742.54,6049.0,193.0,742.620869
2026-06-09 12:55:00+00:00,742.56,743.41,742.55,743.33,29952.0,346.0,742.970519
2026-06-09 13:00:00+00:00,743.37,743.54,742.98,743.15,42493.0,651.0,743.317318
2026-06-09 13:05:00+00:00,743.15,743.68,743.15,743.49,48542.0,701.0,743.463285
2026-06-09 13:10:00+00:00,743.49,743.5,742.93,742.93,12494.0,334.0,743.291488
2026-06-09 13:15:00+00:00,742.93,742.95,742.72,742.82,10861.0,278.0,742.855486
2026-06-09 13:20:00+00:00,742.88,743.11,742.88,742.95,11272.0,233.0,742.989592
2026-06-09 13:25:00+00:00,742.98,743.67,742.98,743.67,49978.0,652.0,743.334964
2026-06-09 13:30:00+00:00,743.63,744.15,743.28,743.63,1198976.0,18763.0,743.637247
2026-06-09 13:35:00+00:00,743.65,744.8799,743.485,744.39,837969.0,13338.0,744.292786
2026-06-09 13:40:00+00:00,744.43,745.3598,744.12,745.3598,687310.0,12285.0,744.81774
2026-06-09 13:45:00+00:00,745.36,746.9,745.27,746.75,673619.0,12588.0,746.183483
2026-06-09 13:50:00+00:00,746.7499,746.8,745.14,745.17,788771.0,13500.0,746.011979
2026-06-09 13:55:00+00:00,745.18,745.48,744.23,744.38,841213.0,12754.0,744.861179
2026-06-09 14:00:00+00:00,744.3638,745.045,743.8,744.14,711006.0,11978.0,744.403582
2026-06-09 14:05:00+00:00,744.17,744.72,743.8889,743.98,497153.0,9395.0,744.266498
2026-06-09 14:10:00+00:00,743.96,743.98,741.44,741.54,1281797.0,18818.0,742.531216
2026-06-09 14:15:00+00:00,741.55,741.95,739.42,740.13,1250328.0,20445.0,740.430466
2026-06-09 14:20:00+00:00,740.13,742.03,739.43,741.95,1100811.0,17975.0,740.613611
2026-06-09 14:25:00+00:00,741.94,742.1991,740.83,741.21,598932.0,11816.0,741.610269
2026-06-09 14:30:00+00:00,741.17,741.71,740.35,741.2,624064.0,12537.0,740.945006
2026-06-09 14:35:00+00:00,741.17,741.55,740.48,740.935,430574.0,9517.0,740.945413
2026-06-09 14:40:00+00:00,740.94,741.25,738.41,738.63,674111.0,13087.0,739.700855
2026-06-09 14:45:00+00:00,738.645,738.8999,735.03,735.26,1777945.0,27664.0,736.775525
2026-06-09 14:50:00+00:00,735.27,736.6,734.65,736.565,2101541.0,25863.0,735.375591
2026-06-09 14:55:00+00:00,736.6,737.8,735.85,737.75,654092.0,12682.0,736.810728
2026-06-09 15:00:00+00:00,737.79,738.13,736.9599,737.0,489596.0,10175.0,737.521246
2026-06-09 15:05:00+00:00,736.97,737.99,736.28,737.92,439941.0,9255.0,736.999565
2026-06-09 15:10:00+00:00,737.93,738.42,736.86,737.53,471190.0,9536.0,737.696724
2026-06-09 15:15:00+00:00,737.52,737.715,736.16,736.23,433273.0,9012.0,736.84393
2026-06-09 15:20:00+00:00,736.19,736.66,734.08,734.085,656382.0,13324.0,735.095309
2026-06-09 15:25:00+00:00,734.09,734.14,730.77,731.0,1290222.0,22668.0,732.35665
2026-06-09 15:30:00+00:00,731.0,731.81,730.48,731.2299,1564604.0,26677.0,731.146756
2026-06-09 15:35:00+00:00,731.24,731.76,730.58,731.48,1100470.0,20428.0,731.201666
2026-06-09 15:40:00+00:00,731.47,732.49,731.245,731.8564,999881.0,17452.0,731.824428
2026-06-09 15:45:00+00:00,731.82,732.21,731.6,731.97,491002.0,9924.0,731.891543
2026-06-09 15:50:00+00:00,731.96,732.75,731.08,731.145,602433.0,12728.0,731.730853
2026-06-09 15:55:00+00:00,731.16,731.26,728.96,729.06,1390091.0,24292.0,729.689625
2026-06-09 16:00:00+00:00,729.08,730.57,728.99,729.62,897724.0,18984.0,729.71041
2026-06-09 16:05:00+00:00,729.61,729.75,727.78,728.2632,1173533.0,21647.0,728.733093
2026-06-09 16:10:00+00:00,728.265,729.32,727.7804,728.55,982081.0,19993.0,728.621057
2026-06-09 16:15:00+00:00,728.54,728.55,725.71,725.96,1434330.0,27763.0,726.894301
2026-06-09 16:20:00+00:00,725.925,727.53,725.3,727.4931,1390658.0,25854.0,726.412616
2026-06-09 16:25:00+00:00,727.47,728.15,726.89,727.36,802184.0,14595.0,727.554906
2026-06-09 16:30:00+00:00,727.34,728.57,726.35,727.25,805501.0,14607.0,727.476322
2026-06-09 16:35:00+00:00,727.35,728.37,722.94,723.334,2698448.0,50705.0,725.051106
2026-06-09 16:40:00+00:00,723.37,724.93,722.59,724.69,2012675.0,34318.0,723.675825
2026-06-09 16:45:00+00:00,724.675,725.76,724.13,724.87,1126026.0,18677.0,724.768265
2026-06-09 16:50:00+00:00,724.88,725.44,723.625,723.685,885222.0,17250.0,724.614091
2026-06-09 16:55:00+00:00,723.67,726.695,723.56,726.62,1225217.0,17968.0,725.018883
2026-06-09 17:00:00+00:00,726.62,728.72,726.4,728.39,1186065.0,17008.0,727.673474
2026-06-09 17:05:00+00:00,728.42,728.85,727.59,728.285,820937.0,11749.0,728.151409
2026-06-09 17:10:00+00:00,728.28,729.04,727.21,728.58,714460.0,13799.0,728.054379
2026-06-09 17:15:00+00:00,728.58,730.05,727.94,729.9325,971004.0,14940.0,729.192179
2026-06-09 17:20:00+00:00,729.9591,731.28,729.54,730.47,945895.0,16896.0,730.39292
2026-06-09 17:25:00+00:00,730.45,731.21,729.9,730.76,468391.0,8839.0,730.627995
2026-06-09 17:30:00+00:00,730.78,731.73,730.21,731.7,794857.0,12220.0,730.9273
2026-06-09 17:35:00+00:00,731.72,732.56,731.05,732.12,703011.0,12327.0,731.944268
2026-06-09 17:40:00+00:00,732.14,733.95,731.95,732.96,983812.0,15305.0,733.099049
2026-06-09 17:45:00+00:00,732.98,733.21,730.96,731.17,950320.0,14633.0,731.921195
2026-06-09 17:50:00+00:00,731.19,733.13,731.18,732.47,723883.0,15137.0,732.322174
2026-06-09 17:55:00+00:00,732.49,733.15,732.4,732.56,427460.0,8169.0,732.794608
2026-06-09 18:00:00+00:00,732.65,733.3,732.14,732.605,636851.0,11046.0,732.735925
2026-06-09 18:05:00+00:00,732.605,733.76,732.39,733.59,536961.0,9790.0,733.002956
2026-06-09 18:10:00+00:00,733.5837,733.62,732.55,733.28,365855.0,7743.0,733.099854
2026-06-09 18:15:00+00:00,733.25,734.54,732.62,734.43,615101.0,11512.0,733.539638
2026-06-09 18:20:00+00:00,734.43,735.18,733.75,735.06,775783.0,10639.0,734.585125
2026-06-09 18:25:00+00:00,735.06,735.13,733.975,735.1,487144.0,8560.0,734.644383
2026-06-09 18:30:00+00:00,735.12,736.18,734.84,735.69,701055.0,12694.0,735.501804
2026-06-09 18:35:00+00:00,735.69,736.27,735.41,735.96,500766.0,9130.0,735.886023
2026-06-09 18:40:00+00:00,735.98,736.0,734.3,734.41,715268.0,12692.0,735.237249
2026-06-09 18:45:00+00:00,734.43,735.54,734.35,735.52,524336.0,9010.0,735.02461
2026-06-09 18:50:00+00:00,735.515,736.18,735.11,735.625,489026.0,7566.0,735.663508
2026-06-09 18:55:00+00:00,735.61,737.13,735.58,736.74,539253.0,10020.0,736.582923
2026-06-09 19:00:00+00:00,736.74,737.4,736.11,737.31,700216.0,11206.0,736.652263
2026-06-09 19:05:00+00:00,737.3,737.69,736.43,736.51,884057.0,11761.0,736.980563
2026-06-09 19:10:00+00:00,736.51,736.52,735.17,735.31,611291.0,9923.0,735.820405
2026-06-09 19:15:00+00:00,735.32,735.42,733.49,733.66,912698.0,15097.0,734.198357
2026-06-09 19:20:00+00:00,733.64,734.39,733.2,733.96,681408.0,12007.0,733.710384
2026-06-09 19:25:00+00:00,733.95,734.86,733.5,734.6,505992.0,10972.0,734.120082
2026-06-09 19:30:00+00:00,734.58,735.03,734.04,734.56,746714.0,13979.0,734.488513
2026-06-09 19:35:00+00:00,734.55,734.67,733.52,733.59,733972.0,11229.0,734.224148
2026-06-09 19:40:00+00:00,733.57,733.85,732.58,733.43,986562.0,16306.0,733.165953
2026-06-09 19:45:00+00:00,733.44,733.78,732.53,733.06,1966664.0,16716.0,733.241031
2026-06-09 19:50:00+00:00,733.03,736.24,733.02,736.17,2132889.0,33847.0,735.442669
2026-06-09 19:55:00+00:00,736.18,737.47,736.05,737.05,4232939.0,40249.0,736.830185
2026-06-09 20:00:00+00:00,737.07,737.729,736.28,737.729,2731493.0,3636.0,737.071095
2026-06-09 20:05:00+00:00,737.69,737.72,736.37,736.6,5771536.0,1486.0,736.906182
2026-06-09 20:10:00+00:00,736.62,736.77,736.18,736.37,3152380.0,862.0,736.475075
2026-06-09 20:15:00+00:00,736.37,736.81,736.14,736.15,110833.0,924.0,736.485232
2026-06-09 20:20:00+00:00,736.23,736.53,736.1304,736.42,121026.0,405.0,736.408872
2026-06-09 20:25:00+00:00,736.52,736.9892,736.5,736.77,30243.0,315.0,736.678643
2026-06-09 20:30:00+00:00,736.77,736.77,736.47,736.77,21173.0,255.0,736.610584
2026-06-09 20:35:00+00:00,736.7,736.93,736.7,736.78,37525.0,357.0,736.83389
2026-06-09 20:40:00+00:00,736.82,737.14,736.82,736.91,175741.0,364.0,736.949148
2026-06-09 20:45:00+00:00,736.9058,737.04,736.6,736.95,57045.0,445.0,736.755941
2026-06-09 20:50:00+00:00,736.9,736.9,736.45,736.52,16295.0,162.0,736.685549
2026-06-09 20:55:00+00:00,736.5848,736.75,736.4,736.7,27795.0,156.0,736.672176
2026-06-09 21:00:00+00:00,736.75,736.75,736.43,736.61,8361.0,105.0,736.605554
2026-06-09 21:05:00+00:00,736.6,736.72,736.5,736.6,928.0,52.0,736.589264
2026-06-09 21:10:00+00:00,736.52,736.6,736.52,736.6,468.0,44.0,736.534223
2026-06-09 21:15:00+00:00,736.6,736.74,736.0,736.0,26279.0,308.0,736.378102
2026-06-09 21:20:00+00:00,736.0,736.2347,735.53,735.53,363695.0,382.0,735.71928
2026-06-09 21:25:00+00:00,735.51,735.51,735.25,735.44,21024.0,271.0,735.443232
2026-06-09 21:30:00+00:00,735.44,735.451,735.25,735.3,19832.0,150.0,735.318088
2026-06-09 21:35:00+00:00,735.5,735.66,735.32,735.66,33722.0,234.0,735.534873
2026-06-09 21:40:00+00:00,735.68,735.79,735.53,735.7127,4079.0,70.0,735.615542
2026-06-09 21:45:00+00:00,735.6,735.6,735.47,735.6,14264.0,146.0,735.493487
2026-06-09 21:50:00+00:00,735.93,735.93,735.4,735.4,15563.0,179.0,735.438745
2026-06-09 21:55:00+00:00,735.41,735.62,735.2,735.5,26583.0,190.0,735.394438
2026-06-09 22:00:00+00:00,735.64,736.22,735.31,735.62,76969.0,629.0,735.665888
2026-06-09 22:05:00+00:00,735.72,736.11,735.5,735.91,29727.0,289.0,735.842856
2026-06-09 22:10:00+00:00,736.0,736.05,735.74,735.95,18503.0,151.0,735.91957
2026-06-09 22:15:00+00:00,736.06,736.49,735.76,736.03,12812.0,191.0,736.023766
2026-06-09 22:20:00+00:00,736.09,736.09,735.74,735.74,8948.0,106.0,735.845263
2026-06-09 22:25:00+00:00,735.69,735.84,735.5,735.61,5770.0,113.0,735.615273
2026-06-09 22:30:00+00:00,735.5904,735.5904,735.06,735.06,12565.0,217.0,735.262924
2026-06-09 22:35:00+00:00,735.09,735.15,734.6,734.96,9530.0,212.0,734.947829
2026-06-09 22:40:00+00:00,735.07,735.08,734.6,734.9,15277.0,185.0,734.848546
2026-06-09 22:45:00+00:00,734.93,734.93,734.26,734.5646,32839.0,240.0,734.504278
2026-06-09 22:50:00+00:00,734.5653,734.63,734.27,734.619,4297.0,89.0,734.46998
2026-06-09 22:55:00+00:00,734.6,734.92,734.5,734.8,7449.0,113.0,734.739654
2026-06-09 23:00:00+00:00,734.85,735.51,734.7612,735.39,13066.0,215.0,735.078623
2026-06-09 23:05:00+00:00,735.33,735.7,735.2206,735.34,8365.0,136.0,735.48977
2026-06-09 23:10:00+00:00,735.41,735.41,734.85,734.9909,8042.0,134.0,735.0618
2026-06-09 23:15:00+00:00,734.73,734.98,734.581,734.73,6716.0,114.0,734.771431
2026-06-09 23:20:00+00:00,734.6206,734.71,734.5013,734.5013,784.0,49.0,734.616905
2026-06-09 23:25:00+00:00,734.58,734.64,734.52,734.6,1496.0,63.0,734.568807
2026-06-09 23:30:00+00:00,734.49,734.7764,734.33,734.72,4252.0,111.0,734.64017
2026-06-09 23:35:00+00:00,734.74,734.83,734.34,734.6,7528.0,100.0,734.572188
2026-06-09 23:40:00+00:00,734.72,734.79,734.62,734.79,728.0,61.0,734.720846
2026-06-09 23:45:00+00:00,734.86,735.1,734.86,735.08,7516.0,152.0,734.982128
2026-06-09 23:50:00+00:00,735.02,735.41,734.92,735.38,6642.0,121.0,735.227462
2026-06-09 23:55:00+00:00,735.54,735.75,735.21,735.7,4397.0,111.0,735.469257
2026-06-10 08:00:00+00:00,735.47,735.47,733.25,733.61,80253.0,2521.0,734.30849
2026-06-10 08:05:00+00:00,733.79,734.7,733.4,733.93,19563.0,217.0,733.750997
2026-06-10 08:10:00+00:00,734.27,734.28,733.53,733.53,4993.0,73.0,733.834924
2026-06-10 08:15:00+00:00,733.61,733.62,733.22,733.22,4577.0,88.0,733.43909
2026-06-10 08:20:00+00:00,733.25,733.67,733.05,733.48,13373.0,208.0,733.362204
2026-06-10 08:25:00+00:00,733.66,733.66,733.06,733.25,3947.0,79.0,733.29273
2026-06-10 08:30:00+00:00,733.3956,733.3956,733.11,733.16,1329.0,57.0,733.215602
2026-06-10 08:35:00+00:00,733.03,733.66,733.03,733.12,3901.0,63.0,733.425387
2026-06-10 08:40:00+00:00,733.1518,733.1518,731.84,731.84,6875.0,208.0,732.453617
2026-06-10 08:45:00+00:00,731.71,731.88,731.26,731.56,16378.0,235.0,731.457353
2026-06-10 08:50:00+00:00,731.61,732.44,731.61,731.98,8093.0,137.0,732.217872
2026-06-10 08:55:00+00:00,731.849,731.849,731.33,731.5,12514.0,127.0,731.515254
2026-06-10 09:00:00+00:00,731.55,731.63,731.21,731.31,9005.0,138.0,731.396237
2026-06-10 09:05:00+00:00,731.59,731.81,731.29,731.47,9777.0,139.0,731.51756
2026-06-10 09:10:00+00:00,731.4,731.61,730.37,730.37,38990.0,283.0,731.094768
2026-06-10 09:15:00+00:00,730.17,730.89,729.95,730.42,12934.0,257.0,730.137809
2026-06-10 09:20:00+00:00,730.4,730.66,730.1204,730.65,5392.0,100.0,730.3942
2026-06-10 09:25:00+00:00,730.78,731.64,730.78,731.56,24457.0,186.0,731.131603
2026-06-10 09:30:00+00:00,731.64,731.78,731.37,731.54,2274.0,67.0,731.562378
2026-06-10 09:35:00+00:00,731.65,732.13,731.65,731.72,6004.0,108.0,731.859233
2026-06-10 09:40:00+00:00,731.54,731.58,730.94,731.27,7648.0,102.0,731.217462
2026-06-10 09:45:00+00:00,731.42,731.44,731.0,731.03,3139.0,50.0,731.314087
2026-06-10 09:50:00+00:00,731.01,731.6,731.01,731.6,18279.0,155.0,731.334295
2026-06-10 09:55:00+00:00,731.69,731.9,731.57,731.7,46488.0,370.0,731.702389
2026-06-10 10:00:00+00:00,731.7,731.74,731.12,731.4,14250.0,101.0,731.541637
2026-06-10 10:05:00+00:00,731.34,731.34,731.27,731.3,3248.0,36.0,731.319743
2026-06-10 10:10:00+00:00,731.64,731.64,731.313,731.41,5033.0,96.0,731.498
2026-06-10 10:15:00+00:00,731.34,731.36,730.62,730.7906,11566.0,170.0,730.940726
2026-06-10 10:20:00+00:00,730.66,731.35,730.48,731.35,19487.0,193.0,731.068728
2026-06-10 10:25:00+00:00,731.36,731.7,731.13,731.69,6969.0,74.0,731.398395
2026-06-10 10:30:00+00:00,731.57,732.1,731.46,731.46,16623.0,156.0,731.59949
2026-06-10 10:35:00+00:00,731.42,731.92,731.42,731.92,4484.0,69.0,731.781603
2026-06-10 10:40:00+00:00,731.91,732.39,731.91,732.3,4039.0,81.0,732.157418
2026-06-10 10:45:00+00:00,732.4,732.53,732.05,732.09,7944.0,106.0,732.304922
2026-06-10 10:50:00+00:00,732.02,732.02,731.47,731.5,4989.0,96.0,731.758366
2026-06-10 10:55:00+00:00,731.58,732.4,731.58,732.34,8904.0,178.0,732.026094
2026-06-10 11:00:00+00:00,732.37,732.51,729.62,729.88,202879.0,2343.0,731.024116
2026-06-10 11:05:00+00:00,729.78,730.3,728.5,730.16,353029.0,4624.0,729.300734
2026-06-10 11:10:00+00:00,730.13,730.82,729.93,730.55,134427.0,1209.0,730.258766
2026-06-10 11:15:00+00:00,730.61,731.12,730.11,730.12,60733.0,597.0,730.620939
2026-06-10 11:20:00+00:00,730.16,731.33,730.01,730.28,53017.0,799.0,730.682193
2026-06-10 11:25:00+00:00,730.33,730.35,728.58,729.59,182209.0,1793.0,729.26742
2026-06-10 11:30:00+00:00,729.6,729.8159,728.83,729.48,36381.0,582.0,729.378875
2026-06-10 11:35:00+00:00,729.58,729.6252,728.67,728.6935,55863.0,863.0,729.164709
2026-06-10 11:40:00+00:00,728.64,729.44,728.64,729.25,23430.0,318.0,729.251183
2026-06-10 11:45:00+00:00,728.87,729.55,728.31,729.27,63364.0,612.0,729.231296
2026-06-10 11:50:00+00:00,729.48,730.31,729.48,730.24,31766.0,439.0,730.137981
2026-06-10 11:55:00+00:00,730.2791,730.64,729.95,730.32,24008.0,298.0,730.313529
2026-06-10 12:00:00+00:00,730.2,730.47,730.0,730.13,10887.0,215.0,730.20097
2026-06-10 12:05:00+00:00,730.31,730.86,730.3,730.7,27320.0,339.0,730.637617
2026-06-10 12:10:00+00:00,730.68,731.35,730.4,730.72,30885.0,400.0,730.994446
2026-06-10 12:15:00+00:00,730.75,731.11,730.2,730.35,44196.0,504.0,730.532398
2026-06-10 12:20:00+00:00,730.42,731.0896,730.27,730.71,48073.0,579.0,730.642373
2026-06-10 12:25:00+00:00,730.67,731.84,730.67,731.56,92094.0,938.0,731.495691
2026-06-10 12:30:00+00:00,731.71,736.8,730.74,733.35,732176.0,6811.0,733.055969
2026-06-10 12:35:00+00:00,733.49,734.95,732.4,733.2717,224532.0,1891.0,733.693451
2026-06-10 12:40:00+00:00,733.2191,734.41,733.01,733.85,75723.0,1009.0,733.50611
2026-06-10 12:45:00+00:00,733.84,734.57,733.58,734.34,51155.0,704.0,734.226244
2026-06-10 12:50:00+00:00,734.29,734.29,733.42,733.94,38894.0,769.0,733.827577
2026-06-10 12:55:00+00:00,733.8,733.94,732.93,732.9404,39049.0,669.0,733.444541
2026-06-10 13:00:00+00:00,732.98,733.52,732.7,732.9301,58724.0,838.0,733.049831
2026-06-10 13:05:00+00:00,732.8,733.38,732.51,733.38,27989.0,502.0,732.893271
2026-06-10 13:10:00+00:00,733.39,733.47,733.05,733.05,15362.0,387.0,733.293132
2026-06-10 13:15:00+00:00,733.12,733.4,732.95,733.4,14672.0,345.0,733.200086
2026-06-10 13:20:00+00:00,733.37,733.45,733.02,733.23,28518.0,466.0,733.183934
2026-06-10 13:25:00+00:00,733.11,733.48,732.98,733.38,93964.0,1046.0,733.205875
2026-06-10 13:30:00+00:00,733.39,733.98,731.78,731.785,1261611.0,19996.0,733.084046
2026-06-10 13:35:00+00:00,731.805,735.25,731.5,734.6,987615.0,14141.0,733.538297
2026-06-10 13:40:00+00:00,734.59,736.25,733.28,736.17,702219.0,14256.0,734.942721
2026-06-10 13:45:00+00:00,736.17,736.98,735.33,736.67,902883.0,16418.0,736.173602
2026-06-10 13:50:00+00:00,736.67,736.67,734.745,735.66,649612.0,14687.0,735.470505
2026-06-10 13:55:00+00:00,735.67,736.69,735.28,735.72,524723.0,12027.0,736.106339
2026-06-10 14:00:00+00:00,735.75,737.278,735.01,736.57,486348.0,12112.0,736.220986
2026-06-10 14:05:00+00:00,736.56,737.36,735.88,737.125,476023.0,8728.0,736.589154
2026-06-10 14:10:00+00:00,737.155,737.6,736.48,736.7,532952.0,10868.0,737.083227
2026-06-10 14:15:00+00:00,736.7,737.09,735.7814,736.61,618650.0,13582.0,736.420407
2026-06-10 14:20:00+00:00,736.49,738.38,736.2,738.215,667548.0,11172.0,737.46824
2026-06-10 14:25:00+00:00,738.22,738.38,736.6201,737.25,512502.0,11608.0,737.394632
2026-06-10 14:30:00+00:00,737.22,737.8675,735.78,737.835,669116.0,13632.0,736.691896
2026-06-10 14:35:00+00:00,737.82,737.95,736.04,736.57,367452.0,9665.0,736.826968
2026-06-10 14:40:00+00:00,736.53,737.24,735.58,735.58,417189.0,14307.0,736.549115
2026-06-10 14:45:00+00:00,735.55,736.085,734.5,734.96,501548.0,11767.0,735.29091
2026-06-10 14:50:00+00:00,734.95,735.66,734.185,734.63,536982.0,12482.0,734.90404
2026-06-10 14:55:00+00:00,734.57,734.91,732.2601,732.84,826500.0,16650.0,733.069617
2026-06-10 15:00:00+00:00,732.87,734.42,731.93,733.09,698740.0,14675.0,733.213111
2026-06-10 15:05:00+00:00,733.11,733.25,731.72,731.78,418824.0,9755.0,732.29731
2026-06-10 15:10:00+00:00,731.78,732.01,730.61,730.68,862309.0,16995.0,731.188182
2026-06-10 15:15:00+00:00,730.67,730.72,729.51,730.22,672973.0,14816.0,730.16104
2026-06-10 15:20:00+00:00,730.19,732.38,730.07,731.825,603283.0,13948.0,731.104849
2026-06-10 15:25:00+00:00,731.82,732.57,731.43,731.43,297018.0,8059.0,731.991625
2026-06-10 15:30:00+00:00,731.49,732.31,730.55,731.02,396538.0,9700.0,731.373802
2026-06-10 15:35:00+00:00,730.99,731.8,729.97,730.8001,414989.0,10637.0,730.908887
2026-06-10 15:40:00+00:00,730.8,732.58,730.4001,732.27,334191.0,8919.0,731.504693
2026-06-10 15:45:00+00:00,732.24,732.77,728.95,730.0,1276433.0,25052.0,730.483614
2026-06-10 15:50:00+00:00,729.94,731.63,728.49,730.815,1182697.0,21751.0,729.701232
2026-06-10 15:55:00+00:00,730.78,732.12,730.13,731.95,450404.0,10807.0,731.168417
2026-06-10 16:00:00+00:00,731.98,732.51,731.06,731.53,403209.0,10540.0,731.578093
2026-06-10 16:05:00+00:00,731.51,732.05,730.54,730.89,401385.0,9227.0,731.362653
2026-06-10 16:10:00+00:00,730.88,730.9,729.93,730.25,304359.0,7485.0,730.325489
2026-06-10 16:15:00+00:00,730.23,731.07,730.16,730.58,222566.0,6758.0,730.525313
2026-06-10 16:20:00+00:00,730.6,730.91,729.9,730.13,211754.0,6504.0,730.520419
2026-06-10 16:25:00+00:00,730.19,730.93,730.03,730.68,200572.0,4903.0,730.507554
2026-06-10 16:30:00+00:00,730.68,731.62,730.05,731.61,212095.0,5027.0,730.678749
2026-06-10 16:35:00+00:00,731.64,732.3,731.02,731.97,337097.0,6819.0,731.752187
2026-06-10 16:40:00+00:00,731.98,732.31,730.45,730.872,210673.0,4727.0,731.267532
2026-06-10 16:45:00+00:00,730.83,730.83,729.4,729.98,347335.0,7036.0,729.971137
2026-06-10 16:50:00+00:00,729.97,731.03,729.6701,730.23,247800.0,5360.0,730.364959
2026-06-10 16:55:00+00:00,730.22,730.52,729.5,730.3601,222281.0,5085.0,730.023524
2026-06-10 17:00:00+00:00,730.36,731.37,730.03,731.14,242397.0,6156.0,730.839023
2026-06-10 17:05:00+00:00,731.14,731.18,729.59,729.693,389446.0,7790.0,730.260309
2026-06-10 17:10:00+00:00,729.67,729.7599,728.72,729.0,584745.0,9025.0,729.154471
2026-06-10 17:15:00+00:00,729.0,729.4,728.67,728.98,332315.0,7228.0,728.977967
2026-06-10 17:20:00+00:00,728.93,729.56,728.75,729.46,359933.0,6718.0,729.144308
2026-06-10 17:25:00+00:00,729.44,729.85,729.09,729.59,406678.0,7414.0,729.52224
2026-06-10 17:30:00+00:00,729.59,729.68,728.43,728.845,325146.0,7857.0,728.846397
2026-06-10 17:35:00+00:00,728.87,728.87,728.1,728.18,342983.0,7301.0,728.466306
2026-06-10 17:40:00+00:00,728.19,728.59,727.86,727.961,293873.0,6496.0,728.220868
2026-06-10 17:45:00+00:00,727.97,730.65,727.88,730.325,559948.0,11130.0,729.510799
2026-06-10 17:50:00+00:00,730.32,730.55,728.97,729.98,574484.0,11914.0,729.787315
2026-06-10 17:55:00+00:00,729.99,730.8,729.81,730.66,337168.0,6986.0,730.411517
2026-06-10 18:00:00+00:00,730.69,731.77,730.52,731.685,499156.0,10163.0,731.094324
2026-06-10 18:05:00+00:00,731.68,731.75,730.47,730.5,529682.0,11049.0,731.098845
2026-06-10 18:10:00+00:00,730.52,731.24,730.45,730.75,239426.0,5436.0,730.809637
2026-06-10 18:15:00+00:00,730.72,731.25,729.4343,729.795,361963.0,7715.0,730.375008
2026-06-10 18:20:00+00:00,729.79,730.42,729.32,729.92,413753.0,7578.0,729.853925
2026-06-10 18:25:00+00:00,729.94,730.11,729.42,729.55,303664.0,7141.0,729.752316
2026-06-10 18:30:00+00:00,729.575,729.5801,728.86,729.06,301863.0,6552.0,729.160074
2026-06-10 18:35:00+00:00,729.01,729.1,728.15,728.5399,432439.0,9163.0,728.615855
2026-06-10 18:40:00+00:00,728.55,728.86,728.14,728.5299,450410.0,9450.0,728.565055
2026-06-10 18:45:00+00:00,728.54,728.555,727.86,727.91,417469.0,8139.0,728.240838
2026-06-10 18:50:00+00:00,727.9,728.11,727.01,727.72,1465444.0,14532.0,727.555833
2026-06-10 18:55:00+00:00,727.71,727.85,727.0,727.43,720023.0,9940.0,727.397058
2026-06-10 19:00:00+00:00,727.44,728.09,726.8622,727.355,454437.0,9535.0,727.489389
2026-06-10 19:05:00+00:00,727.36,728.13,727.0,727.77,674096.0,8213.0,727.652951
2026-06-10 19:10:00+00:00,727.77,727.83,726.805,727.06,403605.0,8408.0,727.206928
2026-06-10 19:15:00+00:00,727.09,727.24,726.325,726.51,794794.0,10823.0,726.666739
2026-06-10 19:20:00+00:00,726.5,726.52,725.79,726.14,909653.0,14069.0,726.06718
2026-06-10 19:25:00+00:00,726.14,726.26,725.48,725.99,1244887.0,16623.0,725.866625
2026-06-10 19:30:00+00:00,725.99,727.18,725.66,726.93,1308997.0,19859.0,726.462892
2026-06-10 19:35:00+00:00,726.96,727.64,726.64,727.455,615452.0,12161.0,727.102408
2026-06-10 19:40:00+00:00,727.46,727.7,726.62,727.2588,1131440.0,12025.0,727.172815
2026-06-10 19:45:00+00:00,727.22,727.39,726.22,726.83,1395759.0,16150.0,726.744506
2026-06-10 19:50:00+00:00,726.81,727.89,725.5,726.84,2282259.0,35719.0,727.030501
2026-06-10 19:55:00+00:00,726.83,727.26,725.33,725.42,3675712.0,38818.0,726.398294
2026-06-10 20:00:00+00:00,725.43,730.974,724.61,725.18,2390258.0,3758.0,725.32404
2026-06-10 20:05:00+00:00,725.215,725.43,724.05,724.77,1775109.0,2649.0,725.246841
2026-06-10 20:10:00+00:00,724.75,725.31,724.73,725.2543,1855862.0,1227.0,725.172207
2026-06-10 20:15:00+00:00,725.06,725.41,724.74,725.15,323923.0,1029.0,725.177603
2026-06-10 20:20:00+00:00,725.109,725.5177,724.94,725.2,344065.0,627.0,725.395285
2026-06-10 20:25:00+00:00,725.13,725.14,724.4,724.96,62355.0,671.0,724.933496
2026-06-10 20:30:00+00:00,724.85,724.879,724.44,724.53,60473.0,526.0,724.639251
2026-06-10 20:35:00+00:00,724.56,724.84,724.43,724.83,50614.0,354.0,724.581818
2026-06-10 20:40:00+00:00,724.81,724.85,724.11,724.14,41116.0,474.0,724.476456
2026-06-10 20:45:00+00:00,724.1,724.21,723.56,723.96,108035.0,916.0,723.863515
2026-06-10 20:50:00+00:00,723.9994,724.39,723.59,724.39,297362.0,319.0,723.96755
2026-06-10 20:55:00+00:00,724.36,724.7,724.23,724.6,9203.0,284.0,724.461873
2026-06-10 21:00:00+00:00,724.55,724.7,724.55,724.6,493506.0,170.0,724.606398
2026-06-10 21:05:00+00:00,724.55,724.66,724.27,724.4,39120.0,372.0,724.517145
2026-06-10 21:10:00+00:00,724.42,724.7685,724.42,724.7685,11932.0,247.0,724.633259
2026-06-10 21:15:00+00:00,724.7038,724.96,724.7038,724.94,6089.0,202.0,724.915827
2026-06-10 21:20:00+00:00,724.94,724.94,724.8,724.84,6543.0,97.0,724.83421
2026-06-10 21:25:00+00:00,724.85,724.93,724.7739,724.8001,8539.0,166.0,724.843932
2026-06-10 21:30:00+00:00,724.88,724.9289,724.74,724.79,16130.0,271.0,724.885264
2026-06-10 21:35:00+00:00,724.84,724.96,724.51,724.62,20473.0,280.0,724.848398
2026-06-10 21:40:00+00:00,724.62,724.62,724.48,724.48,19496.0,518.0,724.506828
2026-06-10 21:45:00+00:00,724.49,724.54,724.23,724.35,11547.0,363.0,724.270666
2026-06-10 21:50:00+00:00,724.33,724.79,724.33,724.6,5678.0,211.0,724.471317
2026-06-10 21:55:00+00:00,724.6,724.74,724.23,724.39,11179.0,361.0,724.304237
2026-06-10 22:00:00+00:00,724.31,724.38,723.04,723.09,149752.0,1281.0,723.61001
2026-06-10 22:05:00+00:00,723.09,723.16,722.79,722.98,38031.0,597.0,722.951626
2026-06-10 22:10:00+00:00,722.97,723.5,722.77,723.5,24781.0,365.0,723.079423
2026-06-10 22:15:00+00:00,723.51,723.72,723.28,723.72,12163.0,220.0,723.492493
2026-06-10 22:20:00+00:00,723.6686,723.6686,723.371,723.4204,16042.0,111.0,723.522104
2026-06-10 22:25:00+00:00,723.35,723.85,723.3,723.85,5220.0,173.0,723.725909
2026-06-10 22:30:00+00:00,723.9183,724.34,723.89,723.89,14606.0,339.0,724.108896
2026-06-10 22:35:00+00:00,724.0708,724.4983,724.0708,724.4983,8336.0,157.0,724.238913
2026-06-10 22:40:00+00:00,724.503,724.58,723.66,723.89,45461.0,332.0,723.981358
2026-06-10 22:45:00+00:00,723.94,724.47,723.68,723.89,15147.0,252.0,724.069687
2026-06-10 22:50:00+00:00,723.8,723.81,723.09,723.3,7517.0,227.0,723.453269
2026-06-10 22:55:00+00:00,723.1004,723.1004,722.28,722.32,12854.0,403.0,722.767991
2026-06-10 23:00:00+00:00,722.31,722.96,721.99,722.9,40043.0,568.0,722.521628
2026-06-10 23:05:00+00:00,722.856,723.01,722.3,722.3,18776.0,290.0,722.565576
2026-06-10 23:10:00+00:00,722.2799,722.3,721.44,721.6,19662.0,377.0,721.889317
2026-06-10 23:15:00+00:00,721.6,723.15,721.23,722.71,72848.0,761.0,722.116202
2026-06-10 23:20:00+00:00,722.73,723.63,721.86,722.38,70598.0,740.0,722.591195
2026-06-10 23:25:00+00:00,722.425,723.74,722.4,723.59,46424.0,463.0,723.104582
2026-06-10 23:30:00+00:00,723.72,723.7283,722.75,723.1,46040.0,316.0,723.106481
2026-06-10 23:35:00+00:00,723.21,723.71,723.21,723.37,8205.0,209.0,723.493297
2026-06-10 23:40:00+00:00,723.47,724.2192,723.384,724.0,15034.0,279.0,723.960095
2026-06-10 23:45:00+00:00,723.85,723.85,723.25,723.52,25760.0,285.0,723.569104
2026-06-10 23:50:00+00:00,723.36,723.5,723.1,723.23,6826.0,164.0,723.382112
2026-06-10 23:55:00+00:00,723.16,723.17,722.71,722.88,34730.0,265.0,722.982841
2026-06-11 08:00:00+00:00,730.03,731.57,727.53,729.05,51095.0,2103.0,729.943929
2026-06-11 08:05:00+00:00,728.74,731.55,727.62,731.48,29003.0,810.0,730.540606
2026-06-11 08:10:00+00:00,731.47,731.73,731.4,731.4,3654.0,171.0,731.55286
2026-06-11 08:15:00+00:00,731.46,731.46,731.18,731.45,6504.0,122.0,731.316872
2026-06-11 08:20:00+00:00,731.1,731.47,730.96,731.47,4905.0,97.0,731.112204
2026-06-11 08:25:00+00:00,731.41,731.6,731.3,731.3,3296.0,76.0,731.498206
2026-06-11 08:30:00+00:00,731.16,731.5004,731.16,731.5004,3097.0,73.0,731.382036
2026-06-11 08:35:00+00:00,731.62,731.72,731.45,731.56,3933.0,87.0,731.575153
2026-06-11 08:40:00+00:00,731.6,731.6,731.44,731.47,3635.0,62.0,731.520132
2026-06-11 08:45:00+00:00,731.52,731.6,731.43,731.52,3952.0,80.0,731.525462
2026-06-11 08:50:00+00:00,731.4,731.67,731.29,731.29,4832.0,95.0,731.480443
2026-06-11 08:55:00+00:00,731.44,731.69,731.43,731.656,2947.0,108.0,731.533267
2026-06-11 09:00:00+00:00,731.59,731.73,731.54,731.59,6075.0,111.0,731.603608
2026-06-11 09:05:00+00:00,731.66,731.66,731.29,731.29,1959.0,65.0,731.420797
2026-06-11 09:10:00+00:00,731.39,731.39,731.13,731.32,4830.0,86.0,731.315676
2026-06-11 09:15:00+00:00,731.25,731.61,731.2,731.5233,6462.0,107.0,731.408211
2026-06-11 09:20:00+00:00,731.48,731.48,731.17,731.28,3830.0,98.0,731.319298
2026-06-11 09:25:00+00:00,731.28,731.4,731.21,731.4,2164.0,50.0,731.343228
2026-06-11 09:30:00+00:00,731.2713,731.37,731.2041,731.37,2221.0,51.0,731.256319
2026-06-11 09:35:00+00:00,731.37,731.45,731.24,731.45,1417.0,48.0,731.328145
2026-06-11 09:40:00+00:00,731.43,731.59,731.43,731.56,1751.0,52.0,731.468234
2026-06-11 09:45:00+00:00,731.69,731.83,731.39,731.497,2172.0,58.0,731.712819
2026-06-11 09:50:00+00:00,731.6,731.6,731.43,731.43,957.0,27.0,731.473542
2026-06-11 09:55:00+00:00,731.62,731.74,731.33,731.33,1121.0,36.0,731.460356
2026-06-11 10:00:00+00:00,731.43,731.7,731.14,731.14,5389.0,105.0,731.478335
2026-06-11 10:05:00+00:00,731.36,731.38,731.27,731.32,3925.0,93.0,731.352052
2026-06-11 10:10:00+00:00,731.12,731.3,731.0501,731.25,2092.0,61.0,731.189294
2026-06-11 10:15:00+00:00,731.25,731.25,731.0,731.02,3131.0,65.0,731.152128
2026-06-11 10:20:00+00:00,731.12,731.29,731.12,731.29,882.0,30.0,731.221407
2026-06-11 10:25:00+00:00,731.3,731.3,730.82,730.82,10170.0,183.0,731.025948
2026-06-11 10:30:00+00:00,730.96,731.34,730.96,731.34,9065.0,99.0,731.196376
2026-06-11 10:35:00+00:00,731.34,731.34,731.12,731.17,5177.0,100.0,731.190864
2026-06-11 10:40:00+00:00,731.16,731.2,731.16,731.19,484.0,22.0,731.172953
2026-06-11 10:45:00+00:00,731.09,731.14,731.02,731.12,3790.0,47.0,731.085514
2026-06-11 10:50:00+00:00,731.09,731.36,731.09,731.16,3060.0,58.0,731.211551
2026-06-11 10:55:00+00:00,731.18,731.2,730.81,730.81,13950.0,133.0,730.939506
2026-06-11 11:00:00+00:00,730.83,730.909,730.47,730.51,36894.0,621.0,730.654658
2026-06-11 11:05:00+00:00,730.48,730.56,729.7,729.72,83286.0,928.0,730.246153
2026-06-11 11:10:00+00:00,729.835,730.23,729.835,730.2,26679.0,317.0,730.099478
2026-06-11 11:15:00+00:00,730.16,730.28,730.02,730.14,37050.0,283.0,730.183713
2026-06-11 11:20:00+00:00,730.1,730.19,729.9319,729.99,10497.0,147.0,730.015116
2026-06-11 11:25:00+00:00,729.9,730.51,729.73,730.22,24929.0,377.0,730.06736
2026-06-11 11:30:00+00:00,730.28,731.19,730.28,730.79,43363.0,733.0,730.942701
2026-06-11 11:35:00+00:00,730.81,731.2,730.62,730.7475,39625.0,542.0,730.82169
2026-06-11 11:40:00+00:00,730.75,731.02,730.52,730.93,6199.0,146.0,730.760538
2026-06-11 11:45:00+00:00,730.89,731.1,730.89,730.97,27510.0,269.0,730.99579
2026-06-11 11:50:00+00:00,730.89,731.19,730.7,731.1524,4100.0,162.0,731.113319
2026-06-11 11:55:00+00:00,731.13,731.33,731.04,731.2397,20208.0,299.0,731.135015
2026-06-11 12:00:00+00:00,731.2346,731.6,731.12,731.34,22616.0,441.0,731.300545
2026-06-11 12:05:00+00:00,731.31,731.38,730.85,731.26,29608.0,448.0,731.130938
2026-06-11 12:10:00+00:00,731.1,731.16,730.98,731.07,6299.0,157.0,731.048976
2026-06-11 12:15:00+00:00,731.09,731.1,730.59,730.66,16708.0,358.0,730.829133
2026-06-11 12:20:00+00:00,730.61,730.71,727.5,728.84,500137.0,6008.0,728.730853
2026-06-11 12:25:00+00:00,728.85,729.59,728.29,728.52,170060.0,1424.0,728.903312
2026-06-11 12:30:00+00:00,729.07,729.6,726.82,727.66,237341.0,2370.0,728.014124
2026-06-11 12:35:00+00:00,727.6205,728.28,727.34,728.18,109893.0,1060.0,727.941597
2026-06-11 12:40:00+00:00,728.06,729.07,727.68,728.41,121506.0,1097.0,728.344618
2026-06-11 12:45:00+00:00,728.38,729.43,725.5573,729.18,109707.0,734.0,728.096914
2026-06-11 12:50:00+00:00,729.22,729.5933,729.03,729.31,39775.0,525.0,729.279949
2026-06-11 12:55:00+00:00,729.32,729.89,729.15,729.6,85352.0,864.0,729.535549
2026-06-11 13:00:00+00:00,729.65,729.65,728.88,729.2788,58181.0,581.0,729.09908
2026-06-11 13:05:00+00:00,729.22,729.22,728.45,728.7,24823.0,439.0,728.781765
2026-06-11 13:10:00+00:00,728.71,729.11,728.58,728.86,31782.0,510.0,728.860504
2026-06-11 13:15:00+00:00,728.8,729.0,728.6809,728.89,31595.0,345.0,728.905068
2026-06-11 13:20:00+00:00,728.87,729.1589,728.71,728.9378,12587.0,295.0,728.954497
2026-06-11 13:25:00+00:00,728.97,729.06,728.72,728.83,55796.0,558.0,728.913059
2026-06-11 13:30:00+00:00,728.77,729.09,727.0825,727.28,2040311.0,38086.0,728.148972
2026-06-11 13:35:00+00:00,727.29,728.3,726.79,727.225,785143.0,12770.0,727.44417
2026-06-11 13:40:00+00:00,727.26,727.68,726.35,727.17,537800.0,9763.0,726.969747
2026-06-11 13:45:00+00:00,727.17,729.79,726.77,728.6,1312706.0,20724.0,728.83919
2026-06-11 13:50:00+00:00,728.62,731.55,728.62,731.04,1156671.0,18920.0,730.543029
2026-06-11 13:55:00+00:00,731.01,731.56,729.42,729.73,1174089.0,12661.0,730.582885
2026-06-11 14:00:00+00:00,729.75,731.575,729.53,731.07,593379.0,11010.0,730.691999
2026-06-11 14:05:00+00:00,731.05,731.05,729.74,730.065,857334.0,9292.0,730.446895
2026-06-11 14:10:00+00:00,730.05,730.1999,727.76,727.83,868505.0,15114.0,728.570336
2026-06-11 14:15:00+00:00,727.84,728.47,726.95,727.09,621858.0,12829.0,727.636904
2026-06-11 14:20:00+00:00,727.085,729.66,726.97,729.16,712855.0,13965.0,728.33719
2026-06-11 14:25:00+00:00,729.13,729.755,727.68,728.815,469965.0,11421.0,728.687555
2026-06-11 14:30:00+00:00,728.845,729.34,727.68,728.33,419672.0,12996.0,728.185245
2026-06-11 14:35:00+00:00,728.19,730.07,728.12,729.13,508491.0,11760.0,729.195221
2026-06-11 14:40:00+00:00,729.14,729.8793,728.54,728.56,479393.0,10293.0,729.353119
2026-06-11 14:45:00+00:00,728.57,728.99,727.82,728.17,477064.0,10621.0,728.451927
2026-06-11 14:50:00+00:00,728.1,728.24,727.09,727.355,415244.0,9734.0,727.679699
2026-06-11 14:55:00+00:00,727.3536,727.3536,725.11,725.6,864617.0,16060.0,726.038711
2026-06-11 15:00:00+00:00,725.57,726.33,724.405,725.94,1136466.0,19751.0,725.353215
2026-06-11 15:05:00+00:00,725.96,727.35,725.325,726.66,705583.0,14278.0,726.255237
2026-06-11 15:10:00+00:00,726.68,727.88,726.53,727.38,544618.0,10262.0,727.350881
2026-06-11 15:15:00+00:00,727.37,728.44,726.72,727.33,445657.0,9996.0,727.71903
2026-06-11 15:20:00+00:00,727.35,728.78,727.18,728.25,483249.0,10403.0,728.081024
2026-06-11 15:25:00+00:00,728.28,728.64,727.18,727.18,355529.0,7981.0,727.870295
2026-06-11 15:30:00+00:00,727.18,727.85,726.73,727.53,367010.0,8885.0,727.260241
2026-06-11 15:35:00+00:00,727.53,728.95,727.41,728.46,517446.0,11445.0,728.271742
2026-06-11 15:40:00+00:00,728.49,729.46,727.45,727.86,748204.0,12326.0,728.484636
2026-06-11 15:45:00+00:00,727.89,728.46,727.33,727.76,750216.0,7782.0,727.894358
2026-06-11 15:50:00+00:00,727.75,727.81,727.01,727.27,476505.0,7573.0,727.441369
2026-06-11 15:55:00+00:00,727.28,728.38,726.84,728.1,472134.0,9941.0,727.623788
2026-06-11 16:00:00+00:00,728.08,729.03,727.57,728.0,315822.0,7697.0,728.30312
2026-06-11 16:05:00+00:00,728.01,729.243,727.73,729.0397,291932.0,7393.0,728.767197
2026-06-11 16:10:00+00:00,728.98,730.15,728.85,729.885,394956.0,8806.0,729.65567
2026-06-11 16:15:00+00:00,729.95,730.31,729.35,729.765,451612.0,9456.0,729.807363
2026-06-11 16:20:00+00:00,729.8,730.01,728.52,728.57,478594.0,8831.0,729.19655
2026-06-11 16:25:00+00:00,728.58,728.79,727.81,727.88,562360.0,10061.0,728.298907
2026-06-11 16:30:00+00:00,727.88,729.95,727.43,729.37,762211.0,13234.0,728.450214
2026-06-11 16:35:00+00:00,729.29,729.9,728.54,728.7599,504375.0,7992.0,729.334387
2026-06-11 16:40:00+00:00,728.75,728.91,728.33,728.63,367363.0,5027.0,728.613431
2026-06-11 16:45:00+00:00,728.6,728.94,728.12,728.305,380963.0,6806.0,728.430452
2026-06-11 16:50:00+00:00,728.31,728.395,727.08,727.155,384673.0,7122.0,727.638412
2026-06-11 16:55:00+00:00,727.16,727.28,726.5,726.5201,388597.0,7169.0,726.947262
2026-06-11 17:00:00+00:00,726.54,727.23,725.57,725.88,594445.0,11284.0,726.375833
2026-06-11 17:05:00+00:00,725.88,726.91,725.79,726.79,723632.0,10381.0,726.46227
2026-06-11 17:10:00+00:00,726.79,727.26,726.17,726.3499,704430.0,10321.0,726.689489
2026-06-11 17:15:00+00:00,726.3,726.63,725.41,725.7,623602.0,8666.0,726.044132
2026-06-11 17:20:00+00:00,725.67,726.23,725.26,726.065,446835.0,8737.0,725.761302
2026-06-11 17:25:00+00:00,726.05,732.68,725.94,732.52,2888546.0,38771.0,729.849066
2026-06-11 17:30:00+00:00,732.54,735.08,732.21,734.249,2957311.0,40070.0,733.592414
2026-06-11 17:35:00+00:00,734.23,734.6,733.22,734.265,1236170.0,17182.0,733.931877
2026-06-11 17:40:00+00:00,734.27,736.62,733.87,736.21,1281121.0,18435.0,735.452695
2026-06-11 17:45:00+00:00,736.275,736.57,734.55,734.84,1056480.0,15444.0,735.437031
2026-06-11 17:50:00+00:00,734.84,734.91,733.41,734.36,1049661.0,17138.0,734.137738
2026-06-11 17:55:00+00:00,734.33,735.3,733.76,734.95,861115.0,14357.0,734.47936
2026-06-11 18:00:00+00:00,734.91,735.63,732.79,733.29,1291814.0,19945.0,734.32482
2026-06-11 18:05:00+00:00,733.29,733.94,732.57,733.24,787302.0,15277.0,733.168564
2026-06-11 18:10:00+00:00,733.21,734.32,733.11,734.31,747675.0,11602.0,733.823895
2026-06-11 18:15:00+00:00,734.3,735.77,734.13,735.57,833011.0,14336.0,735.072335
2026-06-11 18:20:00+00:00,735.56,735.56,733.8,734.53,1079054.0,18432.0,734.489765
2026-06-11 18:25:00+00:00,734.53,734.96,734.28,734.52,429585.0,7368.0,734.589427
2026-06-11 18:30:00+00:00,734.55,735.4,734.32,734.56,524173.0,8980.0,734.833987
2026-06-11 18:35:00+00:00,734.54,734.97,734.08,734.3,738081.0,10175.0,734.60442
2026-06-11 18:40:00+00:00,734.28,735.1,734.05,734.92,442931.0,7988.0,734.558714
2026-06-11 18:45:00+00:00,734.92,735.92,734.8,735.81,578471.0,9668.0,735.482868
2026-06-11 18:50:00+00:00,735.81,736.31,735.68,735.73,513463.0,8975.0,735.944197
2026-06-11 18:55:00+00:00,735.725,735.95,735.17,735.755,532220.0,9940.0,735.602653
2026-06-11 19:00:00+00:00,735.74,736.66,735.71,736.34,566541.0,10417.0,736.275072
2026-06-11 19:05:00+00:00,736.35,736.48,735.26,736.16,714455.0,12954.0,735.819156
2026-06-11 19:10:00+00:00,736.15,737.25,736.07,736.95,1150284.0,18845.0,736.71105
2026-06-11 19:15:00+00:00,736.96,737.43,736.72,737.37,956915.0,12323.0,737.112152
2026-06-11 19:20:00+00:00,737.37,737.63,737.09,737.32,740502.0,12130.0,737.307221
2026-06-11 19:25:00+00:00,737.33,738.24,737.17,737.92,1153692.0,15785.0,737.707644
2026-06-11 19:30:00+00:00,737.93,739.83,737.9,739.6399,2502755.0,28486.0,739.248537
2026-06-11 19:35:00+00:00,739.64,740.0,738.79,738.93,1972395.0,23255.0,739.550683
2026-06-11 19:40:00+00:00,738.935,739.88,738.65,739.405,1179009.0,18166.0,739.373187
2026-06-11 19:45:00+00:00,739.4,739.4,737.93,737.985,1923708.0,27057.0,738.487189
2026-06-11 19:50:00+00:00,737.99,738.57,737.32,738.31,2316960.0,28886.0,737.890052
2026-06-11 19:55:00+00:00,738.29,738.52,737.52,737.64,6391540.0,53000.0,738.022266
2026-06-11 20:00:00+00:00,737.6425,738.35,737.19,737.86,3415008.0,3624.0,737.739667
2026-06-11 20:05:00+00:00,738.09,738.68,738.03,738.44,223982.0,1438.0,738.425972
2026-06-11 20:10:00+00:00,738.4,738.96,738.1,738.81,1557690.0,1081.0,738.515528
2026-06-11 20:15:00+00:00,738.82,739.0,735.8833,738.5,1263648.0,634.0,738.482972
2026-06-11 20:20:00+00:00,738.52,738.65,738.24,738.5,3468818.0,557.0,738.45366
2026-06-11 20:25:00+00:00,738.47,738.82,737.0,738.25,377606.0,3951.0,738.01922
2026-06-11 20:30:00+00:00,738.25,738.49,738.04,738.17,70742.0,517.0,738.228946
2026-06-11 20:35:00+00:00,738.15,738.15,737.64,737.65,479304.0,794.0,737.834471
2026-06-11 20:40:00+00:00,737.67,737.68,737.36,737.38,320300.0,551.0,737.599488
2026-06-11 20:45:00+00:00,737.36,737.59,737.3519,737.49,97694.0,260.0,737.488811
2026-06-11 20:50:00+00:00,737.47,737.72,737.45,737.69,27230.0,242.0,737.576627
2026-06-11 20:55:00+00:00,737.66,737.9956,737.66,737.9956,17212.0,259.0,737.860035
2026-06-11 21:00:00+00:00,737.97,738.21,737.9319,738.1,493243.0,172.0,738.099677
2026-06-11 21:05:00+00:00,738.1,738.11,737.88,737.94,789229.0,255.0,737.933216
2026-06-11 21:10:00+00:00,737.94,737.94,737.8626,737.89,12700.0,206.0,737.908917
2026-06-11 21:15:00+00:00,737.89,737.91,737.87,737.89,9322.0,150.0,737.890289
2026-06-11 21:20:00+00:00,737.89,737.89,737.77,737.82,23106.0,208.0,737.834219
2026-06-11 21:25:00+00:00,737.91,738.08,737.8117,737.82,146036.0,182.0,737.862725
2026-06-11 21:30:00+00:00,738.04,738.09,737.84,737.87,6747.0,135.0,737.935011
2026-06-11 21:35:00+00:00,737.8526,737.86,737.76,737.84,4010.0,149.0,737.836597
2026-06-11 21:40:00+00:00,737.89,737.92,737.83,737.88,4101.0,100.0,737.87317
2026-06-11 21:45:00+00:00,737.86,737.94,737.85,737.88,3860.0,90.0,737.884254
2026-06-11 21:50:00+00:00,737.92,737.94,737.87,737.88,9721.0,179.0,737.905502
2026-06-11 21:55:00+00:00,737.88,737.88,737.8,737.85,7082.0,161.0,737.839779
2026-06-11 22:00:00+00:00,737.86,738.77,737.85,738.44,55484.0,409.0,738.485135
2026-06-11 22:05:00+00:00,738.46,738.89,738.32,738.77,34029.0,278.0,738.610167
2026-06-11 22:10:00+00:00,738.75,739.2583,738.75,739.23,8837.0,203.0,739.053259
2026-06-11 22:15:00+00:00,739.2,739.58,739.02,739.08,16131.0,195.0,739.314599
2026-06-11 22:20:00+00:00,739.2,739.37,739.0713,739.11,10020.0,126.0,739.182663
2026-06-11 22:25:00+00:00,739.05,739.25,739.0,739.1392,5576.0,116.0,739.064721
2026-06-11 22:30:00+00:00,739.0,739.24,738.93,738.93,4332.0,105.0,739.092518
2026-06-11 22:35:00+00:00,739.03,739.08,738.9,738.9761,4146.0,81.0,738.972146
2026-06-11 22:40:00+00:00,738.95,739.25,738.95,739.16,6749.0,85.0,739.170562
2026-06-11 22:45:00+00:00,739.141,739.5,739.14,739.39,11617.0,129.0,739.335945
2026-06-11 22:50:00+00:00,739.36,739.53,739.28,739.43,10128.0,133.0,739.404413
2026-06-11 22:55:00+00:00,739.44,739.44,739.13,739.16,8855.0,138.0,739.361455
2026-06-11 23:00:00+00:00,739.2,739.2528,738.95,739.07,8757.0,143.0,739.085529
2026-06-11 23:05:00+00:00,738.99,739.09,738.77,738.8525,7558.0,134.0,738.919949
2026-06-11 23:10:00+00:00,738.9,739.0146,738.82,739.0146,3547.0,85.0,738.938377
2026-06-11 23:15:00+00:00,738.93,739.18,738.93,739.1002,3703.0,98.0,739.09219
2026-06-11 23:20:00+00:00,739.12,739.12,738.5,738.5,7218.0,139.0,738.680066
2026-06-11 23:25:00+00:00,738.56,738.68,738.37,738.68,7109.0,119.0,738.527066
2026-06-11 23:30:00+00:00,738.78,738.8935,738.76,738.82,2910.0,80.0,738.834762
2026-06-11 23:35:00+00:00,738.8983,739.24,738.8983,739.05,4245.0,96.0,739.007224
2026-06-11 23:40:00+00:00,739.1904,739.42,739.19,739.35,3794.0,79.0,739.300437
2026-06-11 23:45:00+00:00,739.35,739.72,739.3,739.59,12737.0,158.0,739.566845
2026-06-11 23:50:00+00:00,739.69,739.69,739.29,739.4504,12681.0,143.0,739.512476
2026-06-11 23:55:00+00:00,739.43,739.6522,739.43,739.48,6737.0,121.0,739.519076
2026-06-12 08:00:00+00:00,736.33,739.55,736.33,738.18,97198.0,2359.0,738.419445
2026-06-12 08:05:00+00:00,737.69,739.55,735.95,739.39,78031.0,1769.0,737.659843
2026-06-12 08:10:00+00:00,739.47,739.78,739.4,739.58,4818.0,99.0,739.539738
2026-06-12 08:15:00+00:00,739.51,740.91,739.14,740.63,19720.0,348.0,740.008187
2026-06-12 08:20:00+00:00,740.7,741.13,740.3,740.65,13947.0,271.0,740.708396
2026-06-12 08:25:00+00:00,740.57,740.7,740.39,740.45,2853.0,56.0,740.586021
2026-06-12 08:30:00+00:00,740.55,740.74,740.16,740.22,4384.0,111.0,740.480044
2026-06-12 08:35:00+00:00,740.0,740.0,739.58,739.58,4948.0,120.0,739.775377
2026-06-12 08:40:00+00:00,739.59,739.6,739.2,739.58,7111.0,113.0,739.374651
2026-06-12 08:45:00+00:00,739.505,739.99,739.265,739.99,1977.0,44.0,739.749589
2026-06-12 08:50:00+00:00,739.83,740.34,739.81,740.17,1879.0,52.0,740.057272
2026-06-12 08:55:00+00:00,740.13,740.14,740.05,740.05,948.0,50.0,740.11598
2026-06-12 09:00:00+00:00,740.06,740.47,740.06,740.47,7123.0,97.0,740.265276
2026-06-12 09:05:00+00:00,740.4,740.45,740.08,740.32,8595.0,112.0,740.240689
2026-06-12 09:10:00+00:00,740.28,740.93,740.27,740.93,2232.0,47.0,740.485389
2026-06-12 09:15:00+00:00,740.94,741.65,740.93,741.59,14023.0,182.0,741.313364
2026-06-12 09:20:00+00:00,741.59,741.61,741.23,741.39,4491.0,88.0,741.463795
2026-06-12 09:25:00+00:00,741.28,742.11,741.27,742.0,19039.0,138.0,741.983086
2026-06-12 09:30:00+00:00,742.0,743.05,741.84,743.05,14703.0,224.0,742.335753
2026-06-12 09:35:00+00:00,743.25,743.37,742.89,742.89,34348.0,227.0,743.030704
2026-06-12 09:40:00+00:00,742.94,743.05,742.71,742.925,4677.0,115.0,742.847149
2026-06-12 09:45:00+00:00,742.92,742.93,742.5,742.6,14404.0,215.0,742.676564
2026-06-12 09:50:00+00:00,742.58,742.6,742.35,742.55,23282.0,206.0,742.451064
2026-06-12 09:55:00+00:00,742.7,742.92,742.22,742.32,13807.0,141.0,742.689892
2026-06-12 10:00:00+00:00,742.27,742.67,742.27,742.66,3879.0,79.0,742.602076
2026-06-12 10:05:00+00:00,742.48,742.65,742.46,742.59,2942.0,55.0,742.546589
2026-06-12 10:10:00+00:00,742.62,742.62,741.66,741.92,6184.0,170.0,741.94992
2026-06-12 10:15:00+00:00,741.78,741.81,741.4,741.69,4863.0,102.0,741.679098
2026-06-12 10:20:00+00:00,741.6,741.6,741.15,741.3201,11496.0,147.0,741.279186
2026-06-12 10:25:00+00:00,741.29,741.29,740.37,740.54,15162.0,194.0,740.841031
2026-06-12 10:30:00+00:00,740.54,741.29,740.5,740.8,13367.0,169.0,740.87929
2026-06-12 10:35:00+00:00,740.69,741.05,740.69,740.86,2014.0,42.0,740.849322
2026-06-12 10:40:00+00:00,740.74,741.14,740.74,740.96,2763.0,65.0,741.018716
2026-06-12 10:45:00+00:00,741.05,741.11,740.8884,740.9,34656.0,276.0,741.041917
2026-06-12 10:50:00+00:00,740.91,740.91,740.73,740.73,3414.0,63.0,740.81777
2026-06-12 10:55:00+00:00,740.73,740.91,740.5,740.76,6180.0,86.0,740.633951
2026-06-12 11:00:00+00:00,740.82,741.23,740.82,741.21,8752.0,283.0,741.030459
2026-06-12 11:05:00+00:00,741.211,741.211,740.65,740.812,14564.0,264.0,740.991628
2026-06-12 11:10:00+00:00,740.9,741.49,740.9,741.3889,7258.0,156.0,741.336188
2026-06-12 11:15:00+00:00,741.49,741.68,741.29,741.5,13932.0,255.0,741.494961
2026-06-12 11:20:00+00:00,741.62,742.3,741.59,742.3,12329.0,262.0,741.928883
2026-06-12 11:25:00+00:00,742.2,742.33,742.18,742.19,8493.0,210.0,742.248853
2026-06-12 11:30:00+00:00,742.14,742.33,741.66,741.9296,34194.0,559.0,742.107066
2026-06-12 11:35:00+00:00,741.88,742.19,741.86,741.86,15369.0,268.0,741.968122
2026-06-12 11:40:00+00:00,741.94,742.75,741.87,742.55,21736.0,334.0,742.313221
2026-06-12 11:45:00+00:00,742.64,742.69,742.34,742.34,28957.0,447.0,742.564474
2026-06-12 11:50:00+00:00,742.34,743.11,742.3,743.05,38206.0,493.0,742.89956
2026-06-12 11:55:00+00:00,742.96,743.03,742.56,742.6894,7470.0,236.0,742.866407
2026-06-12 12:00:00+00:00,742.72,742.8,741.8,741.95,17274.0,428.0,742.218327
2026-06-12 12:05:00+00:00,742.13,742.24,741.57,741.97,52065.0,450.0,742.001416
2026-06-12 12:10:00+00:00,742.04,742.07,741.67,741.78,35790.0,300.0,741.881146
2026-06-12 12:15:00+00:00,741.73,741.98,741.41,741.7,20678.0,412.0,741.741894
2026-06-12 12:20:00+00:00,741.6991,741.75,741.02,741.02,30200.0,397.0,741.421241
2026-06-12 12:25:00+00:00,741.09,741.16,740.86,740.89,27665.0,436.0,741.010974
2026-06-12 12:30:00+00:00,740.84,741.11,740.5515,740.82,12394.0,352.0,740.854626
2026-06-12 12:35:00+00:00,740.8,741.08,739.91,740.01,32649.0,617.0,740.346605
2026-06-12 12:40:00+00:00,740.09,740.48,739.65,739.82,36582.0,692.0,740.143734
2026-06-12 12:45:00+00:00,739.82,740.04,739.47,739.99,56486.0,633.0,739.715325
2026-06-12 12:50:00+00:00,739.95,740.2,738.91,738.96,62711.0,759.0,739.762177
2026-06-12 12:55:00+00:00,739.08,739.3,738.55,738.85,84616.0,978.0,738.848002
2026-06-12 13:00:00+00:00,738.86,739.11,738.11,739.08,110011.0,1200.0,738.682053
2026-06-12 13:05:00+00:00,739.079,739.68,739.02,739.57,29612.0,559.0,739.303776
2026-06-12 13:10:00+00:00,739.61,739.91,739.25,739.9,33485.0,575.0,739.4648
2026-06-12 13:15:00+00:00,739.87,740.1,739.6933,740.0213,18141.0,497.0,739.873527
2026-06-12 13:20:00+00:00,740.05,740.33,739.89,739.93,31828.0,599.0,740.06423
2026-06-12 13:25:00+00:00,740.01,740.78,739.97,740.78,94140.0,1117.0,740.34921
2026-06-12 13:30:00+00:00,740.77,740.89,737.96,738.5,1554302.0,25798.0,739.424385
2026-06-12 13:35:00+00:00,738.53,739.43,738.345,739.24,919628.0,14815.0,738.95564
2026-06-12 13:40:00+00:00,739.24,739.33,735.79,735.89,1803254.0,31938.0,737.142819
2026-06-12 13:45:00+00:00,735.93,736.66,735.03,735.64,752489.0,13681.0,735.756462
2026-06-12 13:50:00+00:00,735.655,736.625,735.22,736.11,523403.0,10463.0,735.881077
2026-06-12 13:55:00+00:00,736.13,737.42,735.9,736.62,484696.0,9862.0,736.779701
2026-06-12 14:00:00+00:00,736.78,739.11,736.52,738.78,723498.0,14490.0,738.099982
2026-06-12 14:05:00+00:00,738.79,740.25,738.32,740.21,640984.0,11929.0,739.613496
2026-06-12 14:10:00+00:00,740.19,740.54,738.79,739.31,514346.0,10860.0,739.745466
2026-06-12 14:15:00+00:00,739.31,741.15,739.29,740.32,1015824.0,11431.0,740.371361
2026-06-12 14:20:00+00:00,740.35,740.8199,738.913,739.16,462795.0,10862.0,739.688819
2026-06-12 14:25:00+00:00,739.16,740.2,739.14,739.59,298552.0,7997.0,739.855951
2026-06-12 14:30:00+00:00,739.59,740.7,739.26,739.78,359302.0,9004.0,739.929059
2026-06-12 14:35:00+00:00,739.76,741.2,739.73,740.41,571713.0,11695.0,740.461403
2026-06-12 14:40:00+00:00,740.43,740.45,737.9301,738.0001,451268.0,17886.0,738.992943
2026-06-12 14:45:00+00:00,737.99,738.693,737.17,737.45,581735.0,10767.0,737.654011
2026-06-12 14:50:00+00:00,737.46,741.75,737.4,741.68,1354179.0,25793.0,739.830871
2026-06-12 14:55:00+00:00,741.63,742.72,740.81,742.36,751881.0,15443.0,741.898827
2026-06-12 15:00:00+00:00,742.39,742.98,741.64,742.12,519404.0,11684.0,742.478445
2026-06-12 15:05:00+00:00,742.09,742.88,741.93,742.445,334404.0,8562.0,742.432887
2026-06-12 15:10:00+00:00,742.45,743.39,742.18,743.15,466967.0,10600.0,742.738706
2026-06-12 15:15:00+00:00,743.15,743.68,742.58,743.63,380151.0,8972.0,743.152631
2026-06-12 15:20:00+00:00,743.64,744.44,743.235,744.27,582161.0,10790.0,743.765879
2026-06-12 15:25:00+00:00,744.26,744.43,743.75,744.15,389339.0,9695.0,744.109019
2026-06-12 15:30:00+00:00,744.16,744.19,742.74,742.74,717403.0,14451.0,743.355565
2026-06-12 15:35:00+00:00,742.73,743.82,741.305,741.93,755123.0,17030.0,742.477776
2026-06-12 15:40:00+00:00,741.95,742.07,740.77,740.96,480972.0,10031.0,741.415138
2026-06-12 15:45:00+00:00,740.99,741.8899,739.4,739.54,672520.0,13226.0,740.688828
2026-06-12 15:50:00+00:00,739.53,741.27,739.17,740.92,633543.0,12391.0,740.180636
2026-06-12 15:55:00+00:00,740.91,740.9911,738.44,738.89,1664334.0,11170.0,739.693746
2026-06-12 16:00:00+00:00,738.89,739.49,738.17,738.96,926672.0,16792.0,738.873898
2026-06-12 16:05:00+00:00,738.93,739.89,738.44,739.635,519993.0,10780.0,739.123601
2026-06-12 16:10:00+00:00,739.63,742.24,738.96,741.04,1040613.0,19520.0,740.87538
2026-06-12 16:15:00+00:00,741.03,742.19,740.35,740.61,633812.0,13311.0,741.334301
2026-06-12 16:20:00+00:00,740.6,741.14,739.98,740.78,312252.0,7792.0,740.609623
2026-06-12 16:25:00+00:00,740.75,741.23,740.18,740.61,237412.0,5111.0,740.668543
2026-06-12 16:30:00+00:00,740.62,741.15,740.28,741.04,196973.0,4528.0,740.707215
2026-06-12 16:35:00+00:00,741.05,741.17,740.26,740.72,309232.0,5463.0,740.615463
2026-06-12 16:40:00+00:00,740.74,741.48,740.3401,740.52,318812.0,6438.0,740.912743
2026-06-12 16:45:00+00:00,740.54,741.42,740.47,741.38,147478.0,3965.0,740.985458
2026-06-12 16:50:00+00:00,741.37,741.59,740.95,741.08,198582.0,4868.0,741.295709
2026-06-12 16:55:00+00:00,741.09,741.64,740.29,741.56,369221.0,7438.0,740.89353
2026-06-12 17:00:00+00:00,741.58,742.12,741.4499,742.0599,357631.0,5663.0,741.829604
2026-06-12 17:05:00+00:00,742.06,743.0,741.89,742.3,460073.0,9404.0,742.455025
2026-06-12 17:10:00+00:00,742.3,742.39,741.21,742.11,309337.0,7343.0,741.893309
2026-06-12 17:15:00+00:00,742.08,742.61,741.7701,742.51,315201.0,7530.0,742.298705
2026-06-12 17:20:00+00:00,742.5,742.78,742.17,742.4,271143.0,6783.0,742.501245
2026-06-12 17:25:00+00:00,742.41,742.58,741.66,742.09,490019.0,7369.0,742.093164
2026-06-12 17:30:00+00:00,742.12,742.24,741.35,741.45,355158.0,6959.0,741.704094
2026-06-12 17:35:00+00:00,741.446,741.99,741.32,741.73,339065.0,7056.0,741.662751
2026-06-12 17:40:00+00:00,741.71,742.07,741.45,741.7,321225.0,6165.0,741.778891
2026-06-12 17:45:00+00:00,741.69,742.13,741.59,741.8559,304701.0,6848.0,741.873784
2026-06-12 17:50:00+00:00,741.84,742.07,741.67,741.85,253001.0,6716.0,741.862239
2026-06-12 17:55:00+00:00,741.85,741.85,740.87,741.3,403875.0,10430.0,741.173249
2026-06-12 18:00:00+00:00,741.33,741.53,740.92,741.09,397671.0,8883.0,741.197833
2026-06-12 18:05:00+00:00,741.11,741.26,740.52,740.975,422631.0,7332.0,740.853062
2026-06-12 18:10:00+00:00,740.95,742.05,740.88,741.03,535308.0,9357.0,741.54338
2026-06-12 18:15:00+00:00,741.04,741.25,740.44,740.68,486968.0,8217.0,740.82923
2026-06-12 18:20:00+00:00,740.66,740.96,740.42,740.73,311693.0,6375.0,740.665575
2026-06-12 18:25:00+00:00,740.74,741.38,740.5,741.26,378832.0,7209.0,740.991392
2026-06-12 18:30:00+00:00,741.25,741.84,741.2,741.66,412047.0,6956.0,741.569091
2026-06-12 18:35:00+00:00,741.64,741.75,741.42,741.745,349990.0,6888.0,741.604753
2026-06-12 18:40:00+00:00,741.75,742.335,741.75,742.22,408597.0,7972.0,742.091818
2026-06-12 18:45:00+00:00,742.23,742.3,741.76,741.97,356952.0,7331.0,741.99619
2026-06-12 18:50:00+00:00,741.97,742.16,741.48,742.05,507595.0,9356.0,741.769445
2026-06-12 18:55:00+00:00,742.05,742.06,740.96,741.01,520192.0,9994.0,741.567646
2026-06-12 19:00:00+00:00,740.99,742.05,740.95,741.96,634928.0,9197.0,741.563616
2026-06-12 19:05:00+00:00,741.96,742.21,741.57,741.775,424686.0,8646.0,741.847359
2026-06-12 19:10:00+00:00,741.785,741.84,741.25,741.39,517998.0,8563.0,741.493754
2026-06-12 19:15:00+00:00,741.39,741.68,740.98,741.67,481306.0,9232.0,741.324265
2026-06-12 19:20:00+00:00,741.65,741.73,741.39,741.63,374119.0,8553.0,741.554859
2026-06-12 19:25:00+00:00,741.61,741.97,741.34,741.42,470469.0,10246.0,741.703623
2026-06-12 19:30:00+00:00,741.41,741.6,740.5,740.53,788229.0,12832.0,740.962833
2026-06-12 19:35:00+00:00,740.53,741.79,740.07,740.62,863469.0,15459.0,740.764853
2026-06-12 19:40:00+00:00,740.63,741.19,740.4,740.82,618293.0,10268.0,740.791447
2026-06-12 19:45:00+00:00,740.81,741.12,740.48,740.91,721494.0,15521.0,740.742816
2026-06-12 19:50:00+00:00,740.92,741.28,740.7801,741.25,1148881.0,18684.0,741.037059
2026-06-12 19:55:00+00:00,741.23,742.0,741.21,741.63,2263030.0,29482.0,741.68147
2026-06-12 20:00:00+00:00,741.64,742.2,741.55,742.04,3095040.0,2146.0,741.764322
2026-06-12 20:05:00+00:00,742.0,742.28,741.87,742.11,2180022.0,1592.0,742.012429
2026-06-12 20:10:00+00:00,742.16,742.52,742.09,742.49,2931602.0,1168.0,742.308713
2026-06-12 20:15:00+00:00,742.54,742.74,742.47,742.67,84998.0,554.0,742.597841
2026-06-12 20:20:00+00:00,742.68,742.7126,742.36,742.3893,90639.0,298.0,742.591995
2026-06-12 20:25:00+00:00,742.36,742.48,742.26,742.2926,129113.0,492.0,742.32307
2026-06-12 20:30:00+00:00,742.29,742.4,742.25,742.36,35138.0,329.0,742.333367
2026-06-12 20:35:00+00:00,742.3852,742.39,742.14,742.26,151149.0,210.0,742.279691
2026-06-12 20:40:00+00:00,742.31,742.56,742.14,742.14,11521.0,168.0,742.444407
2026-06-12 20:45:00+00:00,742.1,742.1984,742.04,742.073,37665.0,219.0,742.126221
2026-06-12 20:50:00+00:00,742.03,742.06,741.92,741.928,40124.0,199.0,742.00329
2026-06-12 20:55:00+00:00,741.97,742.05,741.913,741.92,685216.0,105.0,741.990838
2026-06-12 21:00:00+00:00,742.04,742.05,741.9,742.05,60470.0,93.0,741.93734
2026-06-12 21:05:00+00:00,742.05,742.2,742.05,742.1,1206.0,77.0,742.167165
2026-06-12 21:10:00+00:00,742.1099,742.15,742.0171,742.1,639051.0,112.0,742.128914
2026-06-12 21:15:00+00:00,742.14,742.15,742.0139,742.0139,1042.0,84.0,742.080426
2026-06-12 21:20:00+00:00,742.01,742.1,742.01,742.1,5240.0,71.0,742.079023
2026-06-12 21:25:00+00:00,742.1,742.1,741.75,742.0986,158929.0,69.0,741.753029
2026-06-12 21:30:00+00:00,742.1,742.2,742.1,742.2,3241.0,92.0,742.164885
2026-06-12 21:35:00+00:00,742.19,742.2,742.19,742.2,3706.0,39.0,742.199462
2026-06-12 21:40:00+00:00,742.2,742.2,742.12,742.1883,539.0,43.0,742.160169
2026-06-12 21:45:00+00:00,742.19,742.2,742.01,742.06,9094.0,94.0,742.125065
2026-06-12 21:50:00+00:00,742.1998,742.2,742.19,742.2,337.0,17.0,742.195732
2026-06-12 21:55:00+00:00,742.0974,742.2,742.06,742.14,2520.0,92.0,742.13261
2026-06-12 22:00:00+00:00,742.19,742.2,742.1231,742.1231,3829.0,38.0,742.197266
2026-06-12 22:05:00+00:00,742.139,742.14,742.139,742.14,771.0,73.0,742.139847
2026-06-12 22:10:00+00:00,742.2,742.2,742.0,742.13,3946.0,102.0,742.038298
2026-06-12 22:15:00+00:00,742.1105,742.1168,742.0,742.0,2077.0,57.0,742.03071
2026-06-12 22:20:00+00:00,742.0,742.0,741.95,742.0,25110.0,612.0,741.977898
2026-06-12 22:25:00+00:00,742.09,742.11,742.05,742.05,12916.0,299.0,742.055837
2026-06-12 22:30:00+00:00,742.11,742.11,742.0,742.01,12731.0,361.0,742.010757
2026-06-12 22:35:00+00:00,742.13,742.18,742.08,742.18,751.0,30.0,742.098497
2026-06-12 22:40:00+00:00,742.18,742.21,742.0,742.11,11774.0,146.0,742.154322
2026-06-12 22:45:00+00:00,742.19,742.31,742.16,742.3,15396.0,116.0,742.28154
2026-06-12 22:50:00+00:00,742.17,742.39,742.17,742.37,2714.0,85.0,742.287196
2026-06-12 22:55:00+00:00,742.37,742.39,742.3031,742.32,3173.0,62.0,742.334124
2026-06-12 23:00:00+00:00,742.32,742.39,742.32,742.39,1542.0,74.0,742.354501
2026-06-12 23:05:00+00:00,742.4,742.49,742.26,742.49,27113.0,218.0,742.434508
2026-06-12 23:10:00+00:00,742.29,742.31,742.29,742.29,431.0,58.0,742.295049
2026-06-12 23:15:00+00:00,742.29,742.3,742.29,742.29,1793.0,55.0,742.290314
2026-06-12 23:20:00+00:00,742.35,742.4,742.26,742.4,1070.0,75.0,742.339584
2026-06-12 23:25:00+00:00,742.42,742.44,742.32,742.38,677.0,76.0,742.392465
2026-06-12 23:30:00+00:00,742.38,742.4,742.38,742.4,998.0,33.0,742.388764
2026-06-12 23:35:00+00:00,742.38,742.41,742.35,742.41,1176.0,76.0,742.371361
2026-06-12 23:40:00+00:00,742.42,742.42,742.3,742.35,2390.0,73.0,742.374125
2026-06-12 23:45:00+00:00,742.31,742.33,742.28,742.29,2972.0,116.0,742.284803
2026-06-12 23:50:00+00:00,742.4002,742.49,742.2,742.33,7496.0,88.0,742.404329
2026-06-12 23:55:00+00:00,742.49,742.49,742.33,742.45,4517.0,204.0,742.420825
2026-06-15 08:00:00+00:00,750.12,751.5,748.0,750.32,25781.0,1183.0,750.80754
2026-06-15 08:05:00+00:00,750.33,751.51,750.06,750.98,76257.0,2135.0,750.944817
2026-06-15 08:10:00+00:00,751.04,751.15,750.81,750.97,6822.0,188.0,750.970872
2026-06-15 08:15:00+00:00,750.92,751.04,750.65,750.65,4302.0,142.0,750.851531
2026-06-15 08:20:00+00:00,750.71,750.96,750.69,750.96,1698.0,82.0,750.768441
2026-06-15 08:25:00+00:00,750.87,751.33,750.86,751.23,5724.0,155.0,751.084527
2026-06-15 08:30:00+00:00,751.22,751.27,751.0,751.0,1641.0,69.0,751.104303
2026-06-15 08:35:00+00:00,751.01,751.32,751.01,751.27,1517.0,84.0,751.195547
2026-06-15 08:40:00+00:00,751.3,751.3,751.22,751.25,1199.0,78.0,751.246449
2026-06-15 08:45:00+00:00,751.38,751.53,751.18,751.18,2052.0,78.0,751.398186
2026-06-15 08:50:00+00:00,751.25,751.25,750.95,751.09,3683.0,134.0,751.044222
2026-06-15 08:55:00+00:00,751.09,751.12,750.9,751.05,1554.0,50.0,751.029898
2026-06-15 09:00:00+00:00,751.05,751.43,751.05,751.34,1161.0,54.0,751.293507
2026-06-15 09:05:00+00:00,751.42,751.42,751.24,751.24,1553.0,57.0,751.330135
2026-06-15 09:10:00+00:00,751.21,751.21,750.96,751.03,1431.0,68.0,751.103853
2026-06-15 09:15:00+00:00,750.95,751.06,750.87,750.87,12430.0,180.0,750.908895
2026-06-15 09:20:00+00:00,750.8,750.82,750.54,750.75,9518.0,153.0,750.690023
2026-06-15 09:25:00+00:00,750.61,750.62,750.45,750.5,697.0,79.0,750.549698
2026-06-15 09:30:00+00:00,750.48,750.53,750.35,750.35,4101.0,174.0,750.462397
2026-06-15 09:35:00+00:00,750.49,750.49,750.36,750.47,835.0,47.0,750.423006
2026-06-15 09:40:00+00:00,750.5,750.64,750.4,750.4,4393.0,87.0,750.474969
2026-06-15 09:45:00+00:00,750.3,750.44,750.24,750.44,1523.0,115.0,750.357542
2026-06-15 09:50:00+00:00,750.45,750.65,750.45,750.61,2247.0,62.0,750.513488
2026-06-15 09:55:00+00:00,750.6,750.75,750.54,750.7,3930.0,100.0,750.686745
2026-06-15 10:00:00+00:00,750.57,750.8,750.57,750.79,928.0,45.0,750.742613
2026-06-15 10:05:00+00:00,750.8,750.82,750.71,750.8,1307.0,59.0,750.760057
2026-06-15 10:10:00+00:00,750.87,751.0,750.87,750.99,2631.0,92.0,750.905491
2026-06-15 10:15:00+00:00,750.93,750.96,750.7,750.71,2017.0,47.0,750.828542
2026-06-15 10:20:00+00:00,750.68,750.84,750.68,750.84,502.0,22.0,750.816
2026-06-15 10:25:00+00:00,750.94,751.0496,750.91,751.0496,4018.0,78.0,750.968681
2026-06-15 10:30:00+00:00,750.9,750.91,750.77,750.77,622.0,47.0,750.847982
2026-06-15 10:35:00+00:00,750.81,750.9,750.69,750.72,2914.0,69.0,750.775491
2026-06-15 10:40:00+00:00,750.684,750.85,750.684,750.85,596.0,38.0,750.736683
2026-06-15 10:45:00+00:00,751.03,751.03,750.9,751.0,1257.0,66.0,750.969387
2026-06-15 10:50:00+00:00,751.01,751.05,750.93,751.03,1962.0,65.0,750.960018
2026-06-15 10:55:00+00:00,751.07,751.17,751.03,751.17,664.0,41.0,751.097251
2026-06-15 11:00:00+00:00,751.08,751.37,751.0,751.28,20770.0,586.0,751.215073
2026-06-15 11:05:00+00:00,751.28,751.47,751.21,751.45,17375.0,322.0,751.332849
2026-06-15 11:10:00+00:00,751.45,751.73,751.43,751.633,41338.0,601.0,751.579924
2026-06-15 11:15:00+00:00,751.69,751.78,751.5,751.71,28492.0,341.0,751.593829
2026-06-15 11:20:00+00:00,751.73,751.98,751.73,751.96,12603.0,304.0,751.885788
2026-06-15 11:25:00+00:00,751.97,751.97,751.64,751.88,46926.0,480.0,751.76591
2026-06-15 11:30:00+00:00,751.94,752.1,751.55,751.57,37036.0,568.0,751.823631
2026-06-15 11:35:00+00:00,751.57,751.57,751.18,751.45,17139.0,352.0,751.328634
2026-06-15 11:40:00+00:00,751.46,751.63,751.18,751.24,22101.0,367.0,751.447968
2026-06-15 11:45:00+00:00,751.2,751.47,751.0817,751.34,26252.0,371.0,751.330647
2026-06-15 11:50:00+00:00,751.37,751.91,751.33,751.9,44830.0,502.0,751.560615
2026-06-15 11:55:00+00:00,751.82,751.839,751.47,751.47,34392.0,445.0,751.547054
2026-06-15 12:00:00+00:00,751.49,751.6,751.39,751.53,10979.0,222.0,751.493337
2026-06-15 12:05:00+00:00,751.55,751.74,751.37,751.54,45754.0,554.0,751.486064
2026-06-15 12:10:00+00:00,751.5919,751.77,751.42,751.45,39740.0,320.0,751.654805
2026-06-15 12:15:00+00:00,751.5,751.512,750.92,751.0653,23676.0,411.0,751.266584
2026-06-15 12:20:00+00:00,751.1,751.15,750.72,750.8735,36170.0,507.0,750.878313
2026-06-15 12:25:00+00:00,750.82,751.1,750.73,750.7704,20106.0,276.0,750.843231
2026-06-15 12:30:00+00:00,750.86,751.1,750.77,750.93,41082.0,557.0,750.968399
2026-06-15 12:35:00+00:00,750.85,751.07,750.8,751.04,49794.0,396.0,750.970688
2026-06-15 12:40:00+00:00,751.0265,751.4,751.0,751.13,19520.0,323.0,751.141071
2026-06-15 12:45:00+00:00,751.01,751.18,750.7,751.17,27656.0,386.0,751.015195
2026-06-15 12:50:00+00:00,751.17,751.25,750.94,750.99,27625.0,378.0,751.158063
2026-06-15 12:55:00+00:00,751.13,751.4,751.13,751.36,34651.0,403.0,751.323318
2026-06-15 13:00:00+00:00,751.33,751.4,751.2,751.25,6174.0,274.0,751.287261
2026-06-15 13:05:00+00:00,751.22,751.43,751.1,751.4,30767.0,453.0,751.240392
2026-06-15 13:10:00+00:00,751.35,751.64,751.32,751.585,45582.0,759.0,751.485576
2026-06-15 13:15:00+00:00,751.6,751.72,751.48,751.66,44264.0,839.0,751.642614
2026-06-15 13:20:00+00:00,751.69,751.75,751.57,751.75,36642.0,450.0,751.674337
2026-06-15 13:25:00+00:00,751.76,751.98,751.65,751.86,82253.0,1159.0,751.805407
2026-06-15 13:30:00+00:00,751.85,753.06,751.76,752.7,1890890.0,37664.0,752.311334
2026-06-15 13:35:00+00:00,752.7,753.46,752.68,753.0713,970421.0,16822.0,753.156108
2026-06-15 13:40:00+00:00,753.08,753.3,752.57,752.84,736827.0,14058.0,752.932012
2026-06-15 13:45:00+00:00,752.84,753.905,752.83,753.8,798534.0,12703.0,753.443199
2026-06-15 13:50:00+00:00,753.8,754.09,753.59,753.705,584552.0,10727.0,753.897554
2026-06-15 13:55:00+00:00,753.71,754.07,753.22,753.32,597095.0,10477.0,753.667428
2026-06-15 14:00:00+00:00,753.32,753.96,753.072,753.69,635940.0,10337.0,753.529479
2026-06-15 14:05:00+00:00,753.67,753.96,752.92,753.23,430761.0,8829.0,753.422768
2026-06-15 14:10:00+00:00,753.223,753.29,752.51,753.01,470153.0,11014.0,752.99171
2026-06-15 14:15:00+00:00,753.0191,753.36,752.59,753.3,455067.0,9712.0,753.054444
2026-06-15 14:20:00+00:00,753.25,753.47,752.65,753.0196,391705.0,9743.0,753.146396
2026-06-15 14:25:00+00:00,752.99,753.72,752.97,753.65,399202.0,10077.0,753.419412
2026-06-15 14:30:00+00:00,753.65,753.74,752.95,753.2,411888.0,10070.0,753.360634
2026-06-15 14:35:00+00:00,753.22,753.55,753.04,753.39,257549.0,7805.0,753.292541
2026-06-15 14:40:00+00:00,753.39,753.45,753.09,753.32,255464.0,6642.0,753.277911
2026-06-15 14:45:00+00:00,753.32,753.85,753.3,753.515,558468.0,8379.0,753.566238
2026-06-15 14:50:00+00:00,753.53,754.03,753.52,753.93,343367.0,8192.0,753.870424
2026-06-15 14:55:00+00:00,753.92,754.39,753.78,754.1922,605705.0,10668.0,754.088514
2026-06-15 15:00:00+00:00,754.2,754.77,754.2,754.63,399812.0,9367.0,754.516141
2026-06-15 15:05:00+00:00,754.62,754.76,754.36,754.69,469778.0,10415.0,754.581628
2026-06-15 15:10:00+00:00,754.685,754.77,754.37,754.67,456427.0,9324.0,754.599401
2026-06-15 15:15:00+00:00,754.67,754.8,754.47,754.58,407897.0,8928.0,754.606571
2026-06-15 15:20:00+00:00,754.6,755.02,754.57,754.82,316180.0,7947.0,754.861384
2026-06-15 15:25:00+00:00,754.83,755.23,754.795,755.14,302530.0,7289.0,754.964911
2026-06-15 15:30:00+00:00,755.12,755.43,754.5,754.8581,826989.0,11400.0,755.161889
2026-06-15 15:35:00+00:00,754.87,755.37,754.838,755.25,354335.0,8554.0,755.081401
2026-06-15 15:40:00+00:00,755.25,755.54,755.12,755.43,368926.0,8793.0,755.335727
2026-06-15 15:45:00+00:00,755.44,756.05,755.425,755.9901,444909.0,8918.0,755.673601
2026-06-15 15:50:00+00:00,755.99,756.15,755.865,756.015,383772.0,8900.0,756.007959
2026-06-15 15:55:00+00:00,756.0111,756.28,755.88,756.14,258111.0,7180.0,756.085593
2026-06-15 16:00:00+00:00,756.155,756.68,756.0,756.4101,487445.0,10596.0,756.396732
2026-06-15 16:05:00+00:00,756.42,756.485,756.22,756.29,260584.0,7330.0,756.329956
2026-06-15 16:10:00+00:00,756.3,756.48,756.03,756.155,353434.0,7267.0,756.252989
2026-06-15 16:15:00+00:00,756.16,756.305,755.92,756.13,352021.0,7513.0,756.077838
2026-06-15 16:20:00+00:00,756.13,756.475,756.11,756.44,434948.0,5612.0,756.335724
2026-06-15 16:25:00+00:00,756.43,756.56,756.2436,756.5,364190.0,6194.0,756.431551
2026-06-15 16:30:00+00:00,756.48,756.62,756.1706,756.2,203143.0,5615.0,756.405476
2026-06-15 16:35:00+00:00,756.18,756.35,755.825,755.93,391329.0,4702.0,756.045386
2026-06-15 16:40:00+00:00,755.92,756.25,755.76,755.91,228477.0,4704.0,756.009089
2026-06-15 16:45:00+00:00,755.9199,755.9399,755.525,755.69,259452.0,4941.0,755.69389
2026-06-15 16:50:00+00:00,755.69,755.96,755.66,755.705,284058.0,4957.0,755.765116
2026-06-15 16:55:00+00:00,755.72,755.97,755.59,755.85,490806.0,5750.0,755.737496
2026-06-15 17:00:00+00:00,755.84,756.04,755.3,755.82,409262.0,7020.0,755.694157
2026-06-15 17:05:00+00:00,755.8,755.97,755.09,755.4074,416425.0,7559.0,755.549212
2026-06-15 17:10:00+00:00,755.38,755.9,755.335,755.79,387025.0,5236.0,755.659959
2026-06-15 17:15:00+00:00,755.78,756.2,755.7,755.985,284867.0,5728.0,756.021611
2026-06-15 17:20:00+00:00,755.99,756.28,755.88,756.18,371713.0,4474.0,756.140372
2026-06-15 17:25:00+00:00,756.16,756.35,756.025,756.13,272920.0,4983.0,756.178192
2026-06-15 17:30:00+00:00,756.12,756.3,755.7,755.91,377834.0,6067.0,755.94759
2026-06-15 17:35:00+00:00,755.91,756.17,755.8966,756.02,232766.0,5595.0,756.050695
2026-06-15 17:40:00+00:00,756.02,756.04,755.7,755.77,180116.0,4443.0,755.849228
2026-06-15 17:45:00+00:00,755.752,755.85,755.58,755.76,211318.0,4202.0,755.712366
2026-06-15 17:50:00+00:00,755.76,755.84,755.42,755.42,218834.0,5027.0,755.609208
2026-06-15 17:55:00+00:00,755.41,755.45,755.07,755.205,331713.0,5752.0,755.216348
2026-06-15 18:00:00+00:00,755.21,755.34,754.675,754.8,518098.0,8719.0,754.895421
2026-06-15 18:05:00+00:00,754.8,755.18,754.67,755.02,340008.0,6712.0,754.893658
2026-06-15 18:10:00+00:00,755.02,755.25,754.96,755.19,400943.0,14715.0,755.095655
2026-06-15 18:15:00+00:00,755.19,755.39,755.07,755.12,234782.0,5445.0,755.210579
2026-06-15 18:20:00+00:00,755.1,755.16,754.9,754.97,291484.0,5439.0,755.032259
2026-06-15 18:25:00+00:00,754.955,755.09,754.65,754.72,250728.0,5273.0,754.911532
2026-06-15 18:30:00+00:00,754.72,754.99,754.42,754.82,412700.0,6409.0,754.760707
2026-06-15 18:35:00+00:00,754.83,755.28,754.75,755.2,685792.0,5697.0,755.014019
2026-06-15 18:40:00+00:00,755.21,755.33,755.02,755.25,313829.0,5346.0,755.192298
2026-06-15 18:45:00+00:00,755.25,755.47,755.13,755.22,477126.0,5866.0,755.283739
2026-06-15 18:50:00+00:00,755.21,755.2971,755.03,755.15,312542.0,5153.0,755.173466
2026-06-15 18:55:00+00:00,755.15,755.265,754.88,755.0,371090.0,5547.0,755.090558
2026-06-15 19:00:00+00:00,755.01,755.04,754.73,754.805,587591.0,7749.0,754.881094
2026-06-15 19:05:00+00:00,754.81,754.96,754.7,754.84,620497.0,6574.0,754.831216
2026-06-15 19:10:00+00:00,754.84,755.11,754.7,755.01,658619.0,6766.0,754.944234
2026-06-15 19:15:00+00:00,755.02,755.25,754.89,754.96,374429.0,6322.0,755.085788
2026-06-15 19:20:00+00:00,754.97,755.03,754.61,754.67,881415.0,8775.0,754.788219
2026-06-15 19:25:00+00:00,754.685,754.77,754.36,754.37,1000588.0,7538.0,754.582704
2026-06-15 19:30:00+00:00,754.37,754.68,754.2,754.3001,933125.0,11118.0,754.493694
2026-06-15 19:35:00+00:00,754.31,754.43,754.13,754.37,831739.0,12778.0,754.302696
2026-06-15 19:40:00+00:00,754.36,754.53,754.23,754.41,857247.0,10081.0,754.3968
2026-06-15 19:45:00+00:00,754.4,754.94,754.34,754.7,1739150.0,17235.0,754.644216
2026-06-15 19:50:00+00:00,754.69,754.71,753.79,753.905,3123280.0,27817.0,754.002686
2026-06-15 19:55:00+00:00,753.91,754.77,753.4,754.66,4215885.0,41067.0,753.873179
2026-06-15 20:00:00+00:00,754.64,754.9,754.54,754.64,2638589.0,1961.0,754.809412
2026-06-15 20:05:00+00:00,754.6,754.62,754.3147,754.58,1829008.0,1191.0,754.371659
2026-06-15 20:10:00+00:00,754.58,754.62,754.36,754.53,8473116.0,737.0,754.494466
2026-06-15 20:15:00+00:00,754.55,754.56,754.31,754.5,316945.0,879.0,754.450902
2026-06-15 20:20:00+00:00,754.5,754.55,754.18,754.2,30686.0,336.0,754.377452
2026-06-15 20:25:00+00:00,754.18,754.36,754.18,754.28,29644.0,231.0,754.25429
2026-06-15 20:30:00+00:00,754.2617,754.54,754.2617,754.53,113639.0,630.0,754.437724
2026-06-15 20:35:00+00:00,754.53,754.58,754.51,754.54,317449.0,1433.0,754.546283
2026-06-15 20:40:00+00:00,754.52,754.57,754.4,754.44,325896.0,1397.0,754.509233
2026-06-15 20:45:00+00:00,754.45,754.69,754.42,754.59,199181.0,882.0,754.588992
2026-06-15 20:50:00+00:00,754.55,754.57,754.3003,754.47,79667.0,509.0,754.500601
2026-06-15 20:55:00+00:00,754.48,754.49,754.2201,754.29,7228.0,183.0,754.335328
2026-06-15 21:00:00+00:00,754.288,754.44,754.26,754.41,242973.0,109.0,754.370944
2026-06-15 21:05:00+00:00,754.4,754.4,754.34,754.34,4587.0,115.0,754.366479
2026-06-15 21:10:00+00:00,754.32,754.42,754.3,754.3,2041.0,72.0,754.372367
2026-06-15 21:15:00+00:00,754.4,754.44,754.33,754.4383,3373.0,67.0,754.389411
2026-06-15 21:20:00+00:00,754.44,754.54,754.44,754.46,4241.0,127.0,754.469485
2026-06-15 21:25:00+00:00,754.46,754.66,754.4,754.66,20258.0,122.0,754.516978
2026-06-15 21:30:00+00:00,754.6,754.8,754.52,754.66,11548.0,134.0,754.656307
2026-06-15 21:35:00+00:00,754.7,754.7,754.67,754.68,1306.0,59.0,754.692997
2026-06-15 21:40:00+00:00,754.65,754.77,754.6,754.61,163713.0,106.0,754.689686
2026-06-15 21:45:00+00:00,754.7,754.7,754.6102,754.6361,940.0,73.0,754.66393
2026-06-15 21:50:00+00:00,754.66,754.75,754.6343,754.64,1543.0,67.0,754.665243
2026-06-15 21:55:00+00:00,754.635,754.65,754.55,754.55,36577.0,373.0,754.578175
2026-06-15 22:00:00+00:00,754.51,754.71,754.32,754.37,24823.0,286.0,754.529766
2026-06-15 22:05:00+00:00,754.31,754.47,754.13,754.4119,10256.0,204.0,754.210371
2026-06-15 22:10:00+00:00,754.4017,754.4017,753.73,753.94,13239.0,327.0,754.022486
2026-06-15 22:15:00+00:00,753.94,753.9497,753.53,753.53,19379.0,179.0,753.853259
2026-06-15 22:20:00+00:00,753.58,753.68,753.37,753.4,10797.0,173.0,753.541494
2026-06-15 22:25:00+00:00,753.34,753.59,753.08,753.58,17672.0,268.0,753.382492
2026-06-15 22:30:00+00:00,753.52,753.71,753.4911,753.56,3963.0,126.0,753.597177
2026-06-15 22:35:00+00:00,753.65,753.66,753.45,753.45,3313.0,71.0,753.571358
2026-06-15 22:40:00+00:00,753.45,753.5,753.36,753.5,3046.0,75.0,753.454287
2026-06-15 22:45:00+00:00,753.46,753.55,753.42,753.42,19063.0,146.0,753.469273
2026-06-15 22:50:00+00:00,753.4,753.67,753.35,753.35,51420.0,466.0,753.517429
2026-06-15 22:55:00+00:00,753.5258,753.6,753.5258,753.5599,891.0,42.0,753.56068
2026-06-15 23:00:00+00:00,753.54,753.6,753.4,753.48,2069.0,84.0,753.517663
2026-06-15 23:05:00+00:00,753.31,753.58,753.31,753.42,3855.0,103.0,753.396464
2026-06-15 23:10:00+00:00,753.44,753.52,753.34,753.39,1241.0,67.0,753.399683
2026-06-15 23:15:00+00:00,753.39,753.44,753.32,753.33,929.0,67.0,753.363483
2026-06-15 23:20:00+00:00,753.48,753.69,753.45,753.68,9637.0,118.0,753.616802
2026-06-15 23:25:00+00:00,753.75,753.95,753.6834,753.93,7012.0,137.0,753.827562
2026-06-15 23:30:00+00:00,753.9,753.92,753.58,753.59,5688.0,97.0,753.73003
2026-06-15 23:35:00+00:00,753.7,753.7,753.53,753.53,1536.0,49.0,753.60936
2026-06-15 23:40:00+00:00,753.63,753.63,753.5101,753.62,5266.0,95.0,753.601634
2026-06-15 23:45:00+00:00,753.7695,753.85,753.71,753.8,5281.0,81.0,753.764621
2026-06-15 23:50:00+00:00,753.74,753.93,753.61,753.92,1485.0,67.0,753.810701
2026-06-15 23:55:00+00:00,753.9,753.95,753.7,753.9,4774.0,114.0,753.867105
